Tahun;Kode_Skpd;Nama_Skpd;Kode_Subunit;Nama_Subunit;Kode_Subgiat;Nama_Subgiat;Kode_Rekening;Nama_Rekening;Anggaran;Realisasi
2026;1.05.0.00.0.00.02.0000;BADAN PENANGGULANGAN BENCANA DAERAH;1.05.0.00.0.00.02.0000;BADAN PENANGGULANGAN BENCANA DAERAH;1.05.01.2.01.0001;Penyusunan Dokumen Perencanaan Perangkat Daerah;5.1.02.01.001.00052;Belanja Makanan dan Minuman Rapat;1000000;0
2026;1.05.0.00.0.00.02.0000;BADAN PENANGGULANGAN BENCANA DAERAH;1.05.0.00.0.00.02.0000;BADAN PENANGGULANGAN BENCANA DAERAH;1.05.01.2.01.0002;Koordinasi dan Penyusunan Dokumen RKA-SKPD;5.1.02.01.001.00052;Belanja Makanan dan Minuman Rapat;1000000;0
2026;1.05.0.00.0.00.02.0000;BADAN PENANGGULANGAN BENCANA DAERAH;1.05.0.00.0.00.02.0000;BADAN PENANGGULANGAN BENCANA DAERAH;1.05.01.2.01.0006;Koordinasi dan Penyusunan Laporan Capaian Kinerja dan Ikhtisar Realisasi Kinerja SKPD;5.1.02.01.001.00052;Belanja Makanan dan Minuman Rapat;1000000;0
2026;1.05.0.00.0.00.02.0000;BADAN PENANGGULANGAN BENCANA DAERAH;1.05.0.00.0.00.02.0000;BADAN PENANGGULANGAN BENCANA DAERAH;1.05.01.2.01.0007;Evaluasi Kinerja Perangkat Daerah;5.1.02.01.001.00052;Belanja Makanan dan Minuman Rapat;1000000;0
2026;1.05.0.00.0.00.02.0000;BADAN PENANGGULANGAN BENCANA DAERAH;1.05.0.00.0.00.02.0000;BADAN PENANGGULANGAN BENCANA DAERAH;1.05.01.2.02.0001;Penyediaan Gaji dan Tunjangan ASN;5.1.01.01.001.00001;Belanja Gaji Pokok PNS;1218170771;710506650
2026;1.05.0.00.0.00.02.0000;BADAN PENANGGULANGAN BENCANA DAERAH;1.05.0.00.0.00.02.0000;BADAN PENANGGULANGAN BENCANA DAERAH;1.05.01.2.02.0001;Penyediaan Gaji dan Tunjangan ASN;5.1.01.01.001.00002;Belanja Gaji Pokok PPPK;1183474000;672671148
2026;1.05.0.00.0.00.02.0000;BADAN PENANGGULANGAN BENCANA DAERAH;1.05.0.00.0.00.02.0000;BADAN PENANGGULANGAN BENCANA DAERAH;1.05.01.2.02.0001;Penyediaan Gaji dan Tunjangan ASN;5.1.01.01.002.00001;Belanja Tunjangan Keluarga PNS;113049451;53783342
2026;1.05.0.00.0.00.02.0000;BADAN PENANGGULANGAN BENCANA DAERAH;1.05.0.00.0.00.02.0000;BADAN PENANGGULANGAN BENCANA DAERAH;1.05.01.2.02.0001;Penyediaan Gaji dan Tunjangan ASN;5.1.01.01.002.00002;Belanja Tunjangan Keluarga PPPK;106375316;60093936
2026;1.05.0.00.0.00.02.0000;BADAN PENANGGULANGAN BENCANA DAERAH;1.05.0.00.0.00.02.0000;BADAN PENANGGULANGAN BENCANA DAERAH;1.05.01.2.02.0001;Penyediaan Gaji dan Tunjangan ASN;5.1.01.01.003.00001;Belanja Tunjangan Jabatan PNS;155051750;72300000
2026;1.05.0.00.0.00.02.0000;BADAN PENANGGULANGAN BENCANA DAERAH;1.05.0.00.0.00.02.0000;BADAN PENANGGULANGAN BENCANA DAERAH;1.05.01.2.02.0001;Penyediaan Gaji dan Tunjangan ASN;5.1.01.01.005.00001;Belanja Tunjangan Fungsional Umum PNS;23673750;14805000
2026;1.05.0.00.0.00.02.0000;BADAN PENANGGULANGAN BENCANA DAERAH;1.05.0.00.0.00.02.0000;BADAN PENANGGULANGAN BENCANA DAERAH;1.05.01.2.02.0001;Penyediaan Gaji dan Tunjangan ASN;5.1.01.01.005.00002;Belanja Tunjangan Fungsional Umum PPPK;78264250;44393328
2026;1.05.0.00.0.00.02.0000;BADAN PENANGGULANGAN BENCANA DAERAH;1.05.0.00.0.00.02.0000;BADAN PENANGGULANGAN BENCANA DAERAH;1.05.01.2.02.0001;Penyediaan Gaji dan Tunjangan ASN;5.1.01.01.006.00001;Belanja Tunjangan Beras PNS;59134551;31864800
2026;1.05.0.00.0.00.02.0000;BADAN PENANGGULANGAN BENCANA DAERAH;1.05.0.00.0.00.02.0000;BADAN PENANGGULANGAN BENCANA DAERAH;1.05.01.2.02.0001;Penyediaan Gaji dan Tunjangan ASN;5.1.01.01.006.00002;Belanja Tunjangan Beras PPPK;85216614;48261895
2026;1.05.0.00.0.00.02.0000;BADAN PENANGGULANGAN BENCANA DAERAH;1.05.0.00.0.00.02.0000;BADAN PENANGGULANGAN BENCANA DAERAH;1.05.01.2.02.0001;Penyediaan Gaji dan Tunjangan ASN;5.1.01.01.007.00001;Belanja Tunjangan PPh/Tunjangan Khusus PNS;17442908;1939206
2026;1.05.0.00.0.00.02.0000;BADAN PENANGGULANGAN BENCANA DAERAH;1.05.0.00.0.00.02.0000;BADAN PENANGGULANGAN BENCANA DAERAH;1.05.01.2.02.0001;Penyediaan Gaji dan Tunjangan ASN;5.1.01.01.008.00001;Belanja Pembulatan Gaji PNS;21183;10723
2026;1.05.0.00.0.00.02.0000;BADAN PENANGGULANGAN BENCANA DAERAH;1.05.0.00.0.00.02.0000;BADAN PENANGGULANGAN BENCANA DAERAH;1.05.01.2.02.0001;Penyediaan Gaji dan Tunjangan ASN;5.1.01.01.008.00002;Belanja Pembulatan Gaji PPPK;26386;14186
2026;1.05.0.00.0.00.02.0000;BADAN PENANGGULANGAN BENCANA DAERAH;1.05.0.00.0.00.02.0000;BADAN PENANGGULANGAN BENCANA DAERAH;1.05.01.2.02.0001;Penyediaan Gaji dan Tunjangan ASN;5.1.01.01.009.00001;Belanja Iuran Jaminan Kesehatan PNS;131155137;37083587
2026;1.05.0.00.0.00.02.0000;BADAN PENANGGULANGAN BENCANA DAERAH;1.05.0.00.0.00.02.0000;BADAN PENANGGULANGAN BENCANA DAERAH;1.05.01.2.02.0001;Penyediaan Gaji dan Tunjangan ASN;5.1.01.01.009.00002;Belanja Iuran Jaminan Kesehatan PPPK;54719650;26682466
2026;1.05.0.00.0.00.02.0000;BADAN PENANGGULANGAN BENCANA DAERAH;1.05.0.00.0.00.02.0000;BADAN PENANGGULANGAN BENCANA DAERAH;1.05.01.2.02.0001;Penyediaan Gaji dan Tunjangan ASN;5.1.01.01.010.00001;Belanja Iuran Jaminan Kecelakaan Kerja PNS;3430296;1335911
2026;1.05.0.00.0.00.02.0000;BADAN PENANGGULANGAN BENCANA DAERAH;1.05.0.00.0.00.02.0000;BADAN PENANGGULANGAN BENCANA DAERAH;1.05.01.2.02.0001;Penyediaan Gaji dan Tunjangan ASN;5.1.01.01.010.00002;Belanja Iuran Jaminan Kecelakaan Kerja PPPK;2931011;1385538
2026;1.05.0.00.0.00.02.0000;BADAN PENANGGULANGAN BENCANA DAERAH;1.05.0.00.0.00.02.0000;BADAN PENANGGULANGAN BENCANA DAERAH;1.05.01.2.02.0001;Penyediaan Gaji dan Tunjangan ASN;5.1.01.01.011.00001;Belanja Iuran Jaminan Kematian PNS;10290893;4007756
2026;1.05.0.00.0.00.02.0000;BADAN PENANGGULANGAN BENCANA DAERAH;1.05.0.00.0.00.02.0000;BADAN PENANGGULANGAN BENCANA DAERAH;1.05.01.2.02.0001;Penyediaan Gaji dan Tunjangan ASN;5.1.01.01.011.00002;Belanja Iuran Jaminan Kematian PPPK;8370502;4156404
2026;1.05.0.00.0.00.02.0000;BADAN PENANGGULANGAN BENCANA DAERAH;1.05.0.00.0.00.02.0000;BADAN PENANGGULANGAN BENCANA DAERAH;1.05.01.2.02.0001;Penyediaan Gaji dan Tunjangan ASN;5.1.01.01.012.00001;Belanja Iuran Simpanan Peserta Tabungan Perumahan Rakyat PNS;6090853;0
2026;1.05.0.00.0.00.02.0000;BADAN PENANGGULANGAN BENCANA DAERAH;1.05.0.00.0.00.02.0000;BADAN PENANGGULANGAN BENCANA DAERAH;1.05.01.2.02.0001;Penyediaan Gaji dan Tunjangan ASN;5.1.01.02.001.00001;Tambahan Penghasilan berdasarkan Beban Kerja PNS;784193679;342599459
2026;1.05.0.00.0.00.02.0000;BADAN PENANGGULANGAN BENCANA DAERAH;1.05.0.00.0.00.02.0000;BADAN PENANGGULANGAN BENCANA DAERAH;1.05.01.2.02.0001;Penyediaan Gaji dan Tunjangan ASN;5.1.01.02.003.00001;Tambahan Penghasilan berdasarkan Kondisi Kerja PNS;30286667;2720000
2026;1.05.0.00.0.00.02.0000;BADAN PENANGGULANGAN BENCANA DAERAH;1.05.0.00.0.00.02.0000;BADAN PENANGGULANGAN BENCANA DAERAH;1.05.01.2.02.0001;Penyediaan Gaji dan Tunjangan ASN;5.1.02.02.001.00080;Belanja Honorarium Penanggungjawaban Pengelola Keuangan;35160000;12835000
2026;1.05.0.00.0.00.02.0000;BADAN PENANGGULANGAN BENCANA DAERAH;1.05.0.00.0.00.02.0000;BADAN PENANGGULANGAN BENCANA DAERAH;1.05.01.2.02.0003;Pelaksanaan Penatausahaan dan Pengujian/Verifikasi Keuangan SKPD;5.1.02.01.001.00052;Belanja Makanan dan Minuman Rapat;1000000;0
2026;1.05.0.00.0.00.02.0000;BADAN PENANGGULANGAN BENCANA DAERAH;1.05.0.00.0.00.02.0000;BADAN PENANGGULANGAN BENCANA DAERAH;1.05.01.2.02.0005;Koordinasi dan Penyusunan Laporan Keuangan Akhir Tahun SKPD;5.1.02.01.001.00052;Belanja Makanan dan Minuman Rapat;1000000;0
2026;1.05.0.00.0.00.02.0000;BADAN PENANGGULANGAN BENCANA DAERAH;1.05.0.00.0.00.02.0000;BADAN PENANGGULANGAN BENCANA DAERAH;1.05.01.2.02.0007;Koordinasi dan Penyusunan Laporan Keuangan Bulanan/ Triwulanan/ Semesteran SKPD;5.1.02.01.001.00052;Belanja Makanan dan Minuman Rapat;1000000;0
2026;1.05.0.00.0.00.02.0000;BADAN PENANGGULANGAN BENCANA DAERAH;1.05.0.00.0.00.02.0000;BADAN PENANGGULANGAN BENCANA DAERAH;1.05.01.2.06.0001;Penyediaan Komponen Instalasi Listrik/Penerangan Bangunan Kantor;5.1.02.01.001.00031;Belanja Alat/Bahan untuk Kegiatan Kantor-Alat Listrik;604000;564435
2026;1.05.0.00.0.00.02.0000;BADAN PENANGGULANGAN BENCANA DAERAH;1.05.0.00.0.00.02.0000;BADAN PENANGGULANGAN BENCANA DAERAH;1.05.01.2.06.0004;Penyediaan Bahan Logistik Kantor;5.1.02.01.001.00024;Belanja Alat/Bahan untuk Kegiatan Kantor-Alat Tulis Kantor;4384650;1400210
2026;1.05.0.00.0.00.02.0000;BADAN PENANGGULANGAN BENCANA DAERAH;1.05.0.00.0.00.02.0000;BADAN PENANGGULANGAN BENCANA DAERAH;1.05.01.2.06.0004;Penyediaan Bahan Logistik Kantor;5.1.02.01.001.00025;Belanja Alat/Bahan untuk Kegiatan Kantor- Kertas dan Cover;6952500;6590625
2026;1.05.0.00.0.00.02.0000;BADAN PENANGGULANGAN BENCANA DAERAH;1.05.0.00.0.00.02.0000;BADAN PENANGGULANGAN BENCANA DAERAH;1.05.01.2.06.0004;Penyediaan Bahan Logistik Kantor;5.1.02.01.001.00027;Belanja Alat/Bahan untuk Kegiatan Kantor-Benda Pos;570000;500000
2026;1.05.0.00.0.00.02.0000;BADAN PENANGGULANGAN BENCANA DAERAH;1.05.0.00.0.00.02.0000;BADAN PENANGGULANGAN BENCANA DAERAH;1.05.01.2.06.0004;Penyediaan Bahan Logistik Kantor;5.1.02.01.001.00029;Belanja Alat/Bahan untuk Kegiatan Kantor-Bahan Komputer;5154200;4447326
2026;1.05.0.00.0.00.02.0000;BADAN PENANGGULANGAN BENCANA DAERAH;1.05.0.00.0.00.02.0000;BADAN PENANGGULANGAN BENCANA DAERAH;1.05.01.2.06.0004;Penyediaan Bahan Logistik Kantor;5.1.02.01.001.00030;Belanja Alat/Bahan untuk Kegiatan Kantor-Perabot Kantor;1476500;1016338
2026;1.05.0.00.0.00.02.0000;BADAN PENANGGULANGAN BENCANA DAERAH;1.05.0.00.0.00.02.0000;BADAN PENANGGULANGAN BENCANA DAERAH;1.05.01.2.06.0009;Penyelenggaraan Rapat Koordinasi dan Konsultasi SKPD;5.1.02.01.001.00004;Belanja Bahan-Bahan Bakar dan Pelumas;0;0
2026;1.05.0.00.0.00.02.0000;BADAN PENANGGULANGAN BENCANA DAERAH;1.05.0.00.0.00.02.0000;BADAN PENANGGULANGAN BENCANA DAERAH;1.05.01.2.06.0009;Penyelenggaraan Rapat Koordinasi dan Konsultasi SKPD;5.1.02.01.001.00053;Belanja Makanan dan Minuman Jamuan Tamu;4179500;0
2026;1.05.0.00.0.00.02.0000;BADAN PENANGGULANGAN BENCANA DAERAH;1.05.0.00.0.00.02.0000;BADAN PENANGGULANGAN BENCANA DAERAH;1.05.01.2.06.0009;Penyelenggaraan Rapat Koordinasi dan Konsultasi SKPD;5.1.02.04.001.00001;Belanja Perjalanan Dinas Biasa;33250000;17916475
2026;1.05.0.00.0.00.02.0000;BADAN PENANGGULANGAN BENCANA DAERAH;1.05.0.00.0.00.02.0000;BADAN PENANGGULANGAN BENCANA DAERAH;1.05.01.2.06.0009;Penyelenggaraan Rapat Koordinasi dan Konsultasi SKPD;5.1.02.04.001.00003;Belanja Perjalanan Dinas Dalam Kota;6048000;418000
2026;1.05.0.00.0.00.02.0000;BADAN PENANGGULANGAN BENCANA DAERAH;1.05.0.00.0.00.02.0000;BADAN PENANGGULANGAN BENCANA DAERAH;1.05.01.2.08.0002;Penyediaan Jasa Komunikasi, Sumber Daya Air dan Listrik;5.1.02.02.001.00059;Belanja Tagihan Telepon;12000000;3318270
2026;1.05.0.00.0.00.02.0000;BADAN PENANGGULANGAN BENCANA DAERAH;1.05.0.00.0.00.02.0000;BADAN PENANGGULANGAN BENCANA DAERAH;1.05.01.2.08.0002;Penyediaan Jasa Komunikasi, Sumber Daya Air dan Listrik;5.1.02.02.001.00060;Belanja Tagihan Air;4800000;2775500
2026;1.05.0.00.0.00.02.0000;BADAN PENANGGULANGAN BENCANA DAERAH;1.05.0.00.0.00.02.0000;BADAN PENANGGULANGAN BENCANA DAERAH;1.05.01.2.08.0002;Penyediaan Jasa Komunikasi, Sumber Daya Air dan Listrik;5.1.02.02.001.00061;Belanja Tagihan Listrik;25741064;13776197
2026;1.05.0.00.0.00.02.0000;BADAN PENANGGULANGAN BENCANA DAERAH;1.05.0.00.0.00.02.0000;BADAN PENANGGULANGAN BENCANA DAERAH;1.05.01.2.08.0004;Penyediaan Jasa Pelayanan Umum Kantor;5.1.02.02.001.00030;Belanja Jasa Tenaga Kebersihan;35930316;18027764
2026;1.05.0.00.0.00.02.0000;BADAN PENANGGULANGAN BENCANA DAERAH;1.05.0.00.0.00.02.0000;BADAN PENANGGULANGAN BENCANA DAERAH;1.05.01.2.08.0004;Penyediaan Jasa Pelayanan Umum Kantor;5.1.02.02.001.00086;Belanja jasa Pegawai Pemerintah dengan Perjanjian Kerja (PPPK) Paruh Waktu pada jabatan tenaga tekni;12300000;6150000
2026;1.05.0.00.0.00.02.0000;BADAN PENANGGULANGAN BENCANA DAERAH;1.05.0.00.0.00.02.0000;BADAN PENANGGULANGAN BENCANA DAERAH;1.05.01.2.08.0004;Penyediaan Jasa Pelayanan Umum Kantor;5.1.02.02.002.00006;Belanja Iuran Jaminan Kecelakaan Kerja bagi Non ASN;61332;0
2026;1.05.0.00.0.00.02.0000;BADAN PENANGGULANGAN BENCANA DAERAH;1.05.0.00.0.00.02.0000;BADAN PENANGGULANGAN BENCANA DAERAH;1.05.01.2.08.0004;Penyediaan Jasa Pelayanan Umum Kantor;5.1.02.02.002.00007;Belanja Iuran Jaminan Kematian bagi Non ASN;76668;0
2026;1.05.0.00.0.00.02.0000;BADAN PENANGGULANGAN BENCANA DAERAH;1.05.0.00.0.00.02.0000;BADAN PENANGGULANGAN BENCANA DAERAH;1.05.01.2.08.0004;Penyediaan Jasa Pelayanan Umum Kantor;5.1.02.02.002.00017;Belanja Iuran Jaminan Kesehatan bagi PPPK Paruh Waktu pada Jabatan Tenaga Teknis;1018544;0
2026;1.05.0.00.0.00.02.0000;BADAN PENANGGULANGAN BENCANA DAERAH;1.05.0.00.0.00.02.0000;BADAN PENANGGULANGAN BENCANA DAERAH;1.05.01.2.09.0002;Penyediaan Jasa Pemeliharaan, Biaya Pemeliharaan, Pajak dan Perizinan Kendaraan Dinas Operasional atau Lapangan;5.1.02.03.002.00035;Belanja Pemeliharaan Alat Angkutan-Alat Angkutan Darat Bermotor-Kendaraan Dinas Bermotor Perorangan;20000000;2590200
2026;1.05.0.00.0.00.02.0000;BADAN PENANGGULANGAN BENCANA DAERAH;1.05.0.00.0.00.02.0000;BADAN PENANGGULANGAN BENCANA DAERAH;1.05.01.2.09.0002;Penyediaan Jasa Pemeliharaan, Biaya Pemeliharaan, Pajak dan Perizinan Kendaraan Dinas Operasional atau Lapangan;5.1.02.03.002.00043;Belanja Pemeliharaan Alat Angkutan-Alat Angkutan Darat Bermotor-Alat Angkutan Darat Bermotor Lainnya;84500000;38070400
2026;1.05.0.00.0.00.02.0000;BADAN PENANGGULANGAN BENCANA DAERAH;1.05.0.00.0.00.02.0000;BADAN PENANGGULANGAN BENCANA DAERAH;1.05.01.2.09.0006;Pemeliharaan Peralatan dan Mesin Lainnya;5.1.02.03.002.00056;Belanja Pemeliharaan Alat Angkutan-Alat Angkutan Apung Tak Bermotor-Alat Angkutan Apung Tak Bermotor;10500000;129000
2026;1.05.0.00.0.00.02.0000;BADAN PENANGGULANGAN BENCANA DAERAH;1.05.0.00.0.00.02.0000;BADAN PENANGGULANGAN BENCANA DAERAH;1.05.01.2.09.0006;Pemeliharaan Peralatan dan Mesin Lainnya;5.1.02.03.002.00064;Belanja Pemeliharaan Alat Bengkel dan Alat Ukur-Alat Bengkel Bermesin-Perkakas Bengkel Kayu;10500000;1229400
2026;1.05.0.00.0.00.02.0000;BADAN PENANGGULANGAN BENCANA DAERAH;1.05.0.00.0.00.02.0000;BADAN PENANGGULANGAN BENCANA DAERAH;1.05.01.2.09.0006;Pemeliharaan Peralatan dan Mesin Lainnya;5.1.02.03.002.00121;Belanja Pemeliharaan Alat Kantor dan Rumah Tangga-Alat Rumah Tangga-Alat Pendingin;5490000;3496500
2026;1.05.0.00.0.00.02.0000;BADAN PENANGGULANGAN BENCANA DAERAH;1.05.0.00.0.00.02.0000;BADAN PENANGGULANGAN BENCANA DAERAH;1.05.01.2.09.0006;Pemeliharaan Peralatan dan Mesin Lainnya;5.1.02.03.002.00411;Belanja Pemeliharaan Komputer-Peralatan Komputer-Peralatan Komputer Lainnya;5600000;4080000
2026;1.05.0.00.0.00.02.0000;BADAN PENANGGULANGAN BENCANA DAERAH;1.05.0.00.0.00.02.0000;BADAN PENANGGULANGAN BENCANA DAERAH;1.05.03.2.01.0007;Sosialisasi, Komunikasi, Informasi dan Edukasi (KIE) Rawan Bencana Kabupaten/Kota (Per Jenis Ancaman Bencana);5.1.02.01.001.00004;Belanja Bahan-Bahan Bakar dan Pelumas;0;0
2026;1.05.0.00.0.00.02.0000;BADAN PENANGGULANGAN BENCANA DAERAH;1.05.0.00.0.00.02.0000;BADAN PENANGGULANGAN BENCANA DAERAH;1.05.03.2.01.0007;Sosialisasi, Komunikasi, Informasi dan Edukasi (KIE) Rawan Bencana Kabupaten/Kota (Per Jenis Ancaman Bencana);5.1.02.01.001.00024;Belanja Alat/Bahan untuk Kegiatan Kantor-Alat Tulis Kantor;36600;36563
2026;1.05.0.00.0.00.02.0000;BADAN PENANGGULANGAN BENCANA DAERAH;1.05.0.00.0.00.02.0000;BADAN PENANGGULANGAN BENCANA DAERAH;1.05.03.2.01.0007;Sosialisasi, Komunikasi, Informasi dan Edukasi (KIE) Rawan Bencana Kabupaten/Kota (Per Jenis Ancaman Bencana);5.1.02.01.001.00025;Belanja Alat/Bahan untuk Kegiatan Kantor- Kertas dan Cover;1164800;863136
2026;1.05.0.00.0.00.02.0000;BADAN PENANGGULANGAN BENCANA DAERAH;1.05.0.00.0.00.02.0000;BADAN PENANGGULANGAN BENCANA DAERAH;1.05.03.2.01.0007;Sosialisasi, Komunikasi, Informasi dan Edukasi (KIE) Rawan Bencana Kabupaten/Kota (Per Jenis Ancaman Bencana);5.1.02.04.001.00001;Belanja Perjalanan Dinas Biasa;5847500;563500
2026;1.05.0.00.0.00.02.0000;BADAN PENANGGULANGAN BENCANA DAERAH;1.05.0.00.0.00.02.0000;BADAN PENANGGULANGAN BENCANA DAERAH;1.05.03.2.01.0007;Sosialisasi, Komunikasi, Informasi dan Edukasi (KIE) Rawan Bencana Kabupaten/Kota (Per Jenis Ancaman Bencana);5.1.02.04.001.00003;Belanja Perjalanan Dinas Dalam Kota;5040000;0
2026;1.05.0.00.0.00.02.0000;BADAN PENANGGULANGAN BENCANA DAERAH;1.05.0.00.0.00.02.0000;BADAN PENANGGULANGAN BENCANA DAERAH;1.05.03.2.02.0015;Penyediaan Peralatan Perlindungan dan Kesiapsiagaan Terhadap Bencana kabupaten/kota;5.1.02.01.001.00032;Belanja Alat/Bahan untuk Kegiatan Kantor-Perlengkapan Dinas;5577900;0
2026;1.05.0.00.0.00.02.0000;BADAN PENANGGULANGAN BENCANA DAERAH;1.05.0.00.0.00.02.0000;BADAN PENANGGULANGAN BENCANA DAERAH;1.05.03.2.02.0015;Penyediaan Peralatan Perlindungan dan Kesiapsiagaan Terhadap Bencana kabupaten/kota;5.2.02.02.004.00003;Belanja Modal Alat Angkutan Apung Tak Bermotor Khusus;47000000;0
2026;1.05.0.00.0.00.02.0000;BADAN PENANGGULANGAN BENCANA DAERAH;1.05.0.00.0.00.02.0000;BADAN PENANGGULANGAN BENCANA DAERAH;1.05.03.2.02.0015;Penyediaan Peralatan Perlindungan dan Kesiapsiagaan Terhadap Bencana kabupaten/kota;5.2.02.03.001.00006;Belanja Modal Perkakas Bengkel Kayu;32000000;0
2026;1.05.0.00.0.00.02.0000;BADAN PENANGGULANGAN BENCANA DAERAH;1.05.0.00.0.00.02.0000;BADAN PENANGGULANGAN BENCANA DAERAH;1.05.03.2.02.0015;Penyediaan Peralatan Perlindungan dan Kesiapsiagaan Terhadap Bencana kabupaten/kota;5.2.02.05.002.00003;Belanja Modal Alat Pembersih;2875000;0
2026;1.05.0.00.0.00.02.0000;BADAN PENANGGULANGAN BENCANA DAERAH;1.05.0.00.0.00.02.0000;BADAN PENANGGULANGAN BENCANA DAERAH;1.05.03.2.02.0015;Penyediaan Peralatan Perlindungan dan Kesiapsiagaan Terhadap Bencana kabupaten/kota;5.2.02.05.002.00006;Belanja Modal Alat Rumah Tangga Lainnya (Home Use);7950000;0
2026;1.05.0.00.0.00.02.0000;BADAN PENANGGULANGAN BENCANA DAERAH;1.05.0.00.0.00.02.0000;BADAN PENANGGULANGAN BENCANA DAERAH;1.05.03.2.02.0015;Penyediaan Peralatan Perlindungan dan Kesiapsiagaan Terhadap Bencana kabupaten/kota;5.2.02.05.002.00007;Belanja Modal Alat Pemadam Kebakaran;7500000;0
2026;1.05.0.00.0.00.02.0000;BADAN PENANGGULANGAN BENCANA DAERAH;1.05.0.00.0.00.02.0000;BADAN PENANGGULANGAN BENCANA DAERAH;1.05.03.2.02.0015;Penyediaan Peralatan Perlindungan dan Kesiapsiagaan Terhadap Bencana kabupaten/kota;5.2.02.17.001.00019;Belanja Modal Transport and Storage Equipment for Liquid;2000000;0
2026;1.05.0.00.0.00.02.0000;BADAN PENANGGULANGAN BENCANA DAERAH;1.05.0.00.0.00.02.0000;BADAN PENANGGULANGAN BENCANA DAERAH;1.05.03.2.02.0018;Gladi Kesiapsiagaan Terhadap Bencana kabupaten/kota;5.1.02.01.001.00024;Belanja Alat/Bahan untuk Kegiatan Kantor-Alat Tulis Kantor;1531800;1249638
2026;1.05.0.00.0.00.02.0000;BADAN PENANGGULANGAN BENCANA DAERAH;1.05.0.00.0.00.02.0000;BADAN PENANGGULANGAN BENCANA DAERAH;1.05.03.2.02.0018;Gladi Kesiapsiagaan Terhadap Bencana kabupaten/kota;5.1.02.01.001.00052;Belanja Makanan dan Minuman Rapat;3830000;0
2026;1.05.0.00.0.00.02.0000;BADAN PENANGGULANGAN BENCANA DAERAH;1.05.0.00.0.00.02.0000;BADAN PENANGGULANGAN BENCANA DAERAH;1.05.03.2.02.0026;Pengendalian Operasi dan Penyediaan Sarana Prasarana Kesiapsiagaan Terhadap Bencana Kabupaten/Kota;5.1.02.01.001.00004;Belanja Bahan-Bahan Bakar dan Pelumas;0;0
2026;1.05.0.00.0.00.02.0000;BADAN PENANGGULANGAN BENCANA DAERAH;1.05.0.00.0.00.02.0000;BADAN PENANGGULANGAN BENCANA DAERAH;1.05.03.2.02.0026;Pengendalian Operasi dan Penyediaan Sarana Prasarana Kesiapsiagaan Terhadap Bencana Kabupaten/Kota;5.1.02.01.001.00024;Belanja Alat/Bahan untuk Kegiatan Kantor-Alat Tulis Kantor;1460000;1458540
2026;1.05.0.00.0.00.02.0000;BADAN PENANGGULANGAN BENCANA DAERAH;1.05.0.00.0.00.02.0000;BADAN PENANGGULANGAN BENCANA DAERAH;1.05.03.2.02.0026;Pengendalian Operasi dan Penyediaan Sarana Prasarana Kesiapsiagaan Terhadap Bencana Kabupaten/Kota;5.1.02.01.001.00052;Belanja Makanan dan Minuman Rapat;2872500;0
2026;1.05.0.00.0.00.02.0000;BADAN PENANGGULANGAN BENCANA DAERAH;1.05.0.00.0.00.02.0000;BADAN PENANGGULANGAN BENCANA DAERAH;1.05.03.2.02.0026;Pengendalian Operasi dan Penyediaan Sarana Prasarana Kesiapsiagaan Terhadap Bencana Kabupaten/Kota;5.1.02.04.001.00003;Belanja Perjalanan Dinas Dalam Kota;504000;0
2026;1.05.0.00.0.00.02.0000;BADAN PENANGGULANGAN BENCANA DAERAH;1.05.0.00.0.00.02.0000;BADAN PENANGGULANGAN BENCANA DAERAH;1.05.03.2.02.0028;Pelatihan Pencegahan dan Mitigasi Bencana Kabupaten/Kota;5.1.02.01.001.00004;Belanja Bahan-Bahan Bakar dan Pelumas;0;0
2026;1.05.0.00.0.00.02.0000;BADAN PENANGGULANGAN BENCANA DAERAH;1.05.0.00.0.00.02.0000;BADAN PENANGGULANGAN BENCANA DAERAH;1.05.03.2.02.0028;Pelatihan Pencegahan dan Mitigasi Bencana Kabupaten/Kota;5.1.02.01.001.00024;Belanja Alat/Bahan untuk Kegiatan Kantor-Alat Tulis Kantor;166500;166500
2026;1.05.0.00.0.00.02.0000;BADAN PENANGGULANGAN BENCANA DAERAH;1.05.0.00.0.00.02.0000;BADAN PENANGGULANGAN BENCANA DAERAH;1.05.03.2.02.0028;Pelatihan Pencegahan dan Mitigasi Bencana Kabupaten/Kota;5.1.02.01.001.00052;Belanja Makanan dan Minuman Rapat;5594400;0
2026;1.05.0.00.0.00.02.0000;BADAN PENANGGULANGAN BENCANA DAERAH;1.05.0.00.0.00.02.0000;BADAN PENANGGULANGAN BENCANA DAERAH;1.05.03.2.02.0028;Pelatihan Pencegahan dan Mitigasi Bencana Kabupaten/Kota;5.1.02.02.001.00003;Honorarium Narasumber atau Pembahas, Moderator, Pembawa Acara, dan Panitia;9990000;0
2026;1.05.0.00.0.00.02.0000;BADAN PENANGGULANGAN BENCANA DAERAH;1.05.0.00.0.00.02.0000;BADAN PENANGGULANGAN BENCANA DAERAH;1.05.03.2.02.0028;Pelatihan Pencegahan dan Mitigasi Bencana Kabupaten/Kota;5.1.02.04.001.00001;Belanja Perjalanan Dinas Biasa;6290000;0
2026;1.05.0.00.0.00.02.0000;BADAN PENANGGULANGAN BENCANA DAERAH;1.05.0.00.0.00.02.0000;BADAN PENANGGULANGAN BENCANA DAERAH;1.05.03.2.02.0028;Pelatihan Pencegahan dan Mitigasi Bencana Kabupaten/Kota;5.1.02.04.001.00003;Belanja Perjalanan Dinas Dalam Kota;5040000;1055200
2026;1.05.0.00.0.00.02.0000;BADAN PENANGGULANGAN BENCANA DAERAH;1.05.0.00.0.00.02.0000;BADAN PENANGGULANGAN BENCANA DAERAH;1.05.03.2.03.0002;Respon Cepat Darurat Bencana Kabupaten/Kota;5.1.02.01.001.00004;Belanja Bahan-Bahan Bakar dan Pelumas;0;0
2026;1.05.0.00.0.00.02.0000;BADAN PENANGGULANGAN BENCANA DAERAH;1.05.0.00.0.00.02.0000;BADAN PENANGGULANGAN BENCANA DAERAH;1.05.03.2.03.0002;Respon Cepat Darurat Bencana Kabupaten/Kota;5.1.02.04.001.00003;Belanja Perjalanan Dinas Dalam Kota;7140000;1422600
2026;1.05.0.00.0.00.02.0000;BADAN PENANGGULANGAN BENCANA DAERAH;1.05.0.00.0.00.02.0000;BADAN PENANGGULANGAN BENCANA DAERAH;1.05.03.2.03.0003;Pencarian, Pertolongan dan Evakuasi Korban Bencana Kabupaten/Kota;5.1.02.01.001.00004;Belanja Bahan-Bahan Bakar dan Pelumas;0;0
2026;1.05.0.00.0.00.02.0000;BADAN PENANGGULANGAN BENCANA DAERAH;1.05.0.00.0.00.02.0000;BADAN PENANGGULANGAN BENCANA DAERAH;1.05.03.2.03.0003;Pencarian, Pertolongan dan Evakuasi Korban Bencana Kabupaten/Kota;5.1.02.01.001.00024;Belanja Alat/Bahan untuk Kegiatan Kantor-Alat Tulis Kantor;317400;276000
2026;1.05.0.00.0.00.02.0000;BADAN PENANGGULANGAN BENCANA DAERAH;1.05.0.00.0.00.02.0000;BADAN PENANGGULANGAN BENCANA DAERAH;1.05.03.2.03.0003;Pencarian, Pertolongan dan Evakuasi Korban Bencana Kabupaten/Kota;5.1.02.01.001.00025;Belanja Alat/Bahan untuk Kegiatan Kantor- Kertas dan Cover;1059200;888000
2026;1.05.0.00.0.00.02.0000;BADAN PENANGGULANGAN BENCANA DAERAH;1.05.0.00.0.00.02.0000;BADAN PENANGGULANGAN BENCANA DAERAH;1.05.03.2.03.0003;Pencarian, Pertolongan dan Evakuasi Korban Bencana Kabupaten/Kota;5.1.02.01.001.00029;Belanja Alat/Bahan untuk Kegiatan Kantor-Bahan Komputer;740000;580000
2026;1.05.0.00.0.00.02.0000;BADAN PENANGGULANGAN BENCANA DAERAH;1.05.0.00.0.00.02.0000;BADAN PENANGGULANGAN BENCANA DAERAH;1.05.03.2.03.0003;Pencarian, Pertolongan dan Evakuasi Korban Bencana Kabupaten/Kota;5.1.02.01.001.00058;Belanja Makanan dan Minuman Aktivitas Lapangan;4500000;0
2026;1.05.0.00.0.00.02.0000;BADAN PENANGGULANGAN BENCANA DAERAH;1.05.0.00.0.00.02.0000;BADAN PENANGGULANGAN BENCANA DAERAH;1.05.03.2.03.0003;Pencarian, Pertolongan dan Evakuasi Korban Bencana Kabupaten/Kota;5.1.02.04.001.00001;Belanja Perjalanan Dinas Biasa;3440000;2020000
2026;1.05.0.00.0.00.02.0000;BADAN PENANGGULANGAN BENCANA DAERAH;1.05.0.00.0.00.02.0000;BADAN PENANGGULANGAN BENCANA DAERAH;1.05.03.2.03.0003;Pencarian, Pertolongan dan Evakuasi Korban Bencana Kabupaten/Kota;5.1.02.04.001.00003;Belanja Perjalanan Dinas Dalam Kota;16800000;3733200
2026;1.05.0.00.0.00.02.0000;BADAN PENANGGULANGAN BENCANA DAERAH;1.05.0.00.0.00.02.0000;BADAN PENANGGULANGAN BENCANA DAERAH;1.05.03.2.03.0009;Penyediaan Logistik Penyelamatan dan Evakuasi Korban Bencana Kabupaten/Kota;5.1.02.01.001.00004;Belanja Bahan-Bahan Bakar dan Pelumas;0;0
2026;1.05.0.00.0.00.02.0000;BADAN PENANGGULANGAN BENCANA DAERAH;1.05.0.00.0.00.02.0000;BADAN PENANGGULANGAN BENCANA DAERAH;1.05.03.2.03.0009;Penyediaan Logistik Penyelamatan dan Evakuasi Korban Bencana Kabupaten/Kota;5.1.02.01.001.00024;Belanja Alat/Bahan untuk Kegiatan Kantor-Alat Tulis Kantor;127000;109000
2026;1.05.0.00.0.00.02.0000;BADAN PENANGGULANGAN BENCANA DAERAH;1.05.0.00.0.00.02.0000;BADAN PENANGGULANGAN BENCANA DAERAH;1.05.03.2.03.0009;Penyediaan Logistik Penyelamatan dan Evakuasi Korban Bencana Kabupaten/Kota;5.1.02.01.001.00025;Belanja Alat/Bahan untuk Kegiatan Kantor- Kertas dan Cover;264800;222000
2026;1.05.0.00.0.00.02.0000;BADAN PENANGGULANGAN BENCANA DAERAH;1.05.0.00.0.00.02.0000;BADAN PENANGGULANGAN BENCANA DAERAH;1.05.03.2.03.0009;Penyediaan Logistik Penyelamatan dan Evakuasi Korban Bencana Kabupaten/Kota;5.1.02.01.001.00029;Belanja Alat/Bahan untuk Kegiatan Kantor-Bahan Komputer;370000;290000
2026;1.05.0.00.0.00.02.0000;BADAN PENANGGULANGAN BENCANA DAERAH;1.05.0.00.0.00.02.0000;BADAN PENANGGULANGAN BENCANA DAERAH;1.05.03.2.03.0009;Penyediaan Logistik Penyelamatan dan Evakuasi Korban Bencana Kabupaten/Kota;5.1.02.01.001.00039;Belanja Barang untuk Dijual/Diserahkan kepada Masyarakat;500000000;75529950
2026;1.05.0.00.0.00.02.0000;BADAN PENANGGULANGAN BENCANA DAERAH;1.05.0.00.0.00.02.0000;BADAN PENANGGULANGAN BENCANA DAERAH;1.05.03.2.03.0009;Penyediaan Logistik Penyelamatan dan Evakuasi Korban Bencana Kabupaten/Kota;5.1.02.04.001.00001;Belanja Perjalanan Dinas Biasa;5160000;850000
2026;1.05.0.00.0.00.02.0000;BADAN PENANGGULANGAN BENCANA DAERAH;1.05.0.00.0.00.02.0000;BADAN PENANGGULANGAN BENCANA DAERAH;1.05.03.2.03.0009;Penyediaan Logistik Penyelamatan dan Evakuasi Korban Bencana Kabupaten/Kota;5.1.02.04.001.00003;Belanja Perjalanan Dinas Dalam Kota;7140000;1410000
2026;1.05.0.00.0.00.02.0000;BADAN PENANGGULANGAN BENCANA DAERAH;1.05.0.00.0.00.02.0000;BADAN PENANGGULANGAN BENCANA DAERAH;1.05.03.2.03.0010;Respon Cepat Bencana Non Alam Epidemi/Wabah Penyakit;5.1.02.01.001.00052;Belanja Makanan dan Minuman Rapat;1250000;0
2026;1.05.0.00.0.00.02.0000;BADAN PENANGGULANGAN BENCANA DAERAH;1.05.0.00.0.00.02.0000;BADAN PENANGGULANGAN BENCANA DAERAH;1.05.03.2.03.0012;Aktivasi Sistem Komando Penanganan Darurat Bencana;5.1.02.01.001.00052;Belanja Makanan dan Minuman Rapat;1250000;0
2026;1.05.0.00.0.00.02.0000;BADAN PENANGGULANGAN BENCANA DAERAH;1.05.0.00.0.00.02.0000;BADAN PENANGGULANGAN BENCANA DAERAH;1.05.03.2.04.0004;Pengelolaan dan Pemanfaatan Sistem Informasi Kebencanaan;5.1.02.01.001.00004;Belanja Bahan-Bahan Bakar dan Pelumas;0;0
2026;1.05.0.00.0.00.02.0000;BADAN PENANGGULANGAN BENCANA DAERAH;1.05.0.00.0.00.02.0000;BADAN PENANGGULANGAN BENCANA DAERAH;1.05.03.2.04.0004;Pengelolaan dan Pemanfaatan Sistem Informasi Kebencanaan;5.1.02.01.001.00024;Belanja Alat/Bahan untuk Kegiatan Kantor-Alat Tulis Kantor;480000;480000
2026;1.05.0.00.0.00.02.0000;BADAN PENANGGULANGAN BENCANA DAERAH;1.05.0.00.0.00.02.0000;BADAN PENANGGULANGAN BENCANA DAERAH;1.05.03.2.04.0004;Pengelolaan dan Pemanfaatan Sistem Informasi Kebencanaan;5.1.02.01.001.00025;Belanja Alat/Bahan untuk Kegiatan Kantor- Kertas dan Cover;244200;52900
2026;1.05.0.00.0.00.02.0000;BADAN PENANGGULANGAN BENCANA DAERAH;1.05.0.00.0.00.02.0000;BADAN PENANGGULANGAN BENCANA DAERAH;1.05.03.2.04.0004;Pengelolaan dan Pemanfaatan Sistem Informasi Kebencanaan;5.1.02.01.001.00029;Belanja Alat/Bahan untuk Kegiatan Kantor-Bahan Komputer;321900;321900
2026;1.05.0.00.0.00.02.0000;BADAN PENANGGULANGAN BENCANA DAERAH;1.05.0.00.0.00.02.0000;BADAN PENANGGULANGAN BENCANA DAERAH;1.05.03.2.04.0004;Pengelolaan dan Pemanfaatan Sistem Informasi Kebencanaan;5.1.02.04.001.00003;Belanja Perjalanan Dinas Dalam Kota;2520000;0
2026;1.05.0.00.0.00.02.0000;BADAN PENANGGULANGAN BENCANA DAERAH;1.05.0.00.0.00.02.0000;BADAN PENANGGULANGAN BENCANA DAERAH;1.05.03.2.04.0010;Koordinasi penanganan Pascabencana Kabupaten/Kota;5.1.02.01.001.00004;Belanja Bahan-Bahan Bakar dan Pelumas;0;0
2026;1.05.0.00.0.00.02.0000;BADAN PENANGGULANGAN BENCANA DAERAH;1.05.0.00.0.00.02.0000;BADAN PENANGGULANGAN BENCANA DAERAH;1.05.03.2.04.0010;Koordinasi penanganan Pascabencana Kabupaten/Kota;5.1.02.01.001.00024;Belanja Alat/Bahan untuk Kegiatan Kantor-Alat Tulis Kantor;1549900;1548000
2026;1.05.0.00.0.00.02.0000;BADAN PENANGGULANGAN BENCANA DAERAH;1.05.0.00.0.00.02.0000;BADAN PENANGGULANGAN BENCANA DAERAH;1.05.03.2.04.0010;Koordinasi penanganan Pascabencana Kabupaten/Kota;5.1.02.01.001.00025;Belanja Alat/Bahan untuk Kegiatan Kantor- Kertas dan Cover;1404500;1123500
2026;1.05.0.00.0.00.02.0000;BADAN PENANGGULANGAN BENCANA DAERAH;1.05.0.00.0.00.02.0000;BADAN PENANGGULANGAN BENCANA DAERAH;1.05.03.2.04.0010;Koordinasi penanganan Pascabencana Kabupaten/Kota;5.1.02.01.001.00029;Belanja Alat/Bahan untuk Kegiatan Kantor-Bahan Komputer;822400;799800
2026;1.05.0.00.0.00.02.0000;BADAN PENANGGULANGAN BENCANA DAERAH;1.05.0.00.0.00.02.0000;BADAN PENANGGULANGAN BENCANA DAERAH;1.05.03.2.04.0010;Koordinasi penanganan Pascabencana Kabupaten/Kota;5.1.02.01.001.00052;Belanja Makanan dan Minuman Rapat;2681000;0
2026;1.05.0.00.0.00.02.0000;BADAN PENANGGULANGAN BENCANA DAERAH;1.05.0.00.0.00.02.0000;BADAN PENANGGULANGAN BENCANA DAERAH;1.05.03.2.04.0010;Koordinasi penanganan Pascabencana Kabupaten/Kota;5.1.02.04.001.00001;Belanja Perjalanan Dinas Biasa;14492500;8350226
2026;1.05.0.00.0.00.02.0000;BADAN PENANGGULANGAN BENCANA DAERAH;1.05.0.00.0.00.02.0000;BADAN PENANGGULANGAN BENCANA DAERAH;1.05.03.2.04.0010;Koordinasi penanganan Pascabencana Kabupaten/Kota;5.1.02.04.001.00003;Belanja Perjalanan Dinas Dalam Kota;420000;0
2026;2.09.3.25.0.00.01.0000;DINAS PANGAN DAN PERIKANAN;2.09.3.25.0.00.01.0000;DINAS PANGAN DAN PERIKANAN;2.09.01.2.01.0001;Penyusunan Dokumen Perencanaan Perangkat Daerah;5.1.02.01.001.00052;Belanja Makanan dan Minuman Rapat;359100;159600
2026;2.09.3.25.0.00.01.0000;DINAS PANGAN DAN PERIKANAN;2.09.3.25.0.00.01.0000;DINAS PANGAN DAN PERIKANAN;2.09.01.2.01.0001;Penyusunan Dokumen Perencanaan Perangkat Daerah;5.1.02.04.001.00001;Belanja Perjalanan Dinas Biasa;2920000;845000
2026;2.09.3.25.0.00.01.0000;DINAS PANGAN DAN PERIKANAN;2.09.3.25.0.00.01.0000;DINAS PANGAN DAN PERIKANAN;2.09.01.2.01.0001;Penyusunan Dokumen Perencanaan Perangkat Daerah;5.1.02.04.001.00003;Belanja Perjalanan Dinas Dalam Kota;1596000;500000
2026;2.09.3.25.0.00.01.0000;DINAS PANGAN DAN PERIKANAN;2.09.3.25.0.00.01.0000;DINAS PANGAN DAN PERIKANAN;2.09.01.2.02.0001;Penyediaan Gaji dan Tunjangan ASN;5.1.01.01.001.00001;Belanja Gaji Pokok PNS;1561066900;981762980
2026;2.09.3.25.0.00.01.0000;DINAS PANGAN DAN PERIKANAN;2.09.3.25.0.00.01.0000;DINAS PANGAN DAN PERIKANAN;2.09.01.2.02.0001;Penyediaan Gaji dan Tunjangan ASN;5.1.01.01.001.00002;Belanja Gaji Pokok PPPK;689917146;391644972
2026;2.09.3.25.0.00.01.0000;DINAS PANGAN DAN PERIKANAN;2.09.3.25.0.00.01.0000;DINAS PANGAN DAN PERIKANAN;2.09.01.2.02.0001;Penyediaan Gaji dan Tunjangan ASN;5.1.01.01.002.00001;Belanja Tunjangan Keluarga PNS;157094013;87917002
2026;2.09.3.25.0.00.01.0000;DINAS PANGAN DAN PERIKANAN;2.09.3.25.0.00.01.0000;DINAS PANGAN DAN PERIKANAN;2.09.01.2.02.0001;Penyediaan Gaji dan Tunjangan ASN;5.1.01.01.002.00002;Belanja Tunjangan Keluarga PPPK;57661859;32683037
2026;2.09.3.25.0.00.01.0000;DINAS PANGAN DAN PERIKANAN;2.09.3.25.0.00.01.0000;DINAS PANGAN DAN PERIKANAN;2.09.01.2.02.0001;Penyediaan Gaji dan Tunjangan ASN;5.1.01.01.003.00001;Belanja Tunjangan Jabatan PNS;140701750;80445000
2026;2.09.3.25.0.00.01.0000;DINAS PANGAN DAN PERIKANAN;2.09.3.25.0.00.01.0000;DINAS PANGAN DAN PERIKANAN;2.09.01.2.02.0001;Penyediaan Gaji dan Tunjangan ASN;5.1.01.01.004.00001;Belanja Tunjangan Fungsional PNS;61992000;38880000
2026;2.09.3.25.0.00.01.0000;DINAS PANGAN DAN PERIKANAN;2.09.3.25.0.00.01.0000;DINAS PANGAN DAN PERIKANAN;2.09.01.2.02.0001;Penyediaan Gaji dan Tunjangan ASN;5.1.01.01.005.00001;Belanja Tunjangan Fungsional Umum PNS;29249000;17415000
2026;2.09.3.25.0.00.01.0000;DINAS PANGAN DAN PERIKANAN;2.09.3.25.0.00.01.0000;DINAS PANGAN DAN PERIKANAN;2.09.01.2.02.0001;Penyediaan Gaji dan Tunjangan ASN;5.1.01.01.005.00002;Belanja Tunjangan Fungsional Umum PPPK;46855520;26521248
2026;2.09.3.25.0.00.01.0000;DINAS PANGAN DAN PERIKANAN;2.09.3.25.0.00.01.0000;DINAS PANGAN DAN PERIKANAN;2.09.01.2.02.0001;Penyediaan Gaji dan Tunjangan ASN;5.1.01.01.006.00001;Belanja Tunjangan Beras PNS;84937797;49390440
2026;2.09.3.25.0.00.01.0000;DINAS PANGAN DAN PERIKANAN;2.09.3.25.0.00.01.0000;DINAS PANGAN DAN PERIKANAN;2.09.01.2.02.0001;Penyediaan Gaji dan Tunjangan ASN;5.1.01.01.006.00002;Belanja Tunjangan Beras PPPK;51961350;29215435
2026;2.09.3.25.0.00.01.0000;DINAS PANGAN DAN PERIKANAN;2.09.3.25.0.00.01.0000;DINAS PANGAN DAN PERIKANAN;2.09.01.2.02.0001;Penyediaan Gaji dan Tunjangan ASN;5.1.01.01.007.00001;Belanja Tunjangan PPh/Tunjangan Khusus PNS;35524004;5779249
2026;2.09.3.25.0.00.01.0000;DINAS PANGAN DAN PERIKANAN;2.09.3.25.0.00.01.0000;DINAS PANGAN DAN PERIKANAN;2.09.01.2.02.0001;Penyediaan Gaji dan Tunjangan ASN;5.1.01.01.008.00001;Belanja Pembulatan Gaji PNS;25572;11565
2026;2.09.3.25.0.00.01.0000;DINAS PANGAN DAN PERIKANAN;2.09.3.25.0.00.01.0000;DINAS PANGAN DAN PERIKANAN;2.09.01.2.02.0001;Penyediaan Gaji dan Tunjangan ASN;5.1.01.01.008.00002;Belanja Pembulatan Gaji PPPK;21246;8477
2026;2.09.3.25.0.00.01.0000;DINAS PANGAN DAN PERIKANAN;2.09.3.25.0.00.01.0000;DINAS PANGAN DAN PERIKANAN;2.09.01.2.02.0001;Penyediaan Gaji dan Tunjangan ASN;5.1.01.01.009.00001;Belanja Iuran Jaminan Kesehatan PNS;141203768;51604199
2026;2.09.3.25.0.00.01.0000;DINAS PANGAN DAN PERIKANAN;2.09.3.25.0.00.01.0000;DINAS PANGAN DAN PERIKANAN;2.09.01.2.02.0001;Penyediaan Gaji dan Tunjangan ASN;5.1.01.01.009.00002;Belanja Iuran Jaminan Kesehatan PPPK;31802495;15491189
2026;2.09.3.25.0.00.01.0000;DINAS PANGAN DAN PERIKANAN;2.09.3.25.0.00.01.0000;DINAS PANGAN DAN PERIKANAN;2.09.01.2.02.0001;Penyediaan Gaji dan Tunjangan ASN;5.1.01.01.010.00001;Belanja Iuran Jaminan Kecelakaan Kerja PNS;3991708;1815076
2026;2.09.3.25.0.00.01.0000;DINAS PANGAN DAN PERIKANAN;2.09.3.25.0.00.01.0000;DINAS PANGAN DAN PERIKANAN;2.09.01.2.02.0001;Penyediaan Gaji dan Tunjangan ASN;5.1.01.01.010.00002;Belanja Iuran Jaminan Kecelakaan Kerja PPPK;1710337;807730
2026;2.09.3.25.0.00.01.0000;DINAS PANGAN DAN PERIKANAN;2.09.3.25.0.00.01.0000;DINAS PANGAN DAN PERIKANAN;2.09.01.2.02.0001;Penyediaan Gaji dan Tunjangan ASN;5.1.01.01.011.00001;Belanja Iuran Jaminan Kematian PNS;11925067;5445220
2026;2.09.3.25.0.00.01.0000;DINAS PANGAN DAN PERIKANAN;2.09.3.25.0.00.01.0000;DINAS PANGAN DAN PERIKANAN;2.09.01.2.02.0001;Penyediaan Gaji dan Tunjangan ASN;5.1.01.01.011.00002;Belanja Iuran Jaminan Kematian PPPK;4923501;2423064
2026;2.09.3.25.0.00.01.0000;DINAS PANGAN DAN PERIKANAN;2.09.3.25.0.00.01.0000;DINAS PANGAN DAN PERIKANAN;2.09.01.2.02.0001;Penyediaan Gaji dan Tunjangan ASN;5.1.01.01.012.00001;Belanja Iuran Simpanan Peserta Tabungan Perumahan Rakyat PNS;8305335;0
2026;2.09.3.25.0.00.01.0000;DINAS PANGAN DAN PERIKANAN;2.09.3.25.0.00.01.0000;DINAS PANGAN DAN PERIKANAN;2.09.01.2.02.0001;Penyediaan Gaji dan Tunjangan ASN;5.1.01.01.012.00002;Belanja Iuran Simpanan Peserta Tabungan Perumahan Rakyat PPPK;3449586;0
2026;2.09.3.25.0.00.01.0000;DINAS PANGAN DAN PERIKANAN;2.09.3.25.0.00.01.0000;DINAS PANGAN DAN PERIKANAN;2.09.01.2.02.0001;Penyediaan Gaji dan Tunjangan ASN;5.1.01.02.001.00001;Tambahan Penghasilan berdasarkan Beban Kerja PNS;928832729;483600750
2026;2.09.3.25.0.00.01.0000;DINAS PANGAN DAN PERIKANAN;2.09.3.25.0.00.01.0000;DINAS PANGAN DAN PERIKANAN;2.09.01.2.02.0001;Penyediaan Gaji dan Tunjangan ASN;5.1.01.02.003.00001;Tambahan Penghasilan berdasarkan Kondisi Kerja PNS;26705142;13600000
2026;2.09.3.25.0.00.01.0000;DINAS PANGAN DAN PERIKANAN;2.09.3.25.0.00.01.0000;DINAS PANGAN DAN PERIKANAN;2.09.01.2.02.0001;Penyediaan Gaji dan Tunjangan ASN;5.1.02.02.001.00080;Belanja Honorarium Penanggungjawaban Pengelola Keuangan;28200000;12450000
2026;2.09.3.25.0.00.01.0000;DINAS PANGAN DAN PERIKANAN;2.09.3.25.0.00.01.0000;DINAS PANGAN DAN PERIKANAN;2.09.01.2.02.0007;Koordinasi dan Penyusunan Laporan Keuangan Bulanan/ Triwulanan/ Semesteran SKPD;5.1.02.01.001.00024;Belanja Alat/Bahan untuk Kegiatan Kantor-Alat Tulis Kantor;436500;0
2026;2.09.3.25.0.00.01.0000;DINAS PANGAN DAN PERIKANAN;2.09.3.25.0.00.01.0000;DINAS PANGAN DAN PERIKANAN;2.09.01.2.02.0007;Koordinasi dan Penyusunan Laporan Keuangan Bulanan/ Triwulanan/ Semesteran SKPD;5.1.02.01.001.00025;Belanja Alat/Bahan untuk Kegiatan Kantor- Kertas dan Cover;198600;0
2026;2.09.3.25.0.00.01.0000;DINAS PANGAN DAN PERIKANAN;2.09.3.25.0.00.01.0000;DINAS PANGAN DAN PERIKANAN;2.09.01.2.02.0007;Koordinasi dan Penyusunan Laporan Keuangan Bulanan/ Triwulanan/ Semesteran SKPD;5.1.02.01.001.00052;Belanja Makanan dan Minuman Rapat;612500;172900
2026;2.09.3.25.0.00.01.0000;DINAS PANGAN DAN PERIKANAN;2.09.3.25.0.00.01.0000;DINAS PANGAN DAN PERIKANAN;2.09.01.2.02.0007;Koordinasi dan Penyusunan Laporan Keuangan Bulanan/ Triwulanan/ Semesteran SKPD;5.1.02.04.001.00003;Belanja Perjalanan Dinas Dalam Kota;1512000;1082000
2026;2.09.3.25.0.00.01.0000;DINAS PANGAN DAN PERIKANAN;2.09.3.25.0.00.01.0000;DINAS PANGAN DAN PERIKANAN;2.09.01.2.06.0003;Penyediaan Peralatan Rumah Tangga;5.1.02.01.001.00030;Belanja Alat/Bahan untuk Kegiatan Kantor-Perabot Kantor;4284450;1783000
2026;2.09.3.25.0.00.01.0000;DINAS PANGAN DAN PERIKANAN;2.09.3.25.0.00.01.0000;DINAS PANGAN DAN PERIKANAN;2.09.01.2.06.0004;Penyediaan Bahan Logistik Kantor;5.1.02.01.001.00010;Belanja Bahan-Isi Tabung Gas;600000;0
2026;2.09.3.25.0.00.01.0000;DINAS PANGAN DAN PERIKANAN;2.09.3.25.0.00.01.0000;DINAS PANGAN DAN PERIKANAN;2.09.01.2.06.0004;Penyediaan Bahan Logistik Kantor;5.1.02.01.001.00024;Belanja Alat/Bahan untuk Kegiatan Kantor-Alat Tulis Kantor;1976600;758000
2026;2.09.3.25.0.00.01.0000;DINAS PANGAN DAN PERIKANAN;2.09.3.25.0.00.01.0000;DINAS PANGAN DAN PERIKANAN;2.09.01.2.06.0004;Penyediaan Bahan Logistik Kantor;5.1.02.01.001.00025;Belanja Alat/Bahan untuk Kegiatan Kantor- Kertas dan Cover;5317800;1650000
2026;2.09.3.25.0.00.01.0000;DINAS PANGAN DAN PERIKANAN;2.09.3.25.0.00.01.0000;DINAS PANGAN DAN PERIKANAN;2.09.01.2.06.0004;Penyediaan Bahan Logistik Kantor;5.1.02.01.001.00027;Belanja Alat/Bahan untuk Kegiatan Kantor-Benda Pos;1030000;530000
2026;2.09.3.25.0.00.01.0000;DINAS PANGAN DAN PERIKANAN;2.09.3.25.0.00.01.0000;DINAS PANGAN DAN PERIKANAN;2.09.01.2.06.0004;Penyediaan Bahan Logistik Kantor;5.1.02.01.001.00029;Belanja Alat/Bahan untuk Kegiatan Kantor-Bahan Komputer;700900;370000
2026;2.09.3.25.0.00.01.0000;DINAS PANGAN DAN PERIKANAN;2.09.3.25.0.00.01.0000;DINAS PANGAN DAN PERIKANAN;2.09.01.2.06.0004;Penyediaan Bahan Logistik Kantor;5.1.02.01.001.00031;Belanja Alat/Bahan untuk Kegiatan Kantor-Alat Listrik;425000;0
2026;2.09.3.25.0.00.01.0000;DINAS PANGAN DAN PERIKANAN;2.09.3.25.0.00.01.0000;DINAS PANGAN DAN PERIKANAN;2.09.01.2.06.0005;Penyediaan Barang Cetakan dan Penggandaan;5.1.02.01.001.00024;Belanja Alat/Bahan untuk Kegiatan Kantor-Alat Tulis Kantor;4521400;802800
2026;2.09.3.25.0.00.01.0000;DINAS PANGAN DAN PERIKANAN;2.09.3.25.0.00.01.0000;DINAS PANGAN DAN PERIKANAN;2.09.01.2.06.0008;Fasilitasi Kunjungan Tamu;5.1.02.01.001.00053;Belanja Makanan dan Minuman Jamuan Tamu;2323600;1108000
2026;2.09.3.25.0.00.01.0000;DINAS PANGAN DAN PERIKANAN;2.09.3.25.0.00.01.0000;DINAS PANGAN DAN PERIKANAN;2.09.01.2.06.0009;Penyelenggaraan Rapat Koordinasi dan Konsultasi SKPD;5.1.02.01.001.00052;Belanja Makanan dan Minuman Rapat;2405000;600000
2026;2.09.3.25.0.00.01.0000;DINAS PANGAN DAN PERIKANAN;2.09.3.25.0.00.01.0000;DINAS PANGAN DAN PERIKANAN;2.09.01.2.06.0009;Penyelenggaraan Rapat Koordinasi dan Konsultasi SKPD;5.1.02.04.001.00001;Belanja Perjalanan Dinas Biasa;15460000;4727500
2026;2.09.3.25.0.00.01.0000;DINAS PANGAN DAN PERIKANAN;2.09.3.25.0.00.01.0000;DINAS PANGAN DAN PERIKANAN;2.09.01.2.06.0009;Penyelenggaraan Rapat Koordinasi dan Konsultasi SKPD;5.1.02.04.001.00003;Belanja Perjalanan Dinas Dalam Kota;2688000;2378900
2026;2.09.3.25.0.00.01.0000;DINAS PANGAN DAN PERIKANAN;2.09.3.25.0.00.01.0000;DINAS PANGAN DAN PERIKANAN;2.09.01.2.08.0002;Penyediaan Jasa Komunikasi, Sumber Daya Air dan Listrik;5.1.02.02.001.00061;Belanja Tagihan Listrik;9755312;4476406
2026;2.09.3.25.0.00.01.0000;DINAS PANGAN DAN PERIKANAN;2.09.3.25.0.00.01.0000;DINAS PANGAN DAN PERIKANAN;2.09.01.2.08.0002;Penyediaan Jasa Komunikasi, Sumber Daya Air dan Listrik;5.1.02.02.001.00063;Belanja Kawat/Faksimili/Internet/TV Berlangganan;5244960;407724
2026;2.09.3.25.0.00.01.0000;DINAS PANGAN DAN PERIKANAN;2.09.3.25.0.00.01.0000;DINAS PANGAN DAN PERIKANAN;2.09.01.2.09.0001;Penyediaan Jasa Pemeliharaan, Biaya Pemeliharaan, dan Pajak Kendaraan Perorangan Dinas atau Kendaraan Dinas Jabatan;5.1.02.03.002.00035;Belanja Pemeliharaan Alat Angkutan-Alat Angkutan Darat Bermotor-Kendaraan Dinas Bermotor Perorangan;23000000;18808700
2026;2.09.3.25.0.00.01.0000;DINAS PANGAN DAN PERIKANAN;2.09.3.25.0.00.01.0000;DINAS PANGAN DAN PERIKANAN;2.09.01.2.09.0002;Penyediaan Jasa Pemeliharaan, Biaya Pemeliharaan, Pajak dan Perizinan Kendaraan Dinas Operasional atau Lapangan;5.1.02.03.002.00043;Belanja Pemeliharaan Alat Angkutan-Alat Angkutan Darat Bermotor-Alat Angkutan Darat Bermotor Lainnya;23500000;9640208
2026;2.09.3.25.0.00.01.0000;DINAS PANGAN DAN PERIKANAN;2.09.3.25.0.00.01.0000;DINAS PANGAN DAN PERIKANAN;2.09.01.2.09.0006;Pemeliharaan Peralatan dan Mesin Lainnya;5.1.02.03.002.00411;Belanja Pemeliharaan Komputer-Peralatan Komputer-Peralatan Komputer Lainnya;5720000;1550000
2026;2.09.3.25.0.00.01.0000;DINAS PANGAN DAN PERIKANAN;2.09.3.25.0.00.01.0000;DINAS PANGAN DAN PERIKANAN;2.09.03.2.01.0003;Koordinasi, Sinkronisasi dan Pelaksanaan Distribusi Pangan Pokok dan Pangan Lainnya;5.1.02.04.001.00003;Belanja Perjalanan Dinas Dalam Kota;532000;119000
2026;2.09.3.25.0.00.01.0000;DINAS PANGAN DAN PERIKANAN;2.09.3.25.0.00.01.0000;DINAS PANGAN DAN PERIKANAN;2.09.03.2.01.0008;Stabilisasi Pasokan dan Harga Pangan Tingkat Produsen dan Konsumen di Kabupaten/Kota;5.1.02.04.001.00003;Belanja Perjalanan Dinas Dalam Kota;2058000;1038000
2026;2.09.3.25.0.00.01.0000;DINAS PANGAN DAN PERIKANAN;2.09.3.25.0.00.01.0000;DINAS PANGAN DAN PERIKANAN;2.09.03.2.01.0010;Pengembangan Kelembagaan Distribusi Pangan Kabupaten/kota;5.1.02.04.001.00003;Belanja Perjalanan Dinas Dalam Kota;616000;329000
2026;2.09.3.25.0.00.01.0000;DINAS PANGAN DAN PERIKANAN;2.09.3.25.0.00.01.0000;DINAS PANGAN DAN PERIKANAN;2.09.03.2.01.0016;Penyusunan Neraca Bahan Makanan (NBM);5.1.02.01.001.00024;Belanja Alat/Bahan untuk Kegiatan Kantor-Alat Tulis Kantor;419600;0
2026;2.09.3.25.0.00.01.0000;DINAS PANGAN DAN PERIKANAN;2.09.3.25.0.00.01.0000;DINAS PANGAN DAN PERIKANAN;2.09.03.2.01.0016;Penyusunan Neraca Bahan Makanan (NBM);5.1.02.01.001.00025;Belanja Alat/Bahan untuk Kegiatan Kantor- Kertas dan Cover;200100;0
2026;2.09.3.25.0.00.01.0000;DINAS PANGAN DAN PERIKANAN;2.09.3.25.0.00.01.0000;DINAS PANGAN DAN PERIKANAN;2.09.03.2.01.0016;Penyusunan Neraca Bahan Makanan (NBM);5.1.02.01.001.00029;Belanja Alat/Bahan untuk Kegiatan Kantor-Bahan Komputer;83250;0
2026;2.09.3.25.0.00.01.0000;DINAS PANGAN DAN PERIKANAN;2.09.3.25.0.00.01.0000;DINAS PANGAN DAN PERIKANAN;2.09.03.2.01.0016;Penyusunan Neraca Bahan Makanan (NBM);5.1.02.04.001.00001;Belanja Perjalanan Dinas Biasa;1755000;1014000
2026;2.09.3.25.0.00.01.0000;DINAS PANGAN DAN PERIKANAN;2.09.3.25.0.00.01.0000;DINAS PANGAN DAN PERIKANAN;2.09.03.2.04.0001;Penyusunan dan Penetapan Target Konsumsi Pangan Per Kapita Per Tahun;5.1.02.01.001.00024;Belanja Alat/Bahan untuk Kegiatan Kantor-Alat Tulis Kantor;633600;127600
2026;2.09.3.25.0.00.01.0000;DINAS PANGAN DAN PERIKANAN;2.09.3.25.0.00.01.0000;DINAS PANGAN DAN PERIKANAN;2.09.03.2.04.0001;Penyusunan dan Penetapan Target Konsumsi Pangan Per Kapita Per Tahun;5.1.02.01.001.00025;Belanja Alat/Bahan untuk Kegiatan Kantor- Kertas dan Cover;217050;217050
2026;2.09.3.25.0.00.01.0000;DINAS PANGAN DAN PERIKANAN;2.09.3.25.0.00.01.0000;DINAS PANGAN DAN PERIKANAN;2.09.03.2.04.0001;Penyusunan dan Penetapan Target Konsumsi Pangan Per Kapita Per Tahun;5.1.02.01.001.00029;Belanja Alat/Bahan untuk Kegiatan Kantor-Bahan Komputer;166500;166500
2026;2.09.3.25.0.00.01.0000;DINAS PANGAN DAN PERIKANAN;2.09.3.25.0.00.01.0000;DINAS PANGAN DAN PERIKANAN;2.09.03.2.04.0001;Penyusunan dan Penetapan Target Konsumsi Pangan Per Kapita Per Tahun;5.1.02.01.001.00052;Belanja Makanan dan Minuman Rapat;766000;0
2026;2.09.3.25.0.00.01.0000;DINAS PANGAN DAN PERIKANAN;2.09.3.25.0.00.01.0000;DINAS PANGAN DAN PERIKANAN;2.09.03.2.04.0002;Pemberdayaan Masyarakat dalam Penganekaragaman Konsumsi Pangan Berbasis Sumber Daya Lokal;5.1.02.04.001.00001;Belanja Perjalanan Dinas Biasa;3352500;1933022
2026;2.09.3.25.0.00.01.0000;DINAS PANGAN DAN PERIKANAN;2.09.3.25.0.00.01.0000;DINAS PANGAN DAN PERIKANAN;2.09.03.2.04.0002;Pemberdayaan Masyarakat dalam Penganekaragaman Konsumsi Pangan Berbasis Sumber Daya Lokal;5.1.02.04.001.00003;Belanja Perjalanan Dinas Dalam Kota;2884000;1369000
2026;2.09.3.25.0.00.01.0000;DINAS PANGAN DAN PERIKANAN;2.09.3.25.0.00.01.0000;DINAS PANGAN DAN PERIKANAN;2.09.03.2.04.0003;Koordinasi dan Sinkronisasi Pemantauan dan Evaluasi Konsumsi per Kapita per Tahun;5.1.02.04.001.00001;Belanja Perjalanan Dinas Biasa;1060000;0
2026;2.09.3.25.0.00.01.0000;DINAS PANGAN DAN PERIKANAN;2.09.3.25.0.00.01.0000;DINAS PANGAN DAN PERIKANAN;2.09.03.2.04.0003;Koordinasi dan Sinkronisasi Pemantauan dan Evaluasi Konsumsi per Kapita per Tahun;5.1.02.04.001.00003;Belanja Perjalanan Dinas Dalam Kota;882000;0
2026;2.09.3.25.0.00.01.0000;DINAS PANGAN DAN PERIKANAN;2.09.3.25.0.00.01.0000;DINAS PANGAN DAN PERIKANAN;2.09.04.2.01.0001;Penyusunan, Pemutakhiran dan Analisis Peta Ketahanan dan Kerentanan Pangan;5.1.02.04.001.00001;Belanja Perjalanan Dinas Biasa;3430000;0
2026;2.09.3.25.0.00.01.0000;DINAS PANGAN DAN PERIKANAN;2.09.3.25.0.00.01.0000;DINAS PANGAN DAN PERIKANAN;2.09.04.2.02.0002;Pelaksanaan Pengadaan, Pengelolaan, dan Penyaluran Cadangan Pangan pada Kerawanan Pangan yang Mencakup dalam 1 (satu) Daerah Kabupaten/Kota;5.1.02.01.001.00043;Belanja Natura dan Pakan-Natura;139550000;0
2026;2.09.3.25.0.00.01.0000;DINAS PANGAN DAN PERIKANAN;2.09.3.25.0.00.01.0000;DINAS PANGAN DAN PERIKANAN;2.09.04.2.02.0002;Pelaksanaan Pengadaan, Pengelolaan, dan Penyaluran Cadangan Pangan pada Kerawanan Pangan yang Mencakup dalam 1 (satu) Daerah Kabupaten/Kota;5.1.02.04.001.00001;Belanja Perjalanan Dinas Biasa;4862500;1780000
2026;2.09.3.25.0.00.01.0000;DINAS PANGAN DAN PERIKANAN;2.09.3.25.0.00.01.0000;DINAS PANGAN DAN PERIKANAN;2.09.04.2.02.0002;Pelaksanaan Pengadaan, Pengelolaan, dan Penyaluran Cadangan Pangan pada Kerawanan Pangan yang Mencakup dalam 1 (satu) Daerah Kabupaten/Kota;5.1.02.04.001.00003;Belanja Perjalanan Dinas Dalam Kota;3542000;536000
2026;2.09.3.25.0.00.01.0000;DINAS PANGAN DAN PERIKANAN;2.09.3.25.0.00.01.0000;DINAS PANGAN DAN PERIKANAN;2.09.04.2.02.0003;Koordinasi dan Sinkronisasi Penanganan Kerawanan Pangan dan Gizi Kabupaten/Kota;5.1.02.04.001.00003;Belanja Perjalanan Dinas Dalam Kota;1029000;221000
2026;2.09.3.25.0.00.01.0000;DINAS PANGAN DAN PERIKANAN;2.09.3.25.0.00.01.0000;DINAS PANGAN DAN PERIKANAN;2.09.05.2.01.0004;Rekomendasi Keamanan Pangan Segar Asal Tumbuhan Daerah Kabupaten/Kota;5.1.02.01.001.00024;Belanja Alat/Bahan untuk Kegiatan Kantor-Alat Tulis Kantor;356800;356800
2026;2.09.3.25.0.00.01.0000;DINAS PANGAN DAN PERIKANAN;2.09.3.25.0.00.01.0000;DINAS PANGAN DAN PERIKANAN;2.09.05.2.01.0004;Rekomendasi Keamanan Pangan Segar Asal Tumbuhan Daerah Kabupaten/Kota;5.1.02.01.001.00025;Belanja Alat/Bahan untuk Kegiatan Kantor- Kertas dan Cover;295050;295050
2026;2.09.3.25.0.00.01.0000;DINAS PANGAN DAN PERIKANAN;2.09.3.25.0.00.01.0000;DINAS PANGAN DAN PERIKANAN;2.09.05.2.01.0004;Rekomendasi Keamanan Pangan Segar Asal Tumbuhan Daerah Kabupaten/Kota;5.1.02.01.001.00029;Belanja Alat/Bahan untuk Kegiatan Kantor-Bahan Komputer;83250;83250
2026;2.09.3.25.0.00.01.0000;DINAS PANGAN DAN PERIKANAN;2.09.3.25.0.00.01.0000;DINAS PANGAN DAN PERIKANAN;2.09.05.2.01.0004;Rekomendasi Keamanan Pangan Segar Asal Tumbuhan Daerah Kabupaten/Kota;5.1.02.04.001.00001;Belanja Perjalanan Dinas Biasa;2537500;981843
2026;2.09.3.25.0.00.01.0000;DINAS PANGAN DAN PERIKANAN;2.09.3.25.0.00.01.0000;DINAS PANGAN DAN PERIKANAN;2.09.05.2.01.0004;Rekomendasi Keamanan Pangan Segar Asal Tumbuhan Daerah Kabupaten/Kota;5.1.02.04.001.00003;Belanja Perjalanan Dinas Dalam Kota;1106000;490000
2026;2.09.3.25.0.00.01.0000;DINAS PANGAN DAN PERIKANAN;2.09.3.25.0.00.01.0000;DINAS PANGAN DAN PERIKANAN;2.09.05.2.01.0006;Rekomendasi Perizinan keamanan pangan segar asal tumbuhan;5.1.02.04.001.00001;Belanja Perjalanan Dinas Biasa;1395000;640000
2026;2.09.3.25.0.00.01.0000;DINAS PANGAN DAN PERIKANAN;2.09.3.25.0.00.01.0000;DINAS PANGAN DAN PERIKANAN;2.09.05.2.01.0006;Rekomendasi Perizinan keamanan pangan segar asal tumbuhan;5.1.02.04.001.00003;Belanja Perjalanan Dinas Dalam Kota;770000;210000
2026;2.09.3.25.0.00.01.0000;DINAS PANGAN DAN PERIKANAN;2.09.3.25.0.00.01.0000;DINAS PANGAN DAN PERIKANAN;3.25.01.2.01.0007;Evaluasi Kinerja Perangkat Daerah;5.1.02.01.001.00052;Belanja Makanan dan Minuman Rapat;585200;399000
2026;2.09.3.25.0.00.01.0000;DINAS PANGAN DAN PERIKANAN;2.09.3.25.0.00.01.0000;DINAS PANGAN DAN PERIKANAN;3.25.01.2.01.0007;Evaluasi Kinerja Perangkat Daerah;5.1.02.04.001.00003;Belanja Perjalanan Dinas Dalam Kota;1596000;422500
2026;2.09.3.25.0.00.01.0000;DINAS PANGAN DAN PERIKANAN;2.09.3.25.0.00.01.0000;DINAS PANGAN DAN PERIKANAN;3.25.03.2.01.0001;Penyediaan Data dan Informasi Sumber Daya Ikan;5.1.02.01.001.00024;Belanja Alat/Bahan untuk Kegiatan Kantor-Alat Tulis Kantor;297200;0
2026;2.09.3.25.0.00.01.0000;DINAS PANGAN DAN PERIKANAN;2.09.3.25.0.00.01.0000;DINAS PANGAN DAN PERIKANAN;3.25.03.2.01.0001;Penyediaan Data dan Informasi Sumber Daya Ikan;5.1.02.01.001.00025;Belanja Alat/Bahan untuk Kegiatan Kantor- Kertas dan Cover;1265100;0
2026;2.09.3.25.0.00.01.0000;DINAS PANGAN DAN PERIKANAN;2.09.3.25.0.00.01.0000;DINAS PANGAN DAN PERIKANAN;3.25.03.2.01.0001;Penyediaan Data dan Informasi Sumber Daya Ikan;5.1.02.01.001.00029;Belanja Alat/Bahan untuk Kegiatan Kantor-Bahan Komputer;593350;0
2026;2.09.3.25.0.00.01.0000;DINAS PANGAN DAN PERIKANAN;2.09.3.25.0.00.01.0000;DINAS PANGAN DAN PERIKANAN;3.25.03.2.01.0001;Penyediaan Data dan Informasi Sumber Daya Ikan;5.1.02.04.001.00001;Belanja Perjalanan Dinas Biasa;945000;0
2026;2.09.3.25.0.00.01.0000;DINAS PANGAN DAN PERIKANAN;2.09.3.25.0.00.01.0000;DINAS PANGAN DAN PERIKANAN;3.25.03.2.01.0001;Penyediaan Data dan Informasi Sumber Daya Ikan;5.1.02.04.001.00003;Belanja Perjalanan Dinas Dalam Kota;812000;252000
2026;2.09.3.25.0.00.01.0000;DINAS PANGAN DAN PERIKANAN;2.09.3.25.0.00.01.0000;DINAS PANGAN DAN PERIKANAN;3.25.03.2.01.0004;Penyediaan Sarana Usaha Perikanan Tangkap;5.1.02.01.001.00011;Belanja Bahan-Bahan/Bibit Ternak/Bibit Ikan;6300000;0
2026;2.09.3.25.0.00.01.0000;DINAS PANGAN DAN PERIKANAN;2.09.3.25.0.00.01.0000;DINAS PANGAN DAN PERIKANAN;3.25.03.2.01.0004;Penyediaan Sarana Usaha Perikanan Tangkap;5.1.02.04.001.00001;Belanja Perjalanan Dinas Biasa;0;0
2026;2.09.3.25.0.00.01.0000;DINAS PANGAN DAN PERIKANAN;2.09.3.25.0.00.01.0000;DINAS PANGAN DAN PERIKANAN;3.25.03.2.01.0004;Penyediaan Sarana Usaha Perikanan Tangkap;5.1.02.04.001.00003;Belanja Perjalanan Dinas Dalam Kota;2905000;0
2026;2.09.3.25.0.00.01.0000;DINAS PANGAN DAN PERIKANAN;2.09.3.25.0.00.01.0000;DINAS PANGAN DAN PERIKANAN;3.25.04.2.02.0001;Pengembangan Kapasitas Pembudi Daya Ikan Kecil;5.1.02.04.001.00001;Belanja Perjalanan Dinas Biasa;1085000;0
2026;2.09.3.25.0.00.01.0000;DINAS PANGAN DAN PERIKANAN;2.09.3.25.0.00.01.0000;DINAS PANGAN DAN PERIKANAN;3.25.04.2.02.0001;Pengembangan Kapasitas Pembudi Daya Ikan Kecil;5.1.02.04.001.00003;Belanja Perjalanan Dinas Dalam Kota;1442000;1441959
2026;2.09.3.25.0.00.01.0000;DINAS PANGAN DAN PERIKANAN;2.09.3.25.0.00.01.0000;DINAS PANGAN DAN PERIKANAN;3.25.04.2.02.0004;Pemberian Pendampingan, Kemudahanan Akses Ilmu Pengetahuan, Teknologi dan Informasi, serta Penyelenggaraan Pendidikan dan Pelatihan;5.1.02.04.001.00003;Belanja Perjalanan Dinas Dalam Kota;2282000;658556
2026;2.09.3.25.0.00.01.0000;DINAS PANGAN DAN PERIKANAN;2.09.3.25.0.00.01.0000;DINAS PANGAN DAN PERIKANAN;3.25.04.2.04.0001;Penyediaan Data dan Informasi Pembudidayaan Ikan dalam 1 (Satu) Daerah Kabupaten/Kota;5.1.02.04.001.00003;Belanja Perjalanan Dinas Dalam Kota;1134000;385000
2026;2.09.3.25.0.00.01.0000;DINAS PANGAN DAN PERIKANAN;2.09.3.25.0.00.01.0000;DINAS PANGAN DAN PERIKANAN;3.25.04.2.04.0002;Penyediaan Prasarana Pembudidayaan Ikan dalam 1 (Satu) Daerah Kabupaten/Kota;5.1.02.01.001.00008;Belanja Bahan-Bahan/Bibit Tanaman;1043800;0
2026;2.09.3.25.0.00.01.0000;DINAS PANGAN DAN PERIKANAN;2.09.3.25.0.00.01.0000;DINAS PANGAN DAN PERIKANAN;3.25.04.2.04.0002;Penyediaan Prasarana Pembudidayaan Ikan dalam 1 (Satu) Daerah Kabupaten/Kota;5.1.02.01.001.00011;Belanja Bahan-Bahan/Bibit Ternak/Bibit Ikan;250000;0
2026;2.09.3.25.0.00.01.0000;DINAS PANGAN DAN PERIKANAN;2.09.3.25.0.00.01.0000;DINAS PANGAN DAN PERIKANAN;3.25.04.2.04.0002;Penyediaan Prasarana Pembudidayaan Ikan dalam 1 (Satu) Daerah Kabupaten/Kota;5.1.02.01.001.00030;Belanja Alat/Bahan untuk Kegiatan Kantor-Perabot Kantor;1125000;0
2026;2.09.3.25.0.00.01.0000;DINAS PANGAN DAN PERIKANAN;2.09.3.25.0.00.01.0000;DINAS PANGAN DAN PERIKANAN;3.25.04.2.04.0002;Penyediaan Prasarana Pembudidayaan Ikan dalam 1 (Satu) Daerah Kabupaten/Kota;5.1.02.01.001.00043;Belanja Natura dan Pakan-Natura;169600;0
2026;2.09.3.25.0.00.01.0000;DINAS PANGAN DAN PERIKANAN;2.09.3.25.0.00.01.0000;DINAS PANGAN DAN PERIKANAN;3.25.04.2.04.0002;Penyediaan Prasarana Pembudidayaan Ikan dalam 1 (Satu) Daerah Kabupaten/Kota;5.1.02.04.001.00003;Belanja Perjalanan Dinas Dalam Kota;630000;296700
2026;2.09.3.25.0.00.01.0000;DINAS PANGAN DAN PERIKANAN;2.09.3.25.0.00.01.0000;DINAS PANGAN DAN PERIKANAN;3.25.04.2.04.0004;Pengelolaan Kesehatan Ikan dan Lingkungan Budidaya dalam 1 (Satu) Daerah Kabupaten/Kota;5.1.02.04.001.00001;Belanja Perjalanan Dinas Biasa;1170000;0
2026;2.09.3.25.0.00.01.0000;DINAS PANGAN DAN PERIKANAN;2.09.3.25.0.00.01.0000;DINAS PANGAN DAN PERIKANAN;3.25.04.2.04.0004;Pengelolaan Kesehatan Ikan dan Lingkungan Budidaya dalam 1 (Satu) Daerah Kabupaten/Kota;5.1.02.04.001.00003;Belanja Perjalanan Dinas Dalam Kota;1162000;35000
2026;2.09.3.25.0.00.01.0000;DINAS PANGAN DAN PERIKANAN;2.09.3.25.0.00.01.0000;DINAS PANGAN DAN PERIKANAN;3.25.04.2.04.0009;Penjaminan Ketersediaan Sarana Pembudidayaan Ikan dalam 1 (Satu) Daerah Kabupaten/Kota;5.1.02.01.001.00001;Belanja Bahan-Bahan Bangunan dan Konstruksi;495000;0
2026;2.09.3.25.0.00.01.0000;DINAS PANGAN DAN PERIKANAN;2.09.3.25.0.00.01.0000;DINAS PANGAN DAN PERIKANAN;3.25.04.2.04.0009;Penjaminan Ketersediaan Sarana Pembudidayaan Ikan dalam 1 (Satu) Daerah Kabupaten/Kota;5.1.02.01.001.00008;Belanja Bahan-Bahan/Bibit Tanaman;502600;0
2026;2.09.3.25.0.00.01.0000;DINAS PANGAN DAN PERIKANAN;2.09.3.25.0.00.01.0000;DINAS PANGAN DAN PERIKANAN;3.25.04.2.04.0009;Penjaminan Ketersediaan Sarana Pembudidayaan Ikan dalam 1 (Satu) Daerah Kabupaten/Kota;5.1.02.01.001.00011;Belanja Bahan-Bahan/Bibit Ternak/Bibit Ikan;38286000;0
2026;2.09.3.25.0.00.01.0000;DINAS PANGAN DAN PERIKANAN;2.09.3.25.0.00.01.0000;DINAS PANGAN DAN PERIKANAN;3.25.04.2.04.0009;Penjaminan Ketersediaan Sarana Pembudidayaan Ikan dalam 1 (Satu) Daerah Kabupaten/Kota;5.1.02.01.001.00030;Belanja Alat/Bahan untuk Kegiatan Kantor-Perabot Kantor;8265000;0
2026;2.09.3.25.0.00.01.0000;DINAS PANGAN DAN PERIKANAN;2.09.3.25.0.00.01.0000;DINAS PANGAN DAN PERIKANAN;3.25.04.2.04.0009;Penjaminan Ketersediaan Sarana Pembudidayaan Ikan dalam 1 (Satu) Daerah Kabupaten/Kota;5.1.02.01.001.00043;Belanja Natura dan Pakan-Natura;84800;0
2026;2.09.3.25.0.00.01.0000;DINAS PANGAN DAN PERIKANAN;2.09.3.25.0.00.01.0000;DINAS PANGAN DAN PERIKANAN;3.25.04.2.04.0009;Penjaminan Ketersediaan Sarana Pembudidayaan Ikan dalam 1 (Satu) Daerah Kabupaten/Kota;5.1.02.01.001.00044;Belanja Natura dan Pakan-Pakan;74956000;44469600
2026;2.09.3.25.0.00.01.0000;DINAS PANGAN DAN PERIKANAN;2.09.3.25.0.00.01.0000;DINAS PANGAN DAN PERIKANAN;3.25.04.2.04.0009;Penjaminan Ketersediaan Sarana Pembudidayaan Ikan dalam 1 (Satu) Daerah Kabupaten/Kota;5.1.02.04.001.00003;Belanja Perjalanan Dinas Dalam Kota;1596000;336000
2026;2.09.3.25.0.00.01.0000;DINAS PANGAN DAN PERIKANAN;2.09.3.25.0.00.01.0000;DINAS PANGAN DAN PERIKANAN;3.25.04.2.04.0010;Pembinaan dan Pemantauan Pembudidayaan Ikan di Darat;5.1.02.04.001.00003;Belanja Perjalanan Dinas Dalam Kota;1967000;385000
2026;2.09.3.25.0.00.01.0000;DINAS PANGAN DAN PERIKANAN;2.09.3.25.0.00.01.0000;DINAS PANGAN DAN PERIKANAN;3.25.05.2.01.0007;Pengawasan usaha penangkapan ikan dan/atau usaha pengangkutan ikan sesuai kewenangan kabupaten/kota;5.1.02.04.001.00003;Belanja Perjalanan Dinas Dalam Kota;378000;238930
2026;2.09.3.25.0.00.01.0000;DINAS PANGAN DAN PERIKANAN;2.09.3.25.0.00.01.0000;DINAS PANGAN DAN PERIKANAN;3.25.06.2.01.0005;Penyediaan Data dan Informasi Usaha Pemasaran dan Pengolahan Hasil Perikanan dalam 1 (Satu) Daerah Kabupaten/Kota berdasarkan skala usaha dan risiko;5.1.02.01.001.00024;Belanja Alat/Bahan untuk Kegiatan Kantor-Alat Tulis Kantor;227000;227000
2026;2.09.3.25.0.00.01.0000;DINAS PANGAN DAN PERIKANAN;2.09.3.25.0.00.01.0000;DINAS PANGAN DAN PERIKANAN;3.25.06.2.01.0005;Penyediaan Data dan Informasi Usaha Pemasaran dan Pengolahan Hasil Perikanan dalam 1 (Satu) Daerah Kabupaten/Kota berdasarkan skala usaha dan risiko;5.1.02.01.001.00025;Belanja Alat/Bahan untuk Kegiatan Kantor- Kertas dan Cover;383800;383800
2026;2.09.3.25.0.00.01.0000;DINAS PANGAN DAN PERIKANAN;2.09.3.25.0.00.01.0000;DINAS PANGAN DAN PERIKANAN;3.25.06.2.01.0005;Penyediaan Data dan Informasi Usaha Pemasaran dan Pengolahan Hasil Perikanan dalam 1 (Satu) Daerah Kabupaten/Kota berdasarkan skala usaha dan risiko;5.1.02.01.001.00029;Belanja Alat/Bahan untuk Kegiatan Kantor-Bahan Komputer;700900;700900
2026;2.09.3.25.0.00.01.0000;DINAS PANGAN DAN PERIKANAN;2.09.3.25.0.00.01.0000;DINAS PANGAN DAN PERIKANAN;3.25.06.2.01.0005;Penyediaan Data dan Informasi Usaha Pemasaran dan Pengolahan Hasil Perikanan dalam 1 (Satu) Daerah Kabupaten/Kota berdasarkan skala usaha dan risiko;5.1.02.04.001.00003;Belanja Perjalanan Dinas Dalam Kota;2534000;140210
2026;2.09.3.25.0.00.01.0000;DINAS PANGAN DAN PERIKANAN;2.09.3.25.0.00.01.0000;DINAS PANGAN DAN PERIKANAN;3.25.06.2.02.0002;Pembinaan terhadap Penerapan Persyaratan Perizinan Berusaha Pada Usaha Pengolahan dan Pemasaran Hasil Perikanan sesuai Skala Usaha dan Risiko;5.1.02.04.001.00003;Belanja Perjalanan Dinas Dalam Kota;1400000;112000
2026;2.09.3.25.0.00.01.0000;DINAS PANGAN DAN PERIKANAN;2.09.3.25.0.00.01.0000;DINAS PANGAN DAN PERIKANAN;3.25.06.2.03.0001;Peningkatan Ketersediaan Ikan untuk Konsumsi dan Usaha Pengolahan dalam 1 (Satu) Daerah Kabupaten/Kota;5.1.02.01.001.00043;Belanja Natura dan Pakan-Natura;6441500;6441500
2026;2.09.3.25.0.00.01.0000;DINAS PANGAN DAN PERIKANAN;2.09.3.25.0.00.01.0000;DINAS PANGAN DAN PERIKANAN;3.25.06.2.03.0001;Peningkatan Ketersediaan Ikan untuk Konsumsi dan Usaha Pengolahan dalam 1 (Satu) Daerah Kabupaten/Kota;5.1.02.04.001.00001;Belanja Perjalanan Dinas Biasa;2400000;1280000
2026;2.09.3.25.0.00.01.0000;DINAS PANGAN DAN PERIKANAN;2.09.3.25.0.00.01.0000;DINAS PANGAN DAN PERIKANAN;3.25.06.2.03.0001;Peningkatan Ketersediaan Ikan untuk Konsumsi dan Usaha Pengolahan dalam 1 (Satu) Daerah Kabupaten/Kota;5.1.02.04.001.00003;Belanja Perjalanan Dinas Dalam Kota;1260000;1010000
2026;2.09.3.25.0.00.01.0000;DINAS PANGAN DAN PERIKANAN;2.09.3.25.0.00.01.0000;DINAS PANGAN DAN PERIKANAN;3.25.06.2.03.0002;Pemberian Fasilitas bagi Pelaku Usaha Perikanan Skala Mikro dan Kecil dalam 1 (Satu) Daerah Kabupaten/Kota;5.1.02.04.001.00003;Belanja Perjalanan Dinas Dalam Kota;735000;70000
2026;2.17.3.30.3.31.01.0000;DINAS PERDAGANGAN, PERINDUSTRIAN, KOPERASI USAHA KECIL DAN MENENGAH;2.17.3.30.3.31.01.0000;DINAS PERDAGANGAN, PERINDUSTRIAN, KOPERASI USAHA KECIL DAN MENENGAH;2.17.01.2.02.0001;Penyediaan Gaji dan Tunjangan ASN;5.1.01.01.001.00001;Belanja Gaji Pokok PNS;2016775313;1215250320
2026;2.17.3.30.3.31.01.0000;DINAS PERDAGANGAN, PERINDUSTRIAN, KOPERASI USAHA KECIL DAN MENENGAH;2.17.3.30.3.31.01.0000;DINAS PERDAGANGAN, PERINDUSTRIAN, KOPERASI USAHA KECIL DAN MENENGAH;2.17.01.2.02.0001;Penyediaan Gaji dan Tunjangan ASN;5.1.01.01.001.00002;Belanja Gaji Pokok PPPK;831343320;501879211
2026;2.17.3.30.3.31.01.0000;DINAS PERDAGANGAN, PERINDUSTRIAN, KOPERASI USAHA KECIL DAN MENENGAH;2.17.3.30.3.31.01.0000;DINAS PERDAGANGAN, PERINDUSTRIAN, KOPERASI USAHA KECIL DAN MENENGAH;2.17.01.2.02.0001;Penyediaan Gaji dan Tunjangan ASN;5.1.01.01.002.00001;Belanja Tunjangan Keluarga PNS;193280201;112727640
2026;2.17.3.30.3.31.01.0000;DINAS PERDAGANGAN, PERINDUSTRIAN, KOPERASI USAHA KECIL DAN MENENGAH;2.17.3.30.3.31.01.0000;DINAS PERDAGANGAN, PERINDUSTRIAN, KOPERASI USAHA KECIL DAN MENENGAH;2.17.01.2.02.0001;Penyediaan Gaji dan Tunjangan ASN;5.1.01.01.002.00002;Belanja Tunjangan Keluarga PPPK;83872065;48158972
2026;2.17.3.30.3.31.01.0000;DINAS PERDAGANGAN, PERINDUSTRIAN, KOPERASI USAHA KECIL DAN MENENGAH;2.17.3.30.3.31.01.0000;DINAS PERDAGANGAN, PERINDUSTRIAN, KOPERASI USAHA KECIL DAN MENENGAH;2.17.01.2.02.0001;Penyediaan Gaji dan Tunjangan ASN;5.1.01.01.003.00001;Belanja Tunjangan Jabatan PNS;140324750;76865000
2026;2.17.3.30.3.31.01.0000;DINAS PERDAGANGAN, PERINDUSTRIAN, KOPERASI USAHA KECIL DAN MENENGAH;2.17.3.30.3.31.01.0000;DINAS PERDAGANGAN, PERINDUSTRIAN, KOPERASI USAHA KECIL DAN MENENGAH;2.17.01.2.02.0001;Penyediaan Gaji dan Tunjangan ASN;5.1.01.01.004.00001;Belanja Tunjangan Fungsional PNS;90517000;45271500
2026;2.17.3.30.3.31.01.0000;DINAS PERDAGANGAN, PERINDUSTRIAN, KOPERASI USAHA KECIL DAN MENENGAH;2.17.3.30.3.31.01.0000;DINAS PERDAGANGAN, PERINDUSTRIAN, KOPERASI USAHA KECIL DAN MENENGAH;2.17.01.2.02.0001;Penyediaan Gaji dan Tunjangan ASN;5.1.01.01.005.00001;Belanja Tunjangan Fungsional Umum PNS;55836250;32485000
2026;2.17.3.30.3.31.01.0000;DINAS PERDAGANGAN, PERINDUSTRIAN, KOPERASI USAHA KECIL DAN MENENGAH;2.17.3.30.3.31.01.0000;DINAS PERDAGANGAN, PERINDUSTRIAN, KOPERASI USAHA KECIL DAN MENENGAH;2.17.01.2.02.0001;Penyediaan Gaji dan Tunjangan ASN;5.1.01.01.005.00002;Belanja Tunjangan Fungsional Umum PPPK;57409500;32672496
2026;2.17.3.30.3.31.01.0000;DINAS PERDAGANGAN, PERINDUSTRIAN, KOPERASI USAHA KECIL DAN MENENGAH;2.17.3.30.3.31.01.0000;DINAS PERDAGANGAN, PERINDUSTRIAN, KOPERASI USAHA KECIL DAN MENENGAH;2.17.01.2.02.0001;Penyediaan Gaji dan Tunjangan ASN;5.1.01.01.006.00001;Belanja Tunjangan Beras PNS;110473693;65395260
2026;2.17.3.30.3.31.01.0000;DINAS PERDAGANGAN, PERINDUSTRIAN, KOPERASI USAHA KECIL DAN MENENGAH;2.17.3.30.3.31.01.0000;DINAS PERDAGANGAN, PERINDUSTRIAN, KOPERASI USAHA KECIL DAN MENENGAH;2.17.01.2.02.0001;Penyediaan Gaji dan Tunjangan ASN;5.1.01.01.006.00002;Belanja Tunjangan Beras PPPK;62413816;35799620
2026;2.17.3.30.3.31.01.0000;DINAS PERDAGANGAN, PERINDUSTRIAN, KOPERASI USAHA KECIL DAN MENENGAH;2.17.3.30.3.31.01.0000;DINAS PERDAGANGAN, PERINDUSTRIAN, KOPERASI USAHA KECIL DAN MENENGAH;2.17.01.2.02.0001;Penyediaan Gaji dan Tunjangan ASN;5.1.01.01.007.00001;Belanja Tunjangan PPh/Tunjangan Khusus PNS;40943928;5580573
2026;2.17.3.30.3.31.01.0000;DINAS PERDAGANGAN, PERINDUSTRIAN, KOPERASI USAHA KECIL DAN MENENGAH;2.17.3.30.3.31.01.0000;DINAS PERDAGANGAN, PERINDUSTRIAN, KOPERASI USAHA KECIL DAN MENENGAH;2.17.01.2.02.0001;Penyediaan Gaji dan Tunjangan ASN;5.1.01.01.008.00001;Belanja Pembulatan Gaji PNS;76169;16940
2026;2.17.3.30.3.31.01.0000;DINAS PERDAGANGAN, PERINDUSTRIAN, KOPERASI USAHA KECIL DAN MENENGAH;2.17.3.30.3.31.01.0000;DINAS PERDAGANGAN, PERINDUSTRIAN, KOPERASI USAHA KECIL DAN MENENGAH;2.17.01.2.02.0001;Penyediaan Gaji dan Tunjangan ASN;5.1.01.01.008.00002;Belanja Pembulatan Gaji PPPK;22436;7556
2026;2.17.3.30.3.31.01.0000;DINAS PERDAGANGAN, PERINDUSTRIAN, KOPERASI USAHA KECIL DAN MENENGAH;2.17.3.30.3.31.01.0000;DINAS PERDAGANGAN, PERINDUSTRIAN, KOPERASI USAHA KECIL DAN MENENGAH;2.17.01.2.02.0001;Penyediaan Gaji dan Tunjangan ASN;5.1.01.01.009.00001;Belanja Iuran Jaminan Kesehatan PNS;200175483;59422368
2026;2.17.3.30.3.31.01.0000;DINAS PERDAGANGAN, PERINDUSTRIAN, KOPERASI USAHA KECIL DAN MENENGAH;2.17.3.30.3.31.01.0000;DINAS PERDAGANGAN, PERINDUSTRIAN, KOPERASI USAHA KECIL DAN MENENGAH;2.17.01.2.02.0001;Penyediaan Gaji dan Tunjangan ASN;5.1.01.01.009.00002;Belanja Iuran Jaminan Kesehatan PPPK;41004991;19934315
2026;2.17.3.30.3.31.01.0000;DINAS PERDAGANGAN, PERINDUSTRIAN, KOPERASI USAHA KECIL DAN MENENGAH;2.17.3.30.3.31.01.0000;DINAS PERDAGANGAN, PERINDUSTRIAN, KOPERASI USAHA KECIL DAN MENENGAH;2.17.01.2.02.0001;Penyediaan Gaji dan Tunjangan ASN;5.1.01.01.010.00001;Belanja Iuran Jaminan Kecelakaan Kerja PNS;5687156;2246871
2026;2.17.3.30.3.31.01.0000;DINAS PERDAGANGAN, PERINDUSTRIAN, KOPERASI USAHA KECIL DAN MENENGAH;2.17.3.30.3.31.01.0000;DINAS PERDAGANGAN, PERINDUSTRIAN, KOPERASI USAHA KECIL DAN MENENGAH;2.17.01.2.02.0001;Penyediaan Gaji dan Tunjangan ASN;5.1.01.01.010.00002;Belanja Iuran Jaminan Kecelakaan Kerja PPPK;2120674;1030547
2026;2.17.3.30.3.31.01.0000;DINAS PERDAGANGAN, PERINDUSTRIAN, KOPERASI USAHA KECIL DAN MENENGAH;2.17.3.30.3.31.01.0000;DINAS PERDAGANGAN, PERINDUSTRIAN, KOPERASI USAHA KECIL DAN MENENGAH;2.17.01.2.02.0001;Penyediaan Gaji dan Tunjangan ASN;5.1.01.01.011.00001;Belanja Iuran Jaminan Kematian PNS;16761332;6740525
2026;2.17.3.30.3.31.01.0000;DINAS PERDAGANGAN, PERINDUSTRIAN, KOPERASI USAHA KECIL DAN MENENGAH;2.17.3.30.3.31.01.0000;DINAS PERDAGANGAN, PERINDUSTRIAN, KOPERASI USAHA KECIL DAN MENENGAH;2.17.01.2.02.0001;Penyediaan Gaji dan Tunjangan ASN;5.1.01.01.011.00002;Belanja Iuran Jaminan Kematian PPPK;6247001;3091494
2026;2.17.3.30.3.31.01.0000;DINAS PERDAGANGAN, PERINDUSTRIAN, KOPERASI USAHA KECIL DAN MENENGAH;2.17.3.30.3.31.01.0000;DINAS PERDAGANGAN, PERINDUSTRIAN, KOPERASI USAHA KECIL DAN MENENGAH;2.17.01.2.02.0001;Penyediaan Gaji dan Tunjangan ASN;5.1.01.01.012.00001;Belanja Iuran Simpanan Peserta Tabungan Perumahan Rakyat PNS;10433877;0
2026;2.17.3.30.3.31.01.0000;DINAS PERDAGANGAN, PERINDUSTRIAN, KOPERASI USAHA KECIL DAN MENENGAH;2.17.3.30.3.31.01.0000;DINAS PERDAGANGAN, PERINDUSTRIAN, KOPERASI USAHA KECIL DAN MENENGAH;2.17.01.2.02.0001;Penyediaan Gaji dan Tunjangan ASN;5.1.01.01.012.00002;Belanja Iuran Simpanan Peserta Tabungan Perumahan Rakyat PPPK;4406717;0
2026;2.17.3.30.3.31.01.0000;DINAS PERDAGANGAN, PERINDUSTRIAN, KOPERASI USAHA KECIL DAN MENENGAH;2.17.3.30.3.31.01.0000;DINAS PERDAGANGAN, PERINDUSTRIAN, KOPERASI USAHA KECIL DAN MENENGAH;2.17.01.2.02.0001;Penyediaan Gaji dan Tunjangan ASN;5.1.01.02.001.00001;Tambahan Penghasilan berdasarkan Beban Kerja PNS;1088349414;479873031
2026;2.17.3.30.3.31.01.0000;DINAS PERDAGANGAN, PERINDUSTRIAN, KOPERASI USAHA KECIL DAN MENENGAH;2.17.3.30.3.31.01.0000;DINAS PERDAGANGAN, PERINDUSTRIAN, KOPERASI USAHA KECIL DAN MENENGAH;2.17.01.2.02.0001;Penyediaan Gaji dan Tunjangan ASN;5.1.01.02.003.00001;Tambahan Penghasilan berdasarkan Kondisi Kerja PNS;30800000;13600000
2026;2.17.3.30.3.31.01.0000;DINAS PERDAGANGAN, PERINDUSTRIAN, KOPERASI USAHA KECIL DAN MENENGAH;2.17.3.30.3.31.01.0000;DINAS PERDAGANGAN, PERINDUSTRIAN, KOPERASI USAHA KECIL DAN MENENGAH;2.17.01.2.02.0001;Penyediaan Gaji dan Tunjangan ASN;5.1.02.02.001.00080;Belanja Honorarium Penanggungjawaban Pengelola Keuangan;31800000;13520000
2026;2.17.3.30.3.31.01.0000;DINAS PERDAGANGAN, PERINDUSTRIAN, KOPERASI USAHA KECIL DAN MENENGAH;2.17.3.30.3.31.01.0000;DINAS PERDAGANGAN, PERINDUSTRIAN, KOPERASI USAHA KECIL DAN MENENGAH;2.17.01.2.02.0001;Penyediaan Gaji dan Tunjangan ASN;5.1.02.02.001.00088;Belanja jasa Pegawai Pemerintah dengan Perjanjian Kerja (PPPK) Paruh Waktu pada jabatan operator lay;12300000;6003571
2026;2.17.3.30.3.31.01.0000;DINAS PERDAGANGAN, PERINDUSTRIAN, KOPERASI USAHA KECIL DAN MENENGAH;2.17.3.30.3.31.01.0000;DINAS PERDAGANGAN, PERINDUSTRIAN, KOPERASI USAHA KECIL DAN MENENGAH;2.17.01.2.02.0001;Penyediaan Gaji dan Tunjangan ASN;5.1.02.02.001.00090;Belanja jasa Pegawai Pemerintah dengan Perjanjian Kerja (PPPK) Paruh Waktu pada jabatan penata layan;31200000;15104762
2026;2.17.3.30.3.31.01.0000;DINAS PERDAGANGAN, PERINDUSTRIAN, KOPERASI USAHA KECIL DAN MENENGAH;2.17.3.30.3.31.01.0000;DINAS PERDAGANGAN, PERINDUSTRIAN, KOPERASI USAHA KECIL DAN MENENGAH;2.17.01.2.02.0001;Penyediaan Gaji dan Tunjangan ASN;5.1.02.02.002.00006;Belanja Iuran Jaminan Kecelakaan Kerja bagi Non ASN;183996;91998
2026;2.17.3.30.3.31.01.0000;DINAS PERDAGANGAN, PERINDUSTRIAN, KOPERASI USAHA KECIL DAN MENENGAH;2.17.3.30.3.31.01.0000;DINAS PERDAGANGAN, PERINDUSTRIAN, KOPERASI USAHA KECIL DAN MENENGAH;2.17.01.2.02.0001;Penyediaan Gaji dan Tunjangan ASN;5.1.02.02.002.00007;Belanja Iuran Jaminan Kematian bagi Non ASN;230004;115002
2026;2.17.3.30.3.31.01.0000;DINAS PERDAGANGAN, PERINDUSTRIAN, KOPERASI USAHA KECIL DAN MENENGAH;2.17.3.30.3.31.01.0000;DINAS PERDAGANGAN, PERINDUSTRIAN, KOPERASI USAHA KECIL DAN MENENGAH;2.17.01.2.02.0001;Penyediaan Gaji dan Tunjangan ASN;5.1.02.02.002.00019;Belanja Iuran Jaminan Kesehatan bagi PPPK Paruh Waktu pada Jabatan Operator Layanan Operasional;1018544;0
2026;2.17.3.30.3.31.01.0000;DINAS PERDAGANGAN, PERINDUSTRIAN, KOPERASI USAHA KECIL DAN MENENGAH;2.17.3.30.3.31.01.0000;DINAS PERDAGANGAN, PERINDUSTRIAN, KOPERASI USAHA KECIL DAN MENENGAH;2.17.01.2.02.0001;Penyediaan Gaji dan Tunjangan ASN;5.1.02.02.002.00021;Belanja Iuran Jaminan Kesehatan bagi PPPK Paruh Waktu pada Jabatan Penata Layanan Operasional;2037088;0
2026;2.17.3.30.3.31.01.0000;DINAS PERDAGANGAN, PERINDUSTRIAN, KOPERASI USAHA KECIL DAN MENENGAH;2.17.3.30.3.31.01.0000;DINAS PERDAGANGAN, PERINDUSTRIAN, KOPERASI USAHA KECIL DAN MENENGAH;2.17.01.2.06.0004;Penyediaan Bahan Logistik Kantor;5.1.02.01.001.00024;Belanja Alat/Bahan untuk Kegiatan Kantor-Alat Tulis Kantor;7054500;3213905
2026;2.17.3.30.3.31.01.0000;DINAS PERDAGANGAN, PERINDUSTRIAN, KOPERASI USAHA KECIL DAN MENENGAH;2.17.3.30.3.31.01.0000;DINAS PERDAGANGAN, PERINDUSTRIAN, KOPERASI USAHA KECIL DAN MENENGAH;2.17.01.2.06.0004;Penyediaan Bahan Logistik Kantor;5.1.02.01.001.00025;Belanja Alat/Bahan untuk Kegiatan Kantor- Kertas dan Cover;2647200;1791096
2026;2.17.3.30.3.31.01.0000;DINAS PERDAGANGAN, PERINDUSTRIAN, KOPERASI USAHA KECIL DAN MENENGAH;2.17.3.30.3.31.01.0000;DINAS PERDAGANGAN, PERINDUSTRIAN, KOPERASI USAHA KECIL DAN MENENGAH;2.17.01.2.06.0004;Penyediaan Bahan Logistik Kantor;5.1.02.01.001.00027;Belanja Alat/Bahan untuk Kegiatan Kantor-Benda Pos;1000000;550000
2026;2.17.3.30.3.31.01.0000;DINAS PERDAGANGAN, PERINDUSTRIAN, KOPERASI USAHA KECIL DAN MENENGAH;2.17.3.30.3.31.01.0000;DINAS PERDAGANGAN, PERINDUSTRIAN, KOPERASI USAHA KECIL DAN MENENGAH;2.17.01.2.06.0004;Penyediaan Bahan Logistik Kantor;5.1.02.01.001.00029;Belanja Alat/Bahan untuk Kegiatan Kantor-Bahan Komputer;2308750;1383227
2026;2.17.3.30.3.31.01.0000;DINAS PERDAGANGAN, PERINDUSTRIAN, KOPERASI USAHA KECIL DAN MENENGAH;2.17.3.30.3.31.01.0000;DINAS PERDAGANGAN, PERINDUSTRIAN, KOPERASI USAHA KECIL DAN MENENGAH;2.17.01.2.06.0009;Penyelenggaraan Rapat Koordinasi dan Konsultasi SKPD;5.1.02.04.001.00001;Belanja Perjalanan Dinas Biasa;12965000;4620000
2026;2.17.3.30.3.31.01.0000;DINAS PERDAGANGAN, PERINDUSTRIAN, KOPERASI USAHA KECIL DAN MENENGAH;2.17.3.30.3.31.01.0000;DINAS PERDAGANGAN, PERINDUSTRIAN, KOPERASI USAHA KECIL DAN MENENGAH;2.17.01.2.06.0009;Penyelenggaraan Rapat Koordinasi dan Konsultasi SKPD;5.1.02.04.001.00003;Belanja Perjalanan Dinas Dalam Kota;1932000;0
2026;2.17.3.30.3.31.01.0000;DINAS PERDAGANGAN, PERINDUSTRIAN, KOPERASI USAHA KECIL DAN MENENGAH;2.17.3.30.3.31.01.0000;DINAS PERDAGANGAN, PERINDUSTRIAN, KOPERASI USAHA KECIL DAN MENENGAH;2.17.01.2.07.0006;Pengadaan Peralatan dan Mesin Lainnya;5.2.02.05.002.00006;Belanja Modal Alat Rumah Tangga Lainnya (Home Use);3855000;3851700
2026;2.17.3.30.3.31.01.0000;DINAS PERDAGANGAN, PERINDUSTRIAN, KOPERASI USAHA KECIL DAN MENENGAH;2.17.3.30.3.31.01.0000;DINAS PERDAGANGAN, PERINDUSTRIAN, KOPERASI USAHA KECIL DAN MENENGAH;2.17.01.2.08.0002;Penyediaan Jasa Komunikasi, Sumber Daya Air dan Listrik;5.1.02.02.001.00059;Belanja Tagihan Telepon;3000000;2862350
2026;2.17.3.30.3.31.01.0000;DINAS PERDAGANGAN, PERINDUSTRIAN, KOPERASI USAHA KECIL DAN MENENGAH;2.17.3.30.3.31.01.0000;DINAS PERDAGANGAN, PERINDUSTRIAN, KOPERASI USAHA KECIL DAN MENENGAH;2.17.01.2.08.0002;Penyediaan Jasa Komunikasi, Sumber Daya Air dan Listrik;5.1.02.02.001.00060;Belanja Tagihan Air;33351268;14702100
2026;2.17.3.30.3.31.01.0000;DINAS PERDAGANGAN, PERINDUSTRIAN, KOPERASI USAHA KECIL DAN MENENGAH;2.17.3.30.3.31.01.0000;DINAS PERDAGANGAN, PERINDUSTRIAN, KOPERASI USAHA KECIL DAN MENENGAH;2.17.01.2.08.0002;Penyediaan Jasa Komunikasi, Sumber Daya Air dan Listrik;5.1.02.02.001.00061;Belanja Tagihan Listrik;103972754;32237286
2026;2.17.3.30.3.31.01.0000;DINAS PERDAGANGAN, PERINDUSTRIAN, KOPERASI USAHA KECIL DAN MENENGAH;2.17.3.30.3.31.01.0000;DINAS PERDAGANGAN, PERINDUSTRIAN, KOPERASI USAHA KECIL DAN MENENGAH;2.17.01.2.08.0002;Penyediaan Jasa Komunikasi, Sumber Daya Air dan Listrik;5.1.02.02.001.00063;Belanja Kawat/Faksimili/Internet/TV Berlangganan;8991360;5247680
2026;2.17.3.30.3.31.01.0000;DINAS PERDAGANGAN, PERINDUSTRIAN, KOPERASI USAHA KECIL DAN MENENGAH;2.17.3.30.3.31.01.0000;DINAS PERDAGANGAN, PERINDUSTRIAN, KOPERASI USAHA KECIL DAN MENENGAH;2.17.01.2.08.0003;Penyediaan Jasa Peralatan dan Perlengkapan Kantor;5.1.02.03.002.00411;Belanja Pemeliharaan Komputer-Peralatan Komputer-Peralatan Komputer Lainnya;9410000;3035000
2026;2.17.3.30.3.31.01.0000;DINAS PERDAGANGAN, PERINDUSTRIAN, KOPERASI USAHA KECIL DAN MENENGAH;2.17.3.30.3.31.01.0000;DINAS PERDAGANGAN, PERINDUSTRIAN, KOPERASI USAHA KECIL DAN MENENGAH;2.17.01.2.09.0002;Penyediaan Jasa Pemeliharaan, Biaya Pemeliharaan, Pajak dan Perizinan Kendaraan Dinas Operasional atau Lapangan;5.1.02.01.004.00035;Belanja Peralatan dan Mesin-Alat Angkutan-Alat Angkutan Darat Bermotor-Kendaraan Dinas Bermotor Pero;15000000;8522000
2026;2.17.3.30.3.31.01.0000;DINAS PERDAGANGAN, PERINDUSTRIAN, KOPERASI USAHA KECIL DAN MENENGAH;2.17.3.30.3.31.01.0000;DINAS PERDAGANGAN, PERINDUSTRIAN, KOPERASI USAHA KECIL DAN MENENGAH;2.17.01.2.09.0002;Penyediaan Jasa Pemeliharaan, Biaya Pemeliharaan, Pajak dan Perizinan Kendaraan Dinas Operasional atau Lapangan;5.1.02.03.002.00043;Belanja Pemeliharaan Alat Angkutan-Alat Angkutan Darat Bermotor-Alat Angkutan Darat Bermotor Lainnya;30000000;14710200
2026;2.17.3.30.3.31.01.0000;DINAS PERDAGANGAN, PERINDUSTRIAN, KOPERASI USAHA KECIL DAN MENENGAH;2.17.3.30.3.31.01.0000;DINAS PERDAGANGAN, PERINDUSTRIAN, KOPERASI USAHA KECIL DAN MENENGAH;2.17.01.2.09.0011;Pemeliharaan/Rehabilitasi Sarana dan Prasarana Pendukung Gedung Kantor atau Bangunan Lainnya;5.1.02.03.002.00121;Belanja Pemeliharaan Alat Kantor dan Rumah Tangga-Alat Rumah Tangga-Alat Pendingin;3050000;820000
2026;2.17.3.30.3.31.01.0000;DINAS PERDAGANGAN, PERINDUSTRIAN, KOPERASI USAHA KECIL DAN MENENGAH;2.17.3.30.3.31.01.0000;DINAS PERDAGANGAN, PERINDUSTRIAN, KOPERASI USAHA KECIL DAN MENENGAH;2.17.03.2.01.0003;Penguatan Tata Kelola Kelembagaan Koperasi;5.1.02.01.001.00025;Belanja Alat/Bahan untuk Kegiatan Kantor- Kertas dan Cover;635200;598901
2026;2.17.3.30.3.31.01.0000;DINAS PERDAGANGAN, PERINDUSTRIAN, KOPERASI USAHA KECIL DAN MENENGAH;2.17.3.30.3.31.01.0000;DINAS PERDAGANGAN, PERINDUSTRIAN, KOPERASI USAHA KECIL DAN MENENGAH;2.17.03.2.01.0003;Penguatan Tata Kelola Kelembagaan Koperasi;5.1.02.01.001.00029;Belanja Alat/Bahan untuk Kegiatan Kantor-Bahan Komputer;97000;77589
2026;2.17.3.30.3.31.01.0000;DINAS PERDAGANGAN, PERINDUSTRIAN, KOPERASI USAHA KECIL DAN MENENGAH;2.17.3.30.3.31.01.0000;DINAS PERDAGANGAN, PERINDUSTRIAN, KOPERASI USAHA KECIL DAN MENENGAH;2.17.03.2.01.0003;Penguatan Tata Kelola Kelembagaan Koperasi;5.1.02.04.001.00003;Belanja Perjalanan Dinas Dalam Kota;1260000;366000
2026;2.17.3.30.3.31.01.0000;DINAS PERDAGANGAN, PERINDUSTRIAN, KOPERASI USAHA KECIL DAN MENENGAH;2.17.3.30.3.31.01.0000;DINAS PERDAGANGAN, PERINDUSTRIAN, KOPERASI USAHA KECIL DAN MENENGAH;2.17.04.2.01.0001;Pelaksanaan Penilaian Kesehatan KSP/USP Koperasi Kewenangan Kabupaten/Kota;5.1.02.01.001.00025;Belanja Alat/Bahan untuk Kegiatan Kantor- Kertas dan Cover;728000;0
2026;2.17.3.30.3.31.01.0000;DINAS PERDAGANGAN, PERINDUSTRIAN, KOPERASI USAHA KECIL DAN MENENGAH;2.17.3.30.3.31.01.0000;DINAS PERDAGANGAN, PERINDUSTRIAN, KOPERASI USAHA KECIL DAN MENENGAH;2.17.04.2.01.0001;Pelaksanaan Penilaian Kesehatan KSP/USP Koperasi Kewenangan Kabupaten/Kota;5.1.02.01.001.00029;Belanja Alat/Bahan untuk Kegiatan Kantor-Bahan Komputer;1687800;0
2026;2.17.3.30.3.31.01.0000;DINAS PERDAGANGAN, PERINDUSTRIAN, KOPERASI USAHA KECIL DAN MENENGAH;2.17.3.30.3.31.01.0000;DINAS PERDAGANGAN, PERINDUSTRIAN, KOPERASI USAHA KECIL DAN MENENGAH;2.17.04.2.01.0001;Pelaksanaan Penilaian Kesehatan KSP/USP Koperasi Kewenangan Kabupaten/Kota;5.1.02.04.001.00001;Belanja Perjalanan Dinas Biasa;4140000;0
2026;2.17.3.30.3.31.01.0000;DINAS PERDAGANGAN, PERINDUSTRIAN, KOPERASI USAHA KECIL DAN MENENGAH;2.17.3.30.3.31.01.0000;DINAS PERDAGANGAN, PERINDUSTRIAN, KOPERASI USAHA KECIL DAN MENENGAH;2.17.04.2.01.0001;Pelaksanaan Penilaian Kesehatan KSP/USP Koperasi Kewenangan Kabupaten/Kota;5.1.02.04.001.00003;Belanja Perjalanan Dinas Dalam Kota;13440000;140000
2026;2.17.3.30.3.31.01.0000;DINAS PERDAGANGAN, PERINDUSTRIAN, KOPERASI USAHA KECIL DAN MENENGAH;2.17.3.30.3.31.01.0000;DINAS PERDAGANGAN, PERINDUSTRIAN, KOPERASI USAHA KECIL DAN MENENGAH;2.17.06.2.01.0004;Fasilitasi Kemitraan Koperasi yang Keanggotaannya Daerah Kabupaten/Kota;5.1.02.01.001.00024;Belanja Alat/Bahan untuk Kegiatan Kantor-Alat Tulis Kantor;1857200;0
2026;2.17.3.30.3.31.01.0000;DINAS PERDAGANGAN, PERINDUSTRIAN, KOPERASI USAHA KECIL DAN MENENGAH;2.17.3.30.3.31.01.0000;DINAS PERDAGANGAN, PERINDUSTRIAN, KOPERASI USAHA KECIL DAN MENENGAH;2.17.06.2.01.0004;Fasilitasi Kemitraan Koperasi yang Keanggotaannya Daerah Kabupaten/Kota;5.1.02.01.001.00025;Belanja Alat/Bahan untuk Kegiatan Kantor- Kertas dan Cover;1621600;0
2026;2.17.3.30.3.31.01.0000;DINAS PERDAGANGAN, PERINDUSTRIAN, KOPERASI USAHA KECIL DAN MENENGAH;2.17.3.30.3.31.01.0000;DINAS PERDAGANGAN, PERINDUSTRIAN, KOPERASI USAHA KECIL DAN MENENGAH;2.17.06.2.01.0004;Fasilitasi Kemitraan Koperasi yang Keanggotaannya Daerah Kabupaten/Kota;5.1.02.01.001.00029;Belanja Alat/Bahan untuk Kegiatan Kantor-Bahan Komputer;1609700;0
2026;2.17.3.30.3.31.01.0000;DINAS PERDAGANGAN, PERINDUSTRIAN, KOPERASI USAHA KECIL DAN MENENGAH;2.17.3.30.3.31.01.0000;DINAS PERDAGANGAN, PERINDUSTRIAN, KOPERASI USAHA KECIL DAN MENENGAH;2.17.06.2.01.0004;Fasilitasi Kemitraan Koperasi yang Keanggotaannya Daerah Kabupaten/Kota;5.1.02.01.001.00052;Belanja Makanan dan Minuman Rapat;11823600;2190000
2026;2.17.3.30.3.31.01.0000;DINAS PERDAGANGAN, PERINDUSTRIAN, KOPERASI USAHA KECIL DAN MENENGAH;2.17.3.30.3.31.01.0000;DINAS PERDAGANGAN, PERINDUSTRIAN, KOPERASI USAHA KECIL DAN MENENGAH;2.17.06.2.01.0004;Fasilitasi Kemitraan Koperasi yang Keanggotaannya Daerah Kabupaten/Kota;5.1.02.02.001.00003;Honorarium Narasumber atau Pembahas, Moderator, Pembawa Acara, dan Panitia;40000000;0
2026;2.17.3.30.3.31.01.0000;DINAS PERDAGANGAN, PERINDUSTRIAN, KOPERASI USAHA KECIL DAN MENENGAH;2.17.3.30.3.31.01.0000;DINAS PERDAGANGAN, PERINDUSTRIAN, KOPERASI USAHA KECIL DAN MENENGAH;2.17.06.2.01.0004;Fasilitasi Kemitraan Koperasi yang Keanggotaannya Daerah Kabupaten/Kota;5.1.02.02.005.00009;Belanja Sewa Bangunan Gedung Tempat Pertemuan;2000000;0
2026;2.17.3.30.3.31.01.0000;DINAS PERDAGANGAN, PERINDUSTRIAN, KOPERASI USAHA KECIL DAN MENENGAH;2.17.3.30.3.31.01.0000;DINAS PERDAGANGAN, PERINDUSTRIAN, KOPERASI USAHA KECIL DAN MENENGAH;2.17.06.2.01.0004;Fasilitasi Kemitraan Koperasi yang Keanggotaannya Daerah Kabupaten/Kota;5.1.02.04.001.00001;Belanja Perjalanan Dinas Biasa;33927500;8332000
2026;2.17.3.30.3.31.01.0000;DINAS PERDAGANGAN, PERINDUSTRIAN, KOPERASI USAHA KECIL DAN MENENGAH;2.17.3.30.3.31.01.0000;DINAS PERDAGANGAN, PERINDUSTRIAN, KOPERASI USAHA KECIL DAN MENENGAH;2.17.06.2.01.0004;Fasilitasi Kemitraan Koperasi yang Keanggotaannya Daerah Kabupaten/Kota;5.1.02.04.001.00003;Belanja Perjalanan Dinas Dalam Kota;33180000;6953900
2026;2.17.3.30.3.31.01.0000;DINAS PERDAGANGAN, PERINDUSTRIAN, KOPERASI USAHA KECIL DAN MENENGAH;2.17.3.30.3.31.01.0000;DINAS PERDAGANGAN, PERINDUSTRIAN, KOPERASI USAHA KECIL DAN MENENGAH;2.17.07.2.01.0002;Pemberdayaan Melalui Kemitraan Usaha Mikro;5.1.02.04.001.00003;Belanja Perjalanan Dinas Dalam Kota;17990000;5707000
2026;2.17.3.30.3.31.01.0000;DINAS PERDAGANGAN, PERINDUSTRIAN, KOPERASI USAHA KECIL DAN MENENGAH;2.17.3.30.3.31.01.0000;DINAS PERDAGANGAN, PERINDUSTRIAN, KOPERASI USAHA KECIL DAN MENENGAH;2.17.08.2.01.0002;Pengembangan Usaha Mikro;5.1.02.01.001.00025;Belanja Alat/Bahan untuk Kegiatan Kantor- Kertas dan Cover;635200;598901
2026;2.17.3.30.3.31.01.0000;DINAS PERDAGANGAN, PERINDUSTRIAN, KOPERASI USAHA KECIL DAN MENENGAH;2.17.3.30.3.31.01.0000;DINAS PERDAGANGAN, PERINDUSTRIAN, KOPERASI USAHA KECIL DAN MENENGAH;2.17.08.2.01.0002;Pengembangan Usaha Mikro;5.1.02.01.001.00029;Belanja Alat/Bahan untuk Kegiatan Kantor-Bahan Komputer;97000;77589
2026;2.17.3.30.3.31.01.0000;DINAS PERDAGANGAN, PERINDUSTRIAN, KOPERASI USAHA KECIL DAN MENENGAH;2.17.3.30.3.31.01.0000;DINAS PERDAGANGAN, PERINDUSTRIAN, KOPERASI USAHA KECIL DAN MENENGAH;2.17.08.2.01.0002;Pengembangan Usaha Mikro;5.1.02.04.001.00003;Belanja Perjalanan Dinas Dalam Kota;2772000;392000
2026;2.17.3.30.3.31.01.0000;DINAS PERDAGANGAN, PERINDUSTRIAN, KOPERASI USAHA KECIL DAN MENENGAH;2.17.3.30.3.31.01.0000;DINAS PERDAGANGAN, PERINDUSTRIAN, KOPERASI USAHA KECIL DAN MENENGAH;3.30.03.2.01.0001;Penyediaan Sarana Distribusi Perdagangan;5.1.02.02.008.00002;Belanja Jasa Konsultansi Perencanaan Arsitektur-Jasa Desain Arsitektural;0;0
2026;2.17.3.30.3.31.01.0000;DINAS PERDAGANGAN, PERINDUSTRIAN, KOPERASI USAHA KECIL DAN MENENGAH;2.17.3.30.3.31.01.0000;DINAS PERDAGANGAN, PERINDUSTRIAN, KOPERASI USAHA KECIL DAN MENENGAH;3.30.03.2.01.0001;Penyediaan Sarana Distribusi Perdagangan;5.1.02.02.008.00018;Belanja Jasa Konsultansi Pengawasan Arsitektur;0;0
2026;2.17.3.30.3.31.01.0000;DINAS PERDAGANGAN, PERINDUSTRIAN, KOPERASI USAHA KECIL DAN MENENGAH;2.17.3.30.3.31.01.0000;DINAS PERDAGANGAN, PERINDUSTRIAN, KOPERASI USAHA KECIL DAN MENENGAH;3.30.03.2.01.0001;Penyediaan Sarana Distribusi Perdagangan;5.1.02.04.001.00003;Belanja Perjalanan Dinas Dalam Kota;2184000;433300
2026;2.17.3.30.3.31.01.0000;DINAS PERDAGANGAN, PERINDUSTRIAN, KOPERASI USAHA KECIL DAN MENENGAH;2.17.3.30.3.31.01.0000;DINAS PERDAGANGAN, PERINDUSTRIAN, KOPERASI USAHA KECIL DAN MENENGAH;3.30.03.2.01.0001;Penyediaan Sarana Distribusi Perdagangan;5.2.03.01.001.00012;Belanja Modal Bangunan Gedung Pertokoan/Koperasi/Pasar;158908000;0
2026;2.17.3.30.3.31.01.0000;DINAS PERDAGANGAN, PERINDUSTRIAN, KOPERASI USAHA KECIL DAN MENENGAH;2.17.3.30.3.31.01.0000;DINAS PERDAGANGAN, PERINDUSTRIAN, KOPERASI USAHA KECIL DAN MENENGAH;3.30.03.2.01.0002;Fasilitasi Pengelolaan Sarana Distribusi Perdagangan;5.1.02.01.001.00025;Belanja Alat/Bahan untuk Kegiatan Kantor- Kertas dan Cover;1118000;1033965
2026;2.17.3.30.3.31.01.0000;DINAS PERDAGANGAN, PERINDUSTRIAN, KOPERASI USAHA KECIL DAN MENENGAH;2.17.3.30.3.31.01.0000;DINAS PERDAGANGAN, PERINDUSTRIAN, KOPERASI USAHA KECIL DAN MENENGAH;3.30.03.2.01.0002;Fasilitasi Pengelolaan Sarana Distribusi Perdagangan;5.1.02.01.001.00029;Belanja Alat/Bahan untuk Kegiatan Kantor-Bahan Komputer;452100;369197
2026;2.17.3.30.3.31.01.0000;DINAS PERDAGANGAN, PERINDUSTRIAN, KOPERASI USAHA KECIL DAN MENENGAH;2.17.3.30.3.31.01.0000;DINAS PERDAGANGAN, PERINDUSTRIAN, KOPERASI USAHA KECIL DAN MENENGAH;3.30.03.2.01.0002;Fasilitasi Pengelolaan Sarana Distribusi Perdagangan;5.1.02.01.001.00030;Belanja Alat/Bahan untuk Kegiatan Kantor-Perabot Kantor;2753300;2753300
2026;2.17.3.30.3.31.01.0000;DINAS PERDAGANGAN, PERINDUSTRIAN, KOPERASI USAHA KECIL DAN MENENGAH;2.17.3.30.3.31.01.0000;DINAS PERDAGANGAN, PERINDUSTRIAN, KOPERASI USAHA KECIL DAN MENENGAH;3.30.03.2.01.0002;Fasilitasi Pengelolaan Sarana Distribusi Perdagangan;5.1.02.02.001.00030;Belanja Jasa Tenaga Kebersihan;0;0
2026;2.17.3.30.3.31.01.0000;DINAS PERDAGANGAN, PERINDUSTRIAN, KOPERASI USAHA KECIL DAN MENENGAH;2.17.3.30.3.31.01.0000;DINAS PERDAGANGAN, PERINDUSTRIAN, KOPERASI USAHA KECIL DAN MENENGAH;3.30.03.2.01.0002;Fasilitasi Pengelolaan Sarana Distribusi Perdagangan;5.1.02.03.003.00001;Belanja Pemeliharaan Bangunan Gedung-Bangunan Gedung Tempat Kerja-Bangunan Gedung Kantor;48578500;24211000
2026;2.17.3.30.3.31.01.0000;DINAS PERDAGANGAN, PERINDUSTRIAN, KOPERASI USAHA KECIL DAN MENENGAH;2.17.3.30.3.31.01.0000;DINAS PERDAGANGAN, PERINDUSTRIAN, KOPERASI USAHA KECIL DAN MENENGAH;3.30.03.2.02.0001;Pembinaan dan Pengendalian Pengelola Sarana Distribusi Perdagangan;5.1.02.04.001.00003;Belanja Perjalanan Dinas Dalam Kota;1092000;100000
2026;2.17.3.30.3.31.01.0000;DINAS PERDAGANGAN, PERINDUSTRIAN, KOPERASI USAHA KECIL DAN MENENGAH;2.17.3.30.3.31.01.0000;DINAS PERDAGANGAN, PERINDUSTRIAN, KOPERASI USAHA KECIL DAN MENENGAH;3.30.04.2.01.0001;Koordinasi dan Sinkronisasi Ketersediaan Barang Kebutuhan Pokok dan Barang Penting di Tingkat Agen dan Pasar Rakyat;5.1.02.04.001.00003;Belanja Perjalanan Dinas Dalam Kota;1092000;0
2026;2.17.3.30.3.31.01.0000;DINAS PERDAGANGAN, PERINDUSTRIAN, KOPERASI USAHA KECIL DAN MENENGAH;2.17.3.30.3.31.01.0000;DINAS PERDAGANGAN, PERINDUSTRIAN, KOPERASI USAHA KECIL DAN MENENGAH;3.30.04.2.02.0002;Pemantauan Harga dan Stok Barang Kebutuhan Pokok dan Barang Penting pada Pasar Rakyat yang Terintegrasi dalam Sistem Informasi Perdagangan;5.1.02.04.001.00003;Belanja Perjalanan Dinas Dalam Kota;1092000;265900
2026;2.17.3.30.3.31.01.0000;DINAS PERDAGANGAN, PERINDUSTRIAN, KOPERASI USAHA KECIL DAN MENENGAH;2.17.3.30.3.31.01.0000;DINAS PERDAGANGAN, PERINDUSTRIAN, KOPERASI USAHA KECIL DAN MENENGAH;3.30.04.2.02.0003;Pelaksanaan Operasi Pasar Reguler dan Pasar Khusus yang Berdampak dalam 1 (Satu) Kabupaten/Kota;5.1.02.04.001.00003;Belanja Perjalanan Dinas Dalam Kota;1540000;120000
2026;2.17.3.30.3.31.01.0000;DINAS PERDAGANGAN, PERINDUSTRIAN, KOPERASI USAHA KECIL DAN MENENGAH;2.17.3.30.3.31.01.0000;DINAS PERDAGANGAN, PERINDUSTRIAN, KOPERASI USAHA KECIL DAN MENENGAH;3.30.04.2.03.0002;Pengawasan Pengadaan Pupuk dan Pestisida Bersubsidi;5.1.02.04.001.00003;Belanja Perjalanan Dinas Dalam Kota;1092000;0
2026;2.17.3.30.3.31.01.0000;DINAS PERDAGANGAN, PERINDUSTRIAN, KOPERASI USAHA KECIL DAN MENENGAH;2.17.3.30.3.31.01.0000;DINAS PERDAGANGAN, PERINDUSTRIAN, KOPERASI USAHA KECIL DAN MENENGAH;3.30.06.2.01.0001;Pelaksanaan Metrologi Legal, Berupa Tera, Tera Ulang;5.1.02.01.001.00004;Belanja Bahan-Bahan Bakar dan Pelumas;0;0
2026;2.17.3.30.3.31.01.0000;DINAS PERDAGANGAN, PERINDUSTRIAN, KOPERASI USAHA KECIL DAN MENENGAH;2.17.3.30.3.31.01.0000;DINAS PERDAGANGAN, PERINDUSTRIAN, KOPERASI USAHA KECIL DAN MENENGAH;3.30.06.2.01.0001;Pelaksanaan Metrologi Legal, Berupa Tera, Tera Ulang;5.1.02.01.001.00024;Belanja Alat/Bahan untuk Kegiatan Kantor-Alat Tulis Kantor;744000;444000
2026;2.17.3.30.3.31.01.0000;DINAS PERDAGANGAN, PERINDUSTRIAN, KOPERASI USAHA KECIL DAN MENENGAH;2.17.3.30.3.31.01.0000;DINAS PERDAGANGAN, PERINDUSTRIAN, KOPERASI USAHA KECIL DAN MENENGAH;3.30.06.2.01.0001;Pelaksanaan Metrologi Legal, Berupa Tera, Tera Ulang;5.1.02.01.001.00025;Belanja Alat/Bahan untuk Kegiatan Kantor- Kertas dan Cover;291200;263736
2026;2.17.3.30.3.31.01.0000;DINAS PERDAGANGAN, PERINDUSTRIAN, KOPERASI USAHA KECIL DAN MENENGAH;2.17.3.30.3.31.01.0000;DINAS PERDAGANGAN, PERINDUSTRIAN, KOPERASI USAHA KECIL DAN MENENGAH;3.30.06.2.01.0001;Pelaksanaan Metrologi Legal, Berupa Tera, Tera Ulang;5.1.02.04.001.00001;Belanja Perjalanan Dinas Biasa;4910000;647500
2026;2.17.3.30.3.31.01.0000;DINAS PERDAGANGAN, PERINDUSTRIAN, KOPERASI USAHA KECIL DAN MENENGAH;2.17.3.30.3.31.01.0000;DINAS PERDAGANGAN, PERINDUSTRIAN, KOPERASI USAHA KECIL DAN MENENGAH;3.30.06.2.01.0001;Pelaksanaan Metrologi Legal, Berupa Tera, Tera Ulang;5.1.02.04.001.00003;Belanja Perjalanan Dinas Dalam Kota;7644000;850000
2026;2.17.3.30.3.31.01.0000;DINAS PERDAGANGAN, PERINDUSTRIAN, KOPERASI USAHA KECIL DAN MENENGAH;2.17.3.30.3.31.01.0000;DINAS PERDAGANGAN, PERINDUSTRIAN, KOPERASI USAHA KECIL DAN MENENGAH;3.30.06.2.01.0002;Pengawasan/Penyuluhan Metrologi Legal;5.1.02.01.001.00004;Belanja Bahan-Bahan Bakar dan Pelumas;0;0
2026;2.17.3.30.3.31.01.0000;DINAS PERDAGANGAN, PERINDUSTRIAN, KOPERASI USAHA KECIL DAN MENENGAH;2.17.3.30.3.31.01.0000;DINAS PERDAGANGAN, PERINDUSTRIAN, KOPERASI USAHA KECIL DAN MENENGAH;3.30.06.2.01.0002;Pengawasan/Penyuluhan Metrologi Legal;5.1.02.01.001.00024;Belanja Alat/Bahan untuk Kegiatan Kantor-Alat Tulis Kantor;323409;230702
2026;2.17.3.30.3.31.01.0000;DINAS PERDAGANGAN, PERINDUSTRIAN, KOPERASI USAHA KECIL DAN MENENGAH;2.17.3.30.3.31.01.0000;DINAS PERDAGANGAN, PERINDUSTRIAN, KOPERASI USAHA KECIL DAN MENENGAH;3.30.06.2.01.0002;Pengawasan/Penyuluhan Metrologi Legal;5.1.02.01.001.00025;Belanja Alat/Bahan untuk Kegiatan Kantor- Kertas dan Cover;396802;338661
2026;2.17.3.30.3.31.01.0000;DINAS PERDAGANGAN, PERINDUSTRIAN, KOPERASI USAHA KECIL DAN MENENGAH;2.17.3.30.3.31.01.0000;DINAS PERDAGANGAN, PERINDUSTRIAN, KOPERASI USAHA KECIL DAN MENENGAH;3.30.06.2.01.0002;Pengawasan/Penyuluhan Metrologi Legal;5.1.02.01.001.00029;Belanja Alat/Bahan untuk Kegiatan Kantor-Bahan Komputer;382900;332445
2026;2.17.3.30.3.31.01.0000;DINAS PERDAGANGAN, PERINDUSTRIAN, KOPERASI USAHA KECIL DAN MENENGAH;2.17.3.30.3.31.01.0000;DINAS PERDAGANGAN, PERINDUSTRIAN, KOPERASI USAHA KECIL DAN MENENGAH;3.30.06.2.01.0002;Pengawasan/Penyuluhan Metrologi Legal;5.1.02.04.001.00003;Belanja Perjalanan Dinas Dalam Kota;3360000;216500
2026;2.17.3.30.3.31.01.0000;DINAS PERDAGANGAN, PERINDUSTRIAN, KOPERASI USAHA KECIL DAN MENENGAH;2.17.3.30.3.31.01.0000;DINAS PERDAGANGAN, PERINDUSTRIAN, KOPERASI USAHA KECIL DAN MENENGAH;3.30.07.2.01.0005;Pelaksanaan Promosi Penggunaan Produk Dalam Negeri di Tingkat Kabupaten/Kota;5.1.02.04.001.00003;Belanja Perjalanan Dinas Dalam Kota;1092000;0
2026;2.17.3.30.3.31.01.0000;DINAS PERDAGANGAN, PERINDUSTRIAN, KOPERASI USAHA KECIL DAN MENENGAH;2.17.3.30.3.31.01.0000;DINAS PERDAGANGAN, PERINDUSTRIAN, KOPERASI USAHA KECIL DAN MENENGAH;3.31.02.2.01.0003;Koordinasi, Sinkronisasi, dan Pelaksanaan Pembangunan Sumber Daya Industri;5.1.02.04.001.00001;Belanja Perjalanan Dinas Biasa;3735000;461500
2026;2.17.3.30.3.31.01.0000;DINAS PERDAGANGAN, PERINDUSTRIAN, KOPERASI USAHA KECIL DAN MENENGAH;2.17.3.30.3.31.01.0000;DINAS PERDAGANGAN, PERINDUSTRIAN, KOPERASI USAHA KECIL DAN MENENGAH;3.31.02.2.01.0003;Koordinasi, Sinkronisasi, dan Pelaksanaan Pembangunan Sumber Daya Industri;5.1.02.04.001.00003;Belanja Perjalanan Dinas Dalam Kota;1260000;0
2026;2.17.3.30.3.31.01.0000;DINAS PERDAGANGAN, PERINDUSTRIAN, KOPERASI USAHA KECIL DAN MENENGAH;2.17.3.30.3.31.01.0000;DINAS PERDAGANGAN, PERINDUSTRIAN, KOPERASI USAHA KECIL DAN MENENGAH;3.31.02.2.01.0004;Koordinasi, Sinkronisasi, dan Pelaksanaan Pembangunan Sarana dan Prasarana Industri;5.1.02.04.001.00001;Belanja Perjalanan Dinas Biasa;4875000;0
2026;2.17.3.30.3.31.01.0000;DINAS PERDAGANGAN, PERINDUSTRIAN, KOPERASI USAHA KECIL DAN MENENGAH;2.17.3.30.3.31.01.0000;DINAS PERDAGANGAN, PERINDUSTRIAN, KOPERASI USAHA KECIL DAN MENENGAH;3.31.02.2.01.0004;Koordinasi, Sinkronisasi, dan Pelaksanaan Pembangunan Sarana dan Prasarana Industri;5.1.02.04.001.00003;Belanja Perjalanan Dinas Dalam Kota;2520000;0
2026;2.17.3.30.3.31.01.0000;DINAS PERDAGANGAN, PERINDUSTRIAN, KOPERASI USAHA KECIL DAN MENENGAH;2.17.3.30.3.31.01.0000;DINAS PERDAGANGAN, PERINDUSTRIAN, KOPERASI USAHA KECIL DAN MENENGAH;3.31.02.2.01.0005;Koordinasi, Sinkronisasi, dan Pelaksanaan Pemberdayaan Industri dan Peran Serta Masyarakat;5.1.02.01.001.00024;Belanja Alat/Bahan untuk Kegiatan Kantor-Alat Tulis Kantor;2860000;0
2026;2.17.3.30.3.31.01.0000;DINAS PERDAGANGAN, PERINDUSTRIAN, KOPERASI USAHA KECIL DAN MENENGAH;2.17.3.30.3.31.01.0000;DINAS PERDAGANGAN, PERINDUSTRIAN, KOPERASI USAHA KECIL DAN MENENGAH;3.31.02.2.01.0005;Koordinasi, Sinkronisasi, dan Pelaksanaan Pemberdayaan Industri dan Peran Serta Masyarakat;5.1.02.01.001.00025;Belanja Alat/Bahan untuk Kegiatan Kantor- Kertas dan Cover;1522200;1520145
2026;2.17.3.30.3.31.01.0000;DINAS PERDAGANGAN, PERINDUSTRIAN, KOPERASI USAHA KECIL DAN MENENGAH;2.17.3.30.3.31.01.0000;DINAS PERDAGANGAN, PERINDUSTRIAN, KOPERASI USAHA KECIL DAN MENENGAH;3.31.02.2.01.0005;Koordinasi, Sinkronisasi, dan Pelaksanaan Pemberdayaan Industri dan Peran Serta Masyarakat;5.1.02.01.001.00029;Belanja Alat/Bahan untuk Kegiatan Kantor-Bahan Komputer;1401800;1378687
2026;2.17.3.30.3.31.01.0000;DINAS PERDAGANGAN, PERINDUSTRIAN, KOPERASI USAHA KECIL DAN MENENGAH;2.17.3.30.3.31.01.0000;DINAS PERDAGANGAN, PERINDUSTRIAN, KOPERASI USAHA KECIL DAN MENENGAH;3.31.02.2.01.0005;Koordinasi, Sinkronisasi, dan Pelaksanaan Pemberdayaan Industri dan Peran Serta Masyarakat;5.1.02.01.001.00030;Belanja Alat/Bahan untuk Kegiatan Kantor-Perabot Kantor;17394000;17393250
2026;2.17.3.30.3.31.01.0000;DINAS PERDAGANGAN, PERINDUSTRIAN, KOPERASI USAHA KECIL DAN MENENGAH;2.17.3.30.3.31.01.0000;DINAS PERDAGANGAN, PERINDUSTRIAN, KOPERASI USAHA KECIL DAN MENENGAH;3.31.02.2.01.0005;Koordinasi, Sinkronisasi, dan Pelaksanaan Pemberdayaan Industri dan Peran Serta Masyarakat;5.1.02.01.001.00032;Belanja Alat/Bahan untuk Kegiatan Kantor-Perlengkapan Dinas;34500000;0
2026;2.17.3.30.3.31.01.0000;DINAS PERDAGANGAN, PERINDUSTRIAN, KOPERASI USAHA KECIL DAN MENENGAH;2.17.3.30.3.31.01.0000;DINAS PERDAGANGAN, PERINDUSTRIAN, KOPERASI USAHA KECIL DAN MENENGAH;3.31.02.2.01.0005;Koordinasi, Sinkronisasi, dan Pelaksanaan Pemberdayaan Industri dan Peran Serta Masyarakat;5.1.02.01.001.00036;Belanja Alat/Bahan untuk Kegiatan Kantor-Alat/Bahan untuk Kegiatan Kantor Lainnya;0;57500000
2026;2.17.3.30.3.31.01.0000;DINAS PERDAGANGAN, PERINDUSTRIAN, KOPERASI USAHA KECIL DAN MENENGAH;2.17.3.30.3.31.01.0000;DINAS PERDAGANGAN, PERINDUSTRIAN, KOPERASI USAHA KECIL DAN MENENGAH;3.31.02.2.01.0005;Koordinasi, Sinkronisasi, dan Pelaksanaan Pemberdayaan Industri dan Peran Serta Masyarakat;5.1.02.01.001.00043;Belanja Natura dan Pakan-Natura;0;47091216
2026;2.17.3.30.3.31.01.0000;DINAS PERDAGANGAN, PERINDUSTRIAN, KOPERASI USAHA KECIL DAN MENENGAH;2.17.3.30.3.31.01.0000;DINAS PERDAGANGAN, PERINDUSTRIAN, KOPERASI USAHA KECIL DAN MENENGAH;3.31.02.2.01.0005;Koordinasi, Sinkronisasi, dan Pelaksanaan Pemberdayaan Industri dan Peran Serta Masyarakat;5.1.02.01.001.00052;Belanja Makanan dan Minuman Rapat;5665000;0
2026;2.17.3.30.3.31.01.0000;DINAS PERDAGANGAN, PERINDUSTRIAN, KOPERASI USAHA KECIL DAN MENENGAH;2.17.3.30.3.31.01.0000;DINAS PERDAGANGAN, PERINDUSTRIAN, KOPERASI USAHA KECIL DAN MENENGAH;3.31.02.2.01.0005;Koordinasi, Sinkronisasi, dan Pelaksanaan Pemberdayaan Industri dan Peran Serta Masyarakat;5.1.02.02.001.00048;Belanja Jasa Kontribusi Asosiasi;15000000;0
2026;2.17.3.30.3.31.01.0000;DINAS PERDAGANGAN, PERINDUSTRIAN, KOPERASI USAHA KECIL DAN MENENGAH;2.17.3.30.3.31.01.0000;DINAS PERDAGANGAN, PERINDUSTRIAN, KOPERASI USAHA KECIL DAN MENENGAH;3.31.02.2.01.0005;Koordinasi, Sinkronisasi, dan Pelaksanaan Pemberdayaan Industri dan Peran Serta Masyarakat;5.1.02.04.001.00001;Belanja Perjalanan Dinas Biasa;234155000;86000317
2026;2.17.3.30.3.31.01.0000;DINAS PERDAGANGAN, PERINDUSTRIAN, KOPERASI USAHA KECIL DAN MENENGAH;2.17.3.30.3.31.01.0000;DINAS PERDAGANGAN, PERINDUSTRIAN, KOPERASI USAHA KECIL DAN MENENGAH;3.31.02.2.01.0005;Koordinasi, Sinkronisasi, dan Pelaksanaan Pemberdayaan Industri dan Peran Serta Masyarakat;5.1.02.04.001.00003;Belanja Perjalanan Dinas Dalam Kota;17220000;322500
2026;2.17.3.30.3.31.01.0000;DINAS PERDAGANGAN, PERINDUSTRIAN, KOPERASI USAHA KECIL DAN MENENGAH;2.17.3.30.3.31.01.0000;DINAS PERDAGANGAN, PERINDUSTRIAN, KOPERASI USAHA KECIL DAN MENENGAH;3.31.04.2.01.0001;Fasilitasi Pengumpulan, Pengolahan dan Analisis Data Industri, Data Kawasan Industri serta Data Lain Lingkup Kabupaten/Kota Melalui Sistem Informasi Industri Nasional (SIINas);5.1.02.04.001.00003;Belanja Perjalanan Dinas Dalam Kota;840000;124000
2026;1.04.2.11.0.00.01.0000;DINAS PERUMAHAN, KAWASAN PERMUKIMAN DAN LINGKUNGAN HIDUP;1.04.2.11.0.00.01.0000;DINAS PERUMAHAN, KAWASAN PERMUKIMAN DAN LINGKUNGAN HIDUP;1.03.03.2.01.0032;Perluasan Sistem Penyediaan Air Minum (SPAM) Jaringan Perpipaan;5.1.02.01.001.00039;Belanja Barang untuk Dijual/Diserahkan kepada Masyarakat;200000000;59913300
2026;1.04.2.11.0.00.01.0000;DINAS PERUMAHAN, KAWASAN PERMUKIMAN DAN LINGKUNGAN HIDUP;1.04.2.11.0.00.01.0000;DINAS PERUMAHAN, KAWASAN PERMUKIMAN DAN LINGKUNGAN HIDUP;1.03.03.2.01.0032;Perluasan Sistem Penyediaan Air Minum (SPAM) Jaringan Perpipaan;5.1.02.02.008.00008;Belanja Jasa Konsultansi Perencanaan Rekayasa-Jasa Desain Rekayasa untuk Pekerjaan Teknik Sipil Air;115000000;14973800
2026;1.04.2.11.0.00.01.0000;DINAS PERUMAHAN, KAWASAN PERMUKIMAN DAN LINGKUNGAN HIDUP;1.04.2.11.0.00.01.0000;DINAS PERUMAHAN, KAWASAN PERMUKIMAN DAN LINGKUNGAN HIDUP;1.03.03.2.01.0032;Perluasan Sistem Penyediaan Air Minum (SPAM) Jaringan Perpipaan;5.1.02.04.001.00003;Belanja Perjalanan Dinas Dalam Kota;2177000;0
2026;1.04.2.11.0.00.01.0000;DINAS PERUMAHAN, KAWASAN PERMUKIMAN DAN LINGKUNGAN HIDUP;1.04.2.11.0.00.01.0000;DINAS PERUMAHAN, KAWASAN PERMUKIMAN DAN LINGKUNGAN HIDUP;1.03.05.2.01.0044;Penyediaan Unit pengolahan setempat;5.1.02.01.001.00024;Belanja Alat/Bahan untuk Kegiatan Kantor-Alat Tulis Kantor;1406150;0
2026;1.04.2.11.0.00.01.0000;DINAS PERUMAHAN, KAWASAN PERMUKIMAN DAN LINGKUNGAN HIDUP;1.04.2.11.0.00.01.0000;DINAS PERUMAHAN, KAWASAN PERMUKIMAN DAN LINGKUNGAN HIDUP;1.03.05.2.01.0044;Penyediaan Unit pengolahan setempat;5.1.02.01.001.00025;Belanja Alat/Bahan untuk Kegiatan Kantor- Kertas dan Cover;834300;0
2026;1.04.2.11.0.00.01.0000;DINAS PERUMAHAN, KAWASAN PERMUKIMAN DAN LINGKUNGAN HIDUP;1.04.2.11.0.00.01.0000;DINAS PERUMAHAN, KAWASAN PERMUKIMAN DAN LINGKUNGAN HIDUP;1.03.05.2.01.0044;Penyediaan Unit pengolahan setempat;5.1.02.01.001.00029;Belanja Alat/Bahan untuk Kegiatan Kantor-Bahan Komputer;767550;0
2026;1.04.2.11.0.00.01.0000;DINAS PERUMAHAN, KAWASAN PERMUKIMAN DAN LINGKUNGAN HIDUP;1.04.2.11.0.00.01.0000;DINAS PERUMAHAN, KAWASAN PERMUKIMAN DAN LINGKUNGAN HIDUP;1.03.05.2.01.0044;Penyediaan Unit pengolahan setempat;5.1.02.01.001.00039;Belanja Barang untuk Dijual/Diserahkan kepada Masyarakat;117000000;0
2026;1.04.2.11.0.00.01.0000;DINAS PERUMAHAN, KAWASAN PERMUKIMAN DAN LINGKUNGAN HIDUP;1.04.2.11.0.00.01.0000;DINAS PERUMAHAN, KAWASAN PERMUKIMAN DAN LINGKUNGAN HIDUP;1.03.05.2.01.0044;Penyediaan Unit pengolahan setempat;5.1.02.04.001.00003;Belanja Perjalanan Dinas Dalam Kota;2922000;0
2026;1.04.2.11.0.00.01.0000;DINAS PERUMAHAN, KAWASAN PERMUKIMAN DAN LINGKUNGAN HIDUP;1.04.2.11.0.00.01.0000;DINAS PERUMAHAN, KAWASAN PERMUKIMAN DAN LINGKUNGAN HIDUP;1.04.01.2.02.0001;Penyediaan Gaji dan Tunjangan ASN;5.1.01.01.001.00001;Belanja Gaji Pokok PNS;1994519986;1260259200
2026;1.04.2.11.0.00.01.0000;DINAS PERUMAHAN, KAWASAN PERMUKIMAN DAN LINGKUNGAN HIDUP;1.04.2.11.0.00.01.0000;DINAS PERUMAHAN, KAWASAN PERMUKIMAN DAN LINGKUNGAN HIDUP;1.04.01.2.02.0001;Penyediaan Gaji dan Tunjangan ASN;5.1.01.01.001.00002;Belanja Gaji Pokok PPPK;858271660;486135902
2026;1.04.2.11.0.00.01.0000;DINAS PERUMAHAN, KAWASAN PERMUKIMAN DAN LINGKUNGAN HIDUP;1.04.2.11.0.00.01.0000;DINAS PERUMAHAN, KAWASAN PERMUKIMAN DAN LINGKUNGAN HIDUP;1.04.01.2.02.0001;Penyediaan Gaji dan Tunjangan ASN;5.1.01.01.002.00001;Belanja Tunjangan Keluarga PNS;187413413;113875287
2026;1.04.2.11.0.00.01.0000;DINAS PERUMAHAN, KAWASAN PERMUKIMAN DAN LINGKUNGAN HIDUP;1.04.2.11.0.00.01.0000;DINAS PERUMAHAN, KAWASAN PERMUKIMAN DAN LINGKUNGAN HIDUP;1.04.01.2.02.0001;Penyediaan Gaji dan Tunjangan ASN;5.1.01.01.002.00002;Belanja Tunjangan Keluarga PPPK;88280339;48691365
2026;1.04.2.11.0.00.01.0000;DINAS PERUMAHAN, KAWASAN PERMUKIMAN DAN LINGKUNGAN HIDUP;1.04.2.11.0.00.01.0000;DINAS PERUMAHAN, KAWASAN PERMUKIMAN DAN LINGKUNGAN HIDUP;1.04.01.2.02.0001;Penyediaan Gaji dan Tunjangan ASN;5.1.01.01.003.00001;Belanja Tunjangan Jabatan PNS;125921250;68265000
2026;1.04.2.11.0.00.01.0000;DINAS PERUMAHAN, KAWASAN PERMUKIMAN DAN LINGKUNGAN HIDUP;1.04.2.11.0.00.01.0000;DINAS PERUMAHAN, KAWASAN PERMUKIMAN DAN LINGKUNGAN HIDUP;1.04.01.2.02.0001;Penyediaan Gaji dan Tunjangan ASN;5.1.01.01.004.00001;Belanja Tunjangan Fungsional PNS;49494000;28620000
2026;1.04.2.11.0.00.01.0000;DINAS PERUMAHAN, KAWASAN PERMUKIMAN DAN LINGKUNGAN HIDUP;1.04.2.11.0.00.01.0000;DINAS PERUMAHAN, KAWASAN PERMUKIMAN DAN LINGKUNGAN HIDUP;1.04.01.2.02.0001;Penyediaan Gaji dan Tunjangan ASN;5.1.01.01.005.00001;Belanja Tunjangan Fungsional Umum PNS;85097500;51990000
2026;1.04.2.11.0.00.01.0000;DINAS PERUMAHAN, KAWASAN PERMUKIMAN DAN LINGKUNGAN HIDUP;1.04.2.11.0.00.01.0000;DINAS PERUMAHAN, KAWASAN PERMUKIMAN DAN LINGKUNGAN HIDUP;1.04.01.2.02.0001;Penyediaan Gaji dan Tunjangan ASN;5.1.01.01.005.00002;Belanja Tunjangan Fungsional Umum PPPK;54954750;31088328
2026;1.04.2.11.0.00.01.0000;DINAS PERUMAHAN, KAWASAN PERMUKIMAN DAN LINGKUNGAN HIDUP;1.04.2.11.0.00.01.0000;DINAS PERUMAHAN, KAWASAN PERMUKIMAN DAN LINGKUNGAN HIDUP;1.04.01.2.02.0001;Penyediaan Gaji dan Tunjangan ASN;5.1.01.01.006.00001;Belanja Tunjangan Beras PNS;117736815;71768220
2026;1.04.2.11.0.00.01.0000;DINAS PERUMAHAN, KAWASAN PERMUKIMAN DAN LINGKUNGAN HIDUP;1.04.2.11.0.00.01.0000;DINAS PERUMAHAN, KAWASAN PERMUKIMAN DAN LINGKUNGAN HIDUP;1.04.01.2.02.0001;Penyediaan Gaji dan Tunjangan ASN;5.1.01.01.006.00002;Belanja Tunjangan Beras PPPK;59235939;33095940
2026;1.04.2.11.0.00.01.0000;DINAS PERUMAHAN, KAWASAN PERMUKIMAN DAN LINGKUNGAN HIDUP;1.04.2.11.0.00.01.0000;DINAS PERUMAHAN, KAWASAN PERMUKIMAN DAN LINGKUNGAN HIDUP;1.04.01.2.02.0001;Penyediaan Gaji dan Tunjangan ASN;5.1.01.01.007.00001;Belanja Tunjangan PPh/Tunjangan Khusus PNS;28087858;3178276
2026;1.04.2.11.0.00.01.0000;DINAS PERUMAHAN, KAWASAN PERMUKIMAN DAN LINGKUNGAN HIDUP;1.04.2.11.0.00.01.0000;DINAS PERUMAHAN, KAWASAN PERMUKIMAN DAN LINGKUNGAN HIDUP;1.04.01.2.02.0001;Penyediaan Gaji dan Tunjangan ASN;5.1.01.01.008.00001;Belanja Pembulatan Gaji PNS;32949;17067
2026;1.04.2.11.0.00.01.0000;DINAS PERUMAHAN, KAWASAN PERMUKIMAN DAN LINGKUNGAN HIDUP;1.04.2.11.0.00.01.0000;DINAS PERUMAHAN, KAWASAN PERMUKIMAN DAN LINGKUNGAN HIDUP;1.04.01.2.02.0001;Penyediaan Gaji dan Tunjangan ASN;5.1.01.01.008.00002;Belanja Pembulatan Gaji PPPK;21178;8418
2026;1.04.2.11.0.00.01.0000;DINAS PERUMAHAN, KAWASAN PERMUKIMAN DAN LINGKUNGAN HIDUP;1.04.2.11.0.00.01.0000;DINAS PERUMAHAN, KAWASAN PERMUKIMAN DAN LINGKUNGAN HIDUP;1.04.01.2.02.0001;Penyediaan Gaji dan Tunjangan ASN;5.1.01.01.009.00001;Belanja Iuran Jaminan Kesehatan PNS;171608908;60175004
2026;1.04.2.11.0.00.01.0000;DINAS PERUMAHAN, KAWASAN PERMUKIMAN DAN LINGKUNGAN HIDUP;1.04.2.11.0.00.01.0000;DINAS PERUMAHAN, KAWASAN PERMUKIMAN DAN LINGKUNGAN HIDUP;1.04.01.2.02.0001;Penyediaan Gaji dan Tunjangan ASN;5.1.01.01.009.00002;Belanja Iuran Jaminan Kesehatan PPPK;40032281;19473694
2026;1.04.2.11.0.00.01.0000;DINAS PERUMAHAN, KAWASAN PERMUKIMAN DAN LINGKUNGAN HIDUP;1.04.2.11.0.00.01.0000;DINAS PERUMAHAN, KAWASAN PERMUKIMAN DAN LINGKUNGAN HIDUP;1.04.01.2.02.0001;Penyediaan Gaji dan Tunjangan ASN;5.1.01.01.010.00001;Belanja Iuran Jaminan Kecelakaan Kerja PNS;4976599;2345767
2026;1.04.2.11.0.00.01.0000;DINAS PERUMAHAN, KAWASAN PERMUKIMAN DAN LINGKUNGAN HIDUP;1.04.2.11.0.00.01.0000;DINAS PERUMAHAN, KAWASAN PERMUKIMAN DAN LINGKUNGAN HIDUP;1.04.01.2.02.0001;Penyediaan Gaji dan Tunjangan ASN;5.1.01.01.010.00002;Belanja Iuran Jaminan Kecelakaan Kerja PPPK;2110337;1004115
2026;1.04.2.11.0.00.01.0000;DINAS PERUMAHAN, KAWASAN PERMUKIMAN DAN LINGKUNGAN HIDUP;1.04.2.11.0.00.01.0000;DINAS PERUMAHAN, KAWASAN PERMUKIMAN DAN LINGKUNGAN HIDUP;1.04.01.2.02.0001;Penyediaan Gaji dan Tunjangan ASN;5.1.01.01.011.00001;Belanja Iuran Jaminan Kematian PNS;14926648;7037239
2026;1.04.2.11.0.00.01.0000;DINAS PERUMAHAN, KAWASAN PERMUKIMAN DAN LINGKUNGAN HIDUP;1.04.2.11.0.00.01.0000;DINAS PERUMAHAN, KAWASAN PERMUKIMAN DAN LINGKUNGAN HIDUP;1.04.01.2.02.0001;Penyediaan Gaji dan Tunjangan ASN;5.1.01.01.011.00002;Belanja Iuran Jaminan Kematian PPPK;6123501;3012212
2026;1.04.2.11.0.00.01.0000;DINAS PERUMAHAN, KAWASAN PERMUKIMAN DAN LINGKUNGAN HIDUP;1.04.2.11.0.00.01.0000;DINAS PERUMAHAN, KAWASAN PERMUKIMAN DAN LINGKUNGAN HIDUP;1.04.01.2.02.0001;Penyediaan Gaji dan Tunjangan ASN;5.1.01.01.012.00001;Belanja Iuran Simpanan Peserta Tabungan Perumahan Rakyat PNS;10472600;0
2026;1.04.2.11.0.00.01.0000;DINAS PERUMAHAN, KAWASAN PERMUKIMAN DAN LINGKUNGAN HIDUP;1.04.2.11.0.00.01.0000;DINAS PERUMAHAN, KAWASAN PERMUKIMAN DAN LINGKUNGAN HIDUP;1.04.01.2.02.0001;Penyediaan Gaji dan Tunjangan ASN;5.1.01.01.012.00002;Belanja Iuran Simpanan Peserta Tabungan Perumahan Rakyat PPPK;4291358;0
2026;1.04.2.11.0.00.01.0000;DINAS PERUMAHAN, KAWASAN PERMUKIMAN DAN LINGKUNGAN HIDUP;1.04.2.11.0.00.01.0000;DINAS PERUMAHAN, KAWASAN PERMUKIMAN DAN LINGKUNGAN HIDUP;1.04.01.2.02.0001;Penyediaan Gaji dan Tunjangan ASN;5.1.01.02.001.00001;Tambahan Penghasilan berdasarkan Beban Kerja PNS;719297660;440836996
2026;1.04.2.11.0.00.01.0000;DINAS PERUMAHAN, KAWASAN PERMUKIMAN DAN LINGKUNGAN HIDUP;1.04.2.11.0.00.01.0000;DINAS PERUMAHAN, KAWASAN PERMUKIMAN DAN LINGKUNGAN HIDUP;1.04.01.2.02.0001;Penyediaan Gaji dan Tunjangan ASN;5.1.01.02.003.00001;Tambahan Penghasilan berdasarkan Kondisi Kerja PNS;30030000;14720000
2026;1.04.2.11.0.00.01.0000;DINAS PERUMAHAN, KAWASAN PERMUKIMAN DAN LINGKUNGAN HIDUP;1.04.2.11.0.00.01.0000;DINAS PERUMAHAN, KAWASAN PERMUKIMAN DAN LINGKUNGAN HIDUP;1.04.01.2.02.0001;Penyediaan Gaji dan Tunjangan ASN;5.1.02.02.001.00080;Belanja Honorarium Penanggungjawaban Pengelola Keuangan;27130000;9455000
2026;1.04.2.11.0.00.01.0000;DINAS PERUMAHAN, KAWASAN PERMUKIMAN DAN LINGKUNGAN HIDUP;1.04.2.11.0.00.01.0000;DINAS PERUMAHAN, KAWASAN PERMUKIMAN DAN LINGKUNGAN HIDUP;1.04.01.2.02.0001;Penyediaan Gaji dan Tunjangan ASN;5.1.02.02.001.00088;Belanja jasa Pegawai Pemerintah dengan Perjanjian Kerja (PPPK) Paruh Waktu pada jabatan operator lay;61500000;30750000
2026;1.04.2.11.0.00.01.0000;DINAS PERUMAHAN, KAWASAN PERMUKIMAN DAN LINGKUNGAN HIDUP;1.04.2.11.0.00.01.0000;DINAS PERUMAHAN, KAWASAN PERMUKIMAN DAN LINGKUNGAN HIDUP;1.04.01.2.02.0001;Penyediaan Gaji dan Tunjangan ASN;5.1.02.02.002.00006;Belanja Iuran Jaminan Kecelakaan Kerja bagi Non ASN;0;0
2026;1.04.2.11.0.00.01.0000;DINAS PERUMAHAN, KAWASAN PERMUKIMAN DAN LINGKUNGAN HIDUP;1.04.2.11.0.00.01.0000;DINAS PERUMAHAN, KAWASAN PERMUKIMAN DAN LINGKUNGAN HIDUP;1.04.01.2.02.0001;Penyediaan Gaji dan Tunjangan ASN;5.1.02.02.002.00007;Belanja Iuran Jaminan Kematian bagi Non ASN;0;0
2026;1.04.2.11.0.00.01.0000;DINAS PERUMAHAN, KAWASAN PERMUKIMAN DAN LINGKUNGAN HIDUP;1.04.2.11.0.00.01.0000;DINAS PERUMAHAN, KAWASAN PERMUKIMAN DAN LINGKUNGAN HIDUP;1.04.01.2.02.0001;Penyediaan Gaji dan Tunjangan ASN;5.1.02.02.002.00019;Belanja Iuran Jaminan Kesehatan bagi PPPK Paruh Waktu pada Jabatan Operator Layanan Operasional;7639080;0
2026;1.04.2.11.0.00.01.0000;DINAS PERUMAHAN, KAWASAN PERMUKIMAN DAN LINGKUNGAN HIDUP;1.04.2.11.0.00.01.0000;DINAS PERUMAHAN, KAWASAN PERMUKIMAN DAN LINGKUNGAN HIDUP;1.04.01.2.02.0001;Penyediaan Gaji dan Tunjangan ASN;5.1.02.02.002.00027;Belanja Iuran Jaminan Kecelakaan Kerja bagi PPPK Paruh Waktu pada Jabatan Operator Layanan Operasion;306660;25555
2026;1.04.2.11.0.00.01.0000;DINAS PERUMAHAN, KAWASAN PERMUKIMAN DAN LINGKUNGAN HIDUP;1.04.2.11.0.00.01.0000;DINAS PERUMAHAN, KAWASAN PERMUKIMAN DAN LINGKUNGAN HIDUP;1.04.01.2.02.0001;Penyediaan Gaji dan Tunjangan ASN;5.1.02.02.002.00035;Belanja Iuran Jaminan Kematian bagi PPPK Paruh Waktu pada Jabatan Operator Layanan Operasional;383340;31945
2026;1.04.2.11.0.00.01.0000;DINAS PERUMAHAN, KAWASAN PERMUKIMAN DAN LINGKUNGAN HIDUP;1.04.2.11.0.00.01.0000;DINAS PERUMAHAN, KAWASAN PERMUKIMAN DAN LINGKUNGAN HIDUP;1.04.01.2.06.0004;Penyediaan Bahan Logistik Kantor;5.1.02.01.001.00024;Belanja Alat/Bahan untuk Kegiatan Kantor-Alat Tulis Kantor;1058350;621900
2026;1.04.2.11.0.00.01.0000;DINAS PERUMAHAN, KAWASAN PERMUKIMAN DAN LINGKUNGAN HIDUP;1.04.2.11.0.00.01.0000;DINAS PERUMAHAN, KAWASAN PERMUKIMAN DAN LINGKUNGAN HIDUP;1.04.01.2.06.0004;Penyediaan Bahan Logistik Kantor;5.1.02.01.001.00025;Belanja Alat/Bahan untuk Kegiatan Kantor- Kertas dan Cover;3255750;1612886
2026;1.04.2.11.0.00.01.0000;DINAS PERUMAHAN, KAWASAN PERMUKIMAN DAN LINGKUNGAN HIDUP;1.04.2.11.0.00.01.0000;DINAS PERUMAHAN, KAWASAN PERMUKIMAN DAN LINGKUNGAN HIDUP;1.04.01.2.06.0004;Penyediaan Bahan Logistik Kantor;5.1.02.01.001.00029;Belanja Alat/Bahan untuk Kegiatan Kantor-Bahan Komputer;3110000;1216782
2026;1.04.2.11.0.00.01.0000;DINAS PERUMAHAN, KAWASAN PERMUKIMAN DAN LINGKUNGAN HIDUP;1.04.2.11.0.00.01.0000;DINAS PERUMAHAN, KAWASAN PERMUKIMAN DAN LINGKUNGAN HIDUP;1.04.01.2.06.0004;Penyediaan Bahan Logistik Kantor;5.1.02.01.001.00036;Belanja Alat/Bahan untuk Kegiatan Kantor-Alat/Bahan untuk Kegiatan Kantor Lainnya;449800;257775
2026;1.04.2.11.0.00.01.0000;DINAS PERUMAHAN, KAWASAN PERMUKIMAN DAN LINGKUNGAN HIDUP;1.04.2.11.0.00.01.0000;DINAS PERUMAHAN, KAWASAN PERMUKIMAN DAN LINGKUNGAN HIDUP;1.04.01.2.06.0005;Penyediaan Barang Cetakan dan Penggandaan;5.1.02.01.001.00024;Belanja Alat/Bahan untuk Kegiatan Kantor-Alat Tulis Kantor;6490711;3142496
2026;1.04.2.11.0.00.01.0000;DINAS PERUMAHAN, KAWASAN PERMUKIMAN DAN LINGKUNGAN HIDUP;1.04.2.11.0.00.01.0000;DINAS PERUMAHAN, KAWASAN PERMUKIMAN DAN LINGKUNGAN HIDUP;1.04.01.2.06.0008;Fasilitasi Kunjungan Tamu;5.1.02.01.001.00053;Belanja Makanan dan Minuman Jamuan Tamu;1702900;841300
2026;1.04.2.11.0.00.01.0000;DINAS PERUMAHAN, KAWASAN PERMUKIMAN DAN LINGKUNGAN HIDUP;1.04.2.11.0.00.01.0000;DINAS PERUMAHAN, KAWASAN PERMUKIMAN DAN LINGKUNGAN HIDUP;1.04.01.2.06.0009;Penyelenggaraan Rapat Koordinasi dan Konsultasi SKPD;5.1.02.04.001.00001;Belanja Perjalanan Dinas Biasa;25025000;6104700
2026;1.04.2.11.0.00.01.0000;DINAS PERUMAHAN, KAWASAN PERMUKIMAN DAN LINGKUNGAN HIDUP;1.04.2.11.0.00.01.0000;DINAS PERUMAHAN, KAWASAN PERMUKIMAN DAN LINGKUNGAN HIDUP;1.04.01.2.06.0009;Penyelenggaraan Rapat Koordinasi dan Konsultasi SKPD;5.1.02.04.001.00003;Belanja Perjalanan Dinas Dalam Kota;5880000;0
2026;1.04.2.11.0.00.01.0000;DINAS PERUMAHAN, KAWASAN PERMUKIMAN DAN LINGKUNGAN HIDUP;1.04.2.11.0.00.01.0000;DINAS PERUMAHAN, KAWASAN PERMUKIMAN DAN LINGKUNGAN HIDUP;1.04.01.2.08.0002;Penyediaan Jasa Komunikasi, Sumber Daya Air dan Listrik;5.1.02.02.001.00060;Belanja Tagihan Air;55114500;23654800
2026;1.04.2.11.0.00.01.0000;DINAS PERUMAHAN, KAWASAN PERMUKIMAN DAN LINGKUNGAN HIDUP;1.04.2.11.0.00.01.0000;DINAS PERUMAHAN, KAWASAN PERMUKIMAN DAN LINGKUNGAN HIDUP;1.04.01.2.08.0002;Penyediaan Jasa Komunikasi, Sumber Daya Air dan Listrik;5.1.02.02.001.00061;Belanja Tagihan Listrik;195915510;67177452
2026;1.04.2.11.0.00.01.0000;DINAS PERUMAHAN, KAWASAN PERMUKIMAN DAN LINGKUNGAN HIDUP;1.04.2.11.0.00.01.0000;DINAS PERUMAHAN, KAWASAN PERMUKIMAN DAN LINGKUNGAN HIDUP;1.04.01.2.08.0002;Penyediaan Jasa Komunikasi, Sumber Daya Air dan Listrik;5.1.02.02.001.00063;Belanja Kawat/Faksimili/Internet/TV Berlangganan;14098560;7209786
2026;1.04.2.11.0.00.01.0000;DINAS PERUMAHAN, KAWASAN PERMUKIMAN DAN LINGKUNGAN HIDUP;1.04.2.11.0.00.01.0000;DINAS PERUMAHAN, KAWASAN PERMUKIMAN DAN LINGKUNGAN HIDUP;1.04.01.2.08.0004;Penyediaan Jasa Pelayanan Umum Kantor;5.1.02.02.001.00030;Belanja Jasa Tenaga Kebersihan;107790948;55990705
2026;1.04.2.11.0.00.01.0000;DINAS PERUMAHAN, KAWASAN PERMUKIMAN DAN LINGKUNGAN HIDUP;1.04.2.11.0.00.01.0000;DINAS PERUMAHAN, KAWASAN PERMUKIMAN DAN LINGKUNGAN HIDUP;1.04.01.2.08.0004;Penyediaan Jasa Pelayanan Umum Kantor;5.1.02.02.001.00031;Belanja Jasa Tenaga Keamanan;0;0
2026;1.04.2.11.0.00.01.0000;DINAS PERUMAHAN, KAWASAN PERMUKIMAN DAN LINGKUNGAN HIDUP;1.04.2.11.0.00.01.0000;DINAS PERUMAHAN, KAWASAN PERMUKIMAN DAN LINGKUNGAN HIDUP;1.04.01.2.09.0001;Penyediaan Jasa Pemeliharaan, Biaya Pemeliharaan, dan Pajak Kendaraan Perorangan Dinas atau Kendaraan Dinas Jabatan;5.1.02.03.002.00035;Belanja Pemeliharaan Alat Angkutan-Alat Angkutan Darat Bermotor-Kendaraan Dinas Bermotor Perorangan;10000000;6516400
2026;1.04.2.11.0.00.01.0000;DINAS PERUMAHAN, KAWASAN PERMUKIMAN DAN LINGKUNGAN HIDUP;1.04.2.11.0.00.01.0000;DINAS PERUMAHAN, KAWASAN PERMUKIMAN DAN LINGKUNGAN HIDUP;1.04.01.2.09.0002;Penyediaan Jasa Pemeliharaan, Biaya Pemeliharaan, Pajak dan Perizinan Kendaraan Dinas Operasional atau Lapangan;5.1.02.03.002.00039;Belanja Pemeliharaan Alat Angkutan-Alat Angkutan Darat Bermotor-Kendaraan Bermotor Beroda Tiga;0;0
2026;1.04.2.11.0.00.01.0000;DINAS PERUMAHAN, KAWASAN PERMUKIMAN DAN LINGKUNGAN HIDUP;1.04.2.11.0.00.01.0000;DINAS PERUMAHAN, KAWASAN PERMUKIMAN DAN LINGKUNGAN HIDUP;1.04.01.2.09.0002;Penyediaan Jasa Pemeliharaan, Biaya Pemeliharaan, Pajak dan Perizinan Kendaraan Dinas Operasional atau Lapangan;5.1.02.03.002.00043;Belanja Pemeliharaan Alat Angkutan-Alat Angkutan Darat Bermotor-Alat Angkutan Darat Bermotor Lainnya;30000000;9586050
2026;1.04.2.11.0.00.01.0000;DINAS PERUMAHAN, KAWASAN PERMUKIMAN DAN LINGKUNGAN HIDUP;1.04.2.11.0.00.01.0000;DINAS PERUMAHAN, KAWASAN PERMUKIMAN DAN LINGKUNGAN HIDUP;1.04.01.2.09.0006;Pemeliharaan Peralatan dan Mesin Lainnya;5.1.02.01.002.00005;Belanja Komponen-Attachment;0;0
2026;1.04.2.11.0.00.01.0000;DINAS PERUMAHAN, KAWASAN PERMUKIMAN DAN LINGKUNGAN HIDUP;1.04.2.11.0.00.01.0000;DINAS PERUMAHAN, KAWASAN PERMUKIMAN DAN LINGKUNGAN HIDUP;1.04.01.2.09.0006;Pemeliharaan Peralatan dan Mesin Lainnya;5.1.02.03.002.00034;Belanja Pemeliharaan Alat Besar-Alat Bantu-Alat Bantu Lainnya;0;0
2026;1.04.2.11.0.00.01.0000;DINAS PERUMAHAN, KAWASAN PERMUKIMAN DAN LINGKUNGAN HIDUP;1.04.2.11.0.00.01.0000;DINAS PERUMAHAN, KAWASAN PERMUKIMAN DAN LINGKUNGAN HIDUP;1.04.01.2.09.0006;Pemeliharaan Peralatan dan Mesin Lainnya;5.1.02.03.002.00047;Belanja Pemeliharaan Alat Angkutan-Alat Angkutan Darat Tak Bermotor-Alat Angkutan Darat Tak Bemotor;21680000;19933500
2026;1.04.2.11.0.00.01.0000;DINAS PERUMAHAN, KAWASAN PERMUKIMAN DAN LINGKUNGAN HIDUP;1.04.2.11.0.00.01.0000;DINAS PERUMAHAN, KAWASAN PERMUKIMAN DAN LINGKUNGAN HIDUP;1.04.01.2.09.0011;Pemeliharaan/Rehabilitasi Sarana dan Prasarana Pendukung Gedung Kantor atau Bangunan Lainnya;5.1.02.01.001.00009;Belanja Bahan-Isi Tabung Pemadam Kebakaran;0;0
2026;1.04.2.11.0.00.01.0000;DINAS PERUMAHAN, KAWASAN PERMUKIMAN DAN LINGKUNGAN HIDUP;1.04.2.11.0.00.01.0000;DINAS PERUMAHAN, KAWASAN PERMUKIMAN DAN LINGKUNGAN HIDUP;1.04.01.2.09.0011;Pemeliharaan/Rehabilitasi Sarana dan Prasarana Pendukung Gedung Kantor atau Bangunan Lainnya;5.1.02.03.002.00121;Belanja Pemeliharaan Alat Kantor dan Rumah Tangga-Alat Rumah Tangga-Alat Pendingin;3050000;1800000
2026;1.04.2.11.0.00.01.0000;DINAS PERUMAHAN, KAWASAN PERMUKIMAN DAN LINGKUNGAN HIDUP;1.04.2.11.0.00.01.0000;DINAS PERUMAHAN, KAWASAN PERMUKIMAN DAN LINGKUNGAN HIDUP;1.04.01.2.09.0011;Pemeliharaan/Rehabilitasi Sarana dan Prasarana Pendukung Gedung Kantor atau Bangunan Lainnya;5.1.02.03.002.00411;Belanja Pemeliharaan Komputer-Peralatan Komputer-Peralatan Komputer Lainnya;2150000;485000
2026;1.04.2.11.0.00.01.0000;DINAS PERUMAHAN, KAWASAN PERMUKIMAN DAN LINGKUNGAN HIDUP;1.04.2.11.0.00.01.0000;DINAS PERUMAHAN, KAWASAN PERMUKIMAN DAN LINGKUNGAN HIDUP;1.04.02.2.01.0009;Identifikasi Perumahan di Lokasi Rawan Bencana Kabupaten/Kota;5.1.02.01.001.00024;Belanja Alat/Bahan untuk Kegiatan Kantor-Alat Tulis Kantor;167500;129750
2026;1.04.2.11.0.00.01.0000;DINAS PERUMAHAN, KAWASAN PERMUKIMAN DAN LINGKUNGAN HIDUP;1.04.2.11.0.00.01.0000;DINAS PERUMAHAN, KAWASAN PERMUKIMAN DAN LINGKUNGAN HIDUP;1.04.02.2.01.0009;Identifikasi Perumahan di Lokasi Rawan Bencana Kabupaten/Kota;5.1.02.01.001.00025;Belanja Alat/Bahan untuk Kegiatan Kantor- Kertas dan Cover;145600;0
2026;1.04.2.11.0.00.01.0000;DINAS PERUMAHAN, KAWASAN PERMUKIMAN DAN LINGKUNGAN HIDUP;1.04.2.11.0.00.01.0000;DINAS PERUMAHAN, KAWASAN PERMUKIMAN DAN LINGKUNGAN HIDUP;1.04.02.2.01.0009;Identifikasi Perumahan di Lokasi Rawan Bencana Kabupaten/Kota;5.1.02.01.001.00029;Belanja Alat/Bahan untuk Kegiatan Kantor-Bahan Komputer;382900;314900
2026;1.04.2.11.0.00.01.0000;DINAS PERUMAHAN, KAWASAN PERMUKIMAN DAN LINGKUNGAN HIDUP;1.04.2.11.0.00.01.0000;DINAS PERUMAHAN, KAWASAN PERMUKIMAN DAN LINGKUNGAN HIDUP;1.04.02.2.01.0009;Identifikasi Perumahan di Lokasi Rawan Bencana Kabupaten/Kota;5.1.02.04.001.00003;Belanja Perjalanan Dinas Dalam Kota;1092000;0
2026;1.04.2.11.0.00.01.0000;DINAS PERUMAHAN, KAWASAN PERMUKIMAN DAN LINGKUNGAN HIDUP;1.04.2.11.0.00.01.0000;DINAS PERUMAHAN, KAWASAN PERMUKIMAN DAN LINGKUNGAN HIDUP;1.04.02.2.03.0004;Pembangunan Rumah bagi Korban Bencana;5.1.02.01.001.00024;Belanja Alat/Bahan untuk Kegiatan Kantor-Alat Tulis Kantor;194600;170000
2026;1.04.2.11.0.00.01.0000;DINAS PERUMAHAN, KAWASAN PERMUKIMAN DAN LINGKUNGAN HIDUP;1.04.2.11.0.00.01.0000;DINAS PERUMAHAN, KAWASAN PERMUKIMAN DAN LINGKUNGAN HIDUP;1.04.02.2.03.0004;Pembangunan Rumah bagi Korban Bencana;5.1.02.01.001.00025;Belanja Alat/Bahan untuk Kegiatan Kantor- Kertas dan Cover;417150;216000
2026;1.04.2.11.0.00.01.0000;DINAS PERUMAHAN, KAWASAN PERMUKIMAN DAN LINGKUNGAN HIDUP;1.04.2.11.0.00.01.0000;DINAS PERUMAHAN, KAWASAN PERMUKIMAN DAN LINGKUNGAN HIDUP;1.04.02.2.03.0004;Pembangunan Rumah bagi Korban Bencana;5.1.02.01.001.00039;Belanja Barang untuk Dijual/Diserahkan kepada Masyarakat;100000000;97500000
2026;1.04.2.11.0.00.01.0000;DINAS PERUMAHAN, KAWASAN PERMUKIMAN DAN LINGKUNGAN HIDUP;1.04.2.11.0.00.01.0000;DINAS PERUMAHAN, KAWASAN PERMUKIMAN DAN LINGKUNGAN HIDUP;1.04.02.2.03.0004;Pembangunan Rumah bagi Korban Bencana;5.1.02.04.001.00001;Belanja Perjalanan Dinas Biasa;3500000;0
2026;1.04.2.11.0.00.01.0000;DINAS PERUMAHAN, KAWASAN PERMUKIMAN DAN LINGKUNGAN HIDUP;1.04.2.11.0.00.01.0000;DINAS PERUMAHAN, KAWASAN PERMUKIMAN DAN LINGKUNGAN HIDUP;1.04.02.2.03.0004;Pembangunan Rumah bagi Korban Bencana;5.1.02.04.001.00003;Belanja Perjalanan Dinas Dalam Kota;2940000;206400
2026;1.04.2.11.0.00.01.0000;DINAS PERUMAHAN, KAWASAN PERMUKIMAN DAN LINGKUNGAN HIDUP;1.04.2.11.0.00.01.0000;DINAS PERUMAHAN, KAWASAN PERMUKIMAN DAN LINGKUNGAN HIDUP;1.04.02.2.03.0004;Pembangunan Rumah bagi Korban Bencana;5.1.02.04.001.00005;Belanja Perjalanan Dinas Paket Meeting Luar Kota;0;0
2026;1.04.2.11.0.00.01.0000;DINAS PERUMAHAN, KAWASAN PERMUKIMAN DAN LINGKUNGAN HIDUP;1.04.2.11.0.00.01.0000;DINAS PERUMAHAN, KAWASAN PERMUKIMAN DAN LINGKUNGAN HIDUP;1.04.03.2.03.0002;Perbaikan Rumah Tidak Layak Huni;5.1.02.01.001.00024;Belanja Alat/Bahan untuk Kegiatan Kantor-Alat Tulis Kantor;6545250;0
2026;1.04.2.11.0.00.01.0000;DINAS PERUMAHAN, KAWASAN PERMUKIMAN DAN LINGKUNGAN HIDUP;1.04.2.11.0.00.01.0000;DINAS PERUMAHAN, KAWASAN PERMUKIMAN DAN LINGKUNGAN HIDUP;1.04.03.2.03.0002;Perbaikan Rumah Tidak Layak Huni;5.1.02.01.001.00025;Belanja Alat/Bahan untuk Kegiatan Kantor- Kertas dan Cover;1209000;216000
2026;1.04.2.11.0.00.01.0000;DINAS PERUMAHAN, KAWASAN PERMUKIMAN DAN LINGKUNGAN HIDUP;1.04.2.11.0.00.01.0000;DINAS PERUMAHAN, KAWASAN PERMUKIMAN DAN LINGKUNGAN HIDUP;1.04.03.2.03.0002;Perbaikan Rumah Tidak Layak Huni;5.1.02.01.001.00029;Belanja Alat/Bahan untuk Kegiatan Kantor-Bahan Komputer;1163600;434380
2026;1.04.2.11.0.00.01.0000;DINAS PERUMAHAN, KAWASAN PERMUKIMAN DAN LINGKUNGAN HIDUP;1.04.2.11.0.00.01.0000;DINAS PERUMAHAN, KAWASAN PERMUKIMAN DAN LINGKUNGAN HIDUP;1.04.03.2.03.0002;Perbaikan Rumah Tidak Layak Huni;5.1.02.01.001.00039;Belanja Barang untuk Dijual/Diserahkan kepada Masyarakat;720000000;333750000
2026;1.04.2.11.0.00.01.0000;DINAS PERUMAHAN, KAWASAN PERMUKIMAN DAN LINGKUNGAN HIDUP;1.04.2.11.0.00.01.0000;DINAS PERUMAHAN, KAWASAN PERMUKIMAN DAN LINGKUNGAN HIDUP;1.04.03.2.03.0002;Perbaikan Rumah Tidak Layak Huni;5.1.02.01.001.00052;Belanja Makanan dan Minuman Rapat;1515300;965000
2026;1.04.2.11.0.00.01.0000;DINAS PERUMAHAN, KAWASAN PERMUKIMAN DAN LINGKUNGAN HIDUP;1.04.2.11.0.00.01.0000;DINAS PERUMAHAN, KAWASAN PERMUKIMAN DAN LINGKUNGAN HIDUP;1.04.03.2.03.0002;Perbaikan Rumah Tidak Layak Huni;5.1.02.04.001.00001;Belanja Perjalanan Dinas Biasa;5880100;0
2026;1.04.2.11.0.00.01.0000;DINAS PERUMAHAN, KAWASAN PERMUKIMAN DAN LINGKUNGAN HIDUP;1.04.2.11.0.00.01.0000;DINAS PERUMAHAN, KAWASAN PERMUKIMAN DAN LINGKUNGAN HIDUP;1.04.03.2.03.0002;Perbaikan Rumah Tidak Layak Huni;5.1.02.04.001.00003;Belanja Perjalanan Dinas Dalam Kota;22160000;2502100
2026;1.04.2.11.0.00.01.0000;DINAS PERUMAHAN, KAWASAN PERMUKIMAN DAN LINGKUNGAN HIDUP;1.04.2.11.0.00.01.0000;DINAS PERUMAHAN, KAWASAN PERMUKIMAN DAN LINGKUNGAN HIDUP;1.04.03.2.03.0002;Perbaikan Rumah Tidak Layak Huni;5.1.02.04.001.00005;Belanja Perjalanan Dinas Paket Meeting Luar Kota;0;0
2026;1.04.2.11.0.00.01.0000;DINAS PERUMAHAN, KAWASAN PERMUKIMAN DAN LINGKUNGAN HIDUP;1.04.2.11.0.00.01.0000;DINAS PERUMAHAN, KAWASAN PERMUKIMAN DAN LINGKUNGAN HIDUP;1.04.03.2.03.0004;Koordinasi dan Sinkronisasi Pengendalian Penyelenggaraan Pemugaran/Peremajaan Permukiman Kumuh;5.1.02.01.001.00024;Belanja Alat/Bahan untuk Kegiatan Kantor-Alat Tulis Kantor;293500;170000
2026;1.04.2.11.0.00.01.0000;DINAS PERUMAHAN, KAWASAN PERMUKIMAN DAN LINGKUNGAN HIDUP;1.04.2.11.0.00.01.0000;DINAS PERUMAHAN, KAWASAN PERMUKIMAN DAN LINGKUNGAN HIDUP;1.04.03.2.03.0004;Koordinasi dan Sinkronisasi Pengendalian Penyelenggaraan Pemugaran/Peremajaan Permukiman Kumuh;5.1.02.01.001.00025;Belanja Alat/Bahan untuk Kegiatan Kantor- Kertas dan Cover;291200;0
2026;1.04.2.11.0.00.01.0000;DINAS PERUMAHAN, KAWASAN PERMUKIMAN DAN LINGKUNGAN HIDUP;1.04.2.11.0.00.01.0000;DINAS PERUMAHAN, KAWASAN PERMUKIMAN DAN LINGKUNGAN HIDUP;1.04.03.2.03.0004;Koordinasi dan Sinkronisasi Pengendalian Penyelenggaraan Pemugaran/Peremajaan Permukiman Kumuh;5.1.02.01.001.00029;Belanja Alat/Bahan untuk Kegiatan Kantor-Bahan Komputer;532900;434380
2026;1.04.2.11.0.00.01.0000;DINAS PERUMAHAN, KAWASAN PERMUKIMAN DAN LINGKUNGAN HIDUP;1.04.2.11.0.00.01.0000;DINAS PERUMAHAN, KAWASAN PERMUKIMAN DAN LINGKUNGAN HIDUP;1.04.03.2.03.0004;Koordinasi dan Sinkronisasi Pengendalian Penyelenggaraan Pemugaran/Peremajaan Permukiman Kumuh;5.1.02.04.001.00001;Belanja Perjalanan Dinas Biasa;8770200;462500
2026;1.04.2.11.0.00.01.0000;DINAS PERUMAHAN, KAWASAN PERMUKIMAN DAN LINGKUNGAN HIDUP;1.04.2.11.0.00.01.0000;DINAS PERUMAHAN, KAWASAN PERMUKIMAN DAN LINGKUNGAN HIDUP;1.04.03.2.03.0004;Koordinasi dan Sinkronisasi Pengendalian Penyelenggaraan Pemugaran/Peremajaan Permukiman Kumuh;5.1.02.04.001.00003;Belanja Perjalanan Dinas Dalam Kota;1092000;634500
2026;1.04.2.11.0.00.01.0000;DINAS PERUMAHAN, KAWASAN PERMUKIMAN DAN LINGKUNGAN HIDUP;1.04.2.11.0.00.01.0000;DINAS PERUMAHAN, KAWASAN PERMUKIMAN DAN LINGKUNGAN HIDUP;1.04.03.2.03.0004;Koordinasi dan Sinkronisasi Pengendalian Penyelenggaraan Pemugaran/Peremajaan Permukiman Kumuh;5.1.02.04.001.00005;Belanja Perjalanan Dinas Paket Meeting Luar Kota;0;0
2026;1.04.2.11.0.00.01.0000;DINAS PERUMAHAN, KAWASAN PERMUKIMAN DAN LINGKUNGAN HIDUP;1.04.2.11.0.00.01.0000;DINAS PERUMAHAN, KAWASAN PERMUKIMAN DAN LINGKUNGAN HIDUP;1.04.05.2.01.0010;Verifikasi dan Penyerahan PSU Perumahan dari Pengembang;5.1.02.01.001.00024;Belanja Alat/Bahan untuk Kegiatan Kantor-Alat Tulis Kantor;128000;92000
2026;1.04.2.11.0.00.01.0000;DINAS PERUMAHAN, KAWASAN PERMUKIMAN DAN LINGKUNGAN HIDUP;1.04.2.11.0.00.01.0000;DINAS PERUMAHAN, KAWASAN PERMUKIMAN DAN LINGKUNGAN HIDUP;1.04.05.2.01.0010;Verifikasi dan Penyerahan PSU Perumahan dari Pengembang;5.1.02.01.001.00025;Belanja Alat/Bahan untuk Kegiatan Kantor- Kertas dan Cover;225000;167000
2026;1.04.2.11.0.00.01.0000;DINAS PERUMAHAN, KAWASAN PERMUKIMAN DAN LINGKUNGAN HIDUP;1.04.2.11.0.00.01.0000;DINAS PERUMAHAN, KAWASAN PERMUKIMAN DAN LINGKUNGAN HIDUP;1.04.05.2.01.0010;Verifikasi dan Penyerahan PSU Perumahan dari Pengembang;5.1.02.01.001.00029;Belanja Alat/Bahan untuk Kegiatan Kantor-Bahan Komputer;382900;314900
2026;1.04.2.11.0.00.01.0000;DINAS PERUMAHAN, KAWASAN PERMUKIMAN DAN LINGKUNGAN HIDUP;1.04.2.11.0.00.01.0000;DINAS PERUMAHAN, KAWASAN PERMUKIMAN DAN LINGKUNGAN HIDUP;1.04.05.2.01.0010;Verifikasi dan Penyerahan PSU Perumahan dari Pengembang;5.1.02.04.001.00003;Belanja Perjalanan Dinas Dalam Kota;1092000;153600
2026;1.04.2.11.0.00.01.0000;DINAS PERUMAHAN, KAWASAN PERMUKIMAN DAN LINGKUNGAN HIDUP;1.04.2.11.0.00.01.0000;DINAS PERUMAHAN, KAWASAN PERMUKIMAN DAN LINGKUNGAN HIDUP;1.04.05.2.01.0012;Penyediaan Prasarana, Sarana, dan Utilitas Umum di Perumahan;5.1.02.01.001.00024;Belanja Alat/Bahan untuk Kegiatan Kantor-Alat Tulis Kantor;4953500;684800
2026;1.04.2.11.0.00.01.0000;DINAS PERUMAHAN, KAWASAN PERMUKIMAN DAN LINGKUNGAN HIDUP;1.04.2.11.0.00.01.0000;DINAS PERUMAHAN, KAWASAN PERMUKIMAN DAN LINGKUNGAN HIDUP;1.04.05.2.01.0012;Penyediaan Prasarana, Sarana, dan Utilitas Umum di Perumahan;5.1.02.01.001.00025;Belanja Alat/Bahan untuk Kegiatan Kantor- Kertas dan Cover;1502400;324000
2026;1.04.2.11.0.00.01.0000;DINAS PERUMAHAN, KAWASAN PERMUKIMAN DAN LINGKUNGAN HIDUP;1.04.2.11.0.00.01.0000;DINAS PERUMAHAN, KAWASAN PERMUKIMAN DAN LINGKUNGAN HIDUP;1.04.05.2.01.0012;Penyediaan Prasarana, Sarana, dan Utilitas Umum di Perumahan;5.1.02.01.001.00029;Belanja Alat/Bahan untuk Kegiatan Kantor-Bahan Komputer;1633700;554500
2026;1.04.2.11.0.00.01.0000;DINAS PERUMAHAN, KAWASAN PERMUKIMAN DAN LINGKUNGAN HIDUP;1.04.2.11.0.00.01.0000;DINAS PERUMAHAN, KAWASAN PERMUKIMAN DAN LINGKUNGAN HIDUP;1.04.05.2.01.0012;Penyediaan Prasarana, Sarana, dan Utilitas Umum di Perumahan;5.1.02.01.001.00039;Belanja Barang untuk Dijual/Diserahkan kepada Masyarakat;80000000;0
2026;1.04.2.11.0.00.01.0000;DINAS PERUMAHAN, KAWASAN PERMUKIMAN DAN LINGKUNGAN HIDUP;1.04.2.11.0.00.01.0000;DINAS PERUMAHAN, KAWASAN PERMUKIMAN DAN LINGKUNGAN HIDUP;1.04.05.2.01.0012;Penyediaan Prasarana, Sarana, dan Utilitas Umum di Perumahan;5.1.02.01.001.00052;Belanja Makanan dan Minuman Rapat;2026400;0
2026;1.04.2.11.0.00.01.0000;DINAS PERUMAHAN, KAWASAN PERMUKIMAN DAN LINGKUNGAN HIDUP;1.04.2.11.0.00.01.0000;DINAS PERUMAHAN, KAWASAN PERMUKIMAN DAN LINGKUNGAN HIDUP;1.04.05.2.01.0012;Penyediaan Prasarana, Sarana, dan Utilitas Umum di Perumahan;5.1.02.01.001.00053;Belanja Makanan dan Minuman Jamuan Tamu;476100;0
2026;1.04.2.11.0.00.01.0000;DINAS PERUMAHAN, KAWASAN PERMUKIMAN DAN LINGKUNGAN HIDUP;1.04.2.11.0.00.01.0000;DINAS PERUMAHAN, KAWASAN PERMUKIMAN DAN LINGKUNGAN HIDUP;1.04.05.2.01.0012;Penyediaan Prasarana, Sarana, dan Utilitas Umum di Perumahan;5.1.02.02.008.00009;Belanja Jasa Konsultansi Perencanaan Rekayasa-Jasa Desain Rekayasa untuk Pekerjaan Teknik Sipil Tran;275000000;249254000
2026;1.04.2.11.0.00.01.0000;DINAS PERUMAHAN, KAWASAN PERMUKIMAN DAN LINGKUNGAN HIDUP;1.04.2.11.0.00.01.0000;DINAS PERUMAHAN, KAWASAN PERMUKIMAN DAN LINGKUNGAN HIDUP;1.04.05.2.01.0012;Penyediaan Prasarana, Sarana, dan Utilitas Umum di Perumahan;5.1.02.04.001.00001;Belanja Perjalanan Dinas Biasa;5000000;547500
2026;1.04.2.11.0.00.01.0000;DINAS PERUMAHAN, KAWASAN PERMUKIMAN DAN LINGKUNGAN HIDUP;1.04.2.11.0.00.01.0000;DINAS PERUMAHAN, KAWASAN PERMUKIMAN DAN LINGKUNGAN HIDUP;1.04.05.2.01.0012;Penyediaan Prasarana, Sarana, dan Utilitas Umum di Perumahan;5.1.02.04.001.00003;Belanja Perjalanan Dinas Dalam Kota;29528000;1478500
2026;1.04.2.11.0.00.01.0000;DINAS PERUMAHAN, KAWASAN PERMUKIMAN DAN LINGKUNGAN HIDUP;1.04.2.11.0.00.01.0000;DINAS PERUMAHAN, KAWASAN PERMUKIMAN DAN LINGKUNGAN HIDUP;1.04.05.2.01.0012;Penyediaan Prasarana, Sarana, dan Utilitas Umum di Perumahan;5.2.04.01.001.00010;Belanja Modal Jalan Lainnya;3605000100;99871000
2026;1.04.2.11.0.00.01.0000;DINAS PERUMAHAN, KAWASAN PERMUKIMAN DAN LINGKUNGAN HIDUP;1.04.2.11.0.00.01.0000;DINAS PERUMAHAN, KAWASAN PERMUKIMAN DAN LINGKUNGAN HIDUP;1.04.05.2.01.0012;Penyediaan Prasarana, Sarana, dan Utilitas Umum di Perumahan;5.2.04.02.001.00008;Belanja Modal Bangunan Air Irigasi Lainnya;1052552000;67559000
2026;1.04.2.11.0.00.01.0000;DINAS PERUMAHAN, KAWASAN PERMUKIMAN DAN LINGKUNGAN HIDUP;1.04.2.11.0.00.01.0000;DINAS PERUMAHAN, KAWASAN PERMUKIMAN DAN LINGKUNGAN HIDUP;2.11.01.2.06.0001;Penyediaan Komponen Instalasi Listrik/Penerangan Bangunan Kantor;5.1.02.01.001.00031;Belanja Alat/Bahan untuk Kegiatan Kantor-Alat Listrik;1849800;1849800
2026;1.04.2.11.0.00.01.0000;DINAS PERUMAHAN, KAWASAN PERMUKIMAN DAN LINGKUNGAN HIDUP;1.04.2.11.0.00.01.0000;DINAS PERUMAHAN, KAWASAN PERMUKIMAN DAN LINGKUNGAN HIDUP;2.11.01.2.06.0002;Penyediaan Peralatan dan Perlengkapan Kantor;5.1.02.01.001.00027;Belanja Alat/Bahan untuk Kegiatan Kantor-Benda Pos;500000;500000
2026;1.04.2.11.0.00.01.0000;DINAS PERUMAHAN, KAWASAN PERMUKIMAN DAN LINGKUNGAN HIDUP;1.04.2.11.0.00.01.0000;DINAS PERUMAHAN, KAWASAN PERMUKIMAN DAN LINGKUNGAN HIDUP;2.11.01.2.06.0002;Penyediaan Peralatan dan Perlengkapan Kantor;5.1.02.01.001.00030;Belanja Alat/Bahan untuk Kegiatan Kantor-Perabot Kantor;2498250;1703750
2026;1.04.2.11.0.00.01.0000;DINAS PERUMAHAN, KAWASAN PERMUKIMAN DAN LINGKUNGAN HIDUP;1.04.2.11.0.00.01.0000;DINAS PERUMAHAN, KAWASAN PERMUKIMAN DAN LINGKUNGAN HIDUP;2.11.03.2.01.0002;Koordinasi, Sinkronisasi dan Pelaksanaan Pengendalian Emisi Gas Rumah Kaca, Mitigasi dan Adaptasi Perubahan Iklim;5.1.02.01.001.00024;Belanja Alat/Bahan untuk Kegiatan Kantor-Alat Tulis Kantor;143150;122810
2026;1.04.2.11.0.00.01.0000;DINAS PERUMAHAN, KAWASAN PERMUKIMAN DAN LINGKUNGAN HIDUP;1.04.2.11.0.00.01.0000;DINAS PERUMAHAN, KAWASAN PERMUKIMAN DAN LINGKUNGAN HIDUP;2.11.03.2.01.0002;Koordinasi, Sinkronisasi dan Pelaksanaan Pengendalian Emisi Gas Rumah Kaca, Mitigasi dan Adaptasi Perubahan Iklim;5.1.02.01.001.00025;Belanja Alat/Bahan untuk Kegiatan Kantor- Kertas dan Cover;370600;310553
2026;1.04.2.11.0.00.01.0000;DINAS PERUMAHAN, KAWASAN PERMUKIMAN DAN LINGKUNGAN HIDUP;1.04.2.11.0.00.01.0000;DINAS PERUMAHAN, KAWASAN PERMUKIMAN DAN LINGKUNGAN HIDUP;2.11.03.2.01.0002;Koordinasi, Sinkronisasi dan Pelaksanaan Pengendalian Emisi Gas Rumah Kaca, Mitigasi dan Adaptasi Perubahan Iklim;5.1.02.01.001.00052;Belanja Makanan dan Minuman Rapat;0;0
2026;1.04.2.11.0.00.01.0000;DINAS PERUMAHAN, KAWASAN PERMUKIMAN DAN LINGKUNGAN HIDUP;1.04.2.11.0.00.01.0000;DINAS PERUMAHAN, KAWASAN PERMUKIMAN DAN LINGKUNGAN HIDUP;2.11.03.2.01.0002;Koordinasi, Sinkronisasi dan Pelaksanaan Pengendalian Emisi Gas Rumah Kaca, Mitigasi dan Adaptasi Perubahan Iklim;5.1.02.04.001.00001;Belanja Perjalanan Dinas Biasa;0;0
2026;1.04.2.11.0.00.01.0000;DINAS PERUMAHAN, KAWASAN PERMUKIMAN DAN LINGKUNGAN HIDUP;1.04.2.11.0.00.01.0000;DINAS PERUMAHAN, KAWASAN PERMUKIMAN DAN LINGKUNGAN HIDUP;2.11.03.2.01.0002;Koordinasi, Sinkronisasi dan Pelaksanaan Pengendalian Emisi Gas Rumah Kaca, Mitigasi dan Adaptasi Perubahan Iklim;5.1.02.04.001.00003;Belanja Perjalanan Dinas Dalam Kota;0;0
2026;1.04.2.11.0.00.01.0000;DINAS PERUMAHAN, KAWASAN PERMUKIMAN DAN LINGKUNGAN HIDUP;1.04.2.11.0.00.01.0000;DINAS PERUMAHAN, KAWASAN PERMUKIMAN DAN LINGKUNGAN HIDUP;2.11.03.2.01.0007;Pelaksanaan pemantauan kualitas Lingkungan Hidup terhadap Media Tanah, Air, Udara, dan Laut;5.1.02.01.001.00024;Belanja Alat/Bahan untuk Kegiatan Kantor-Alat Tulis Kantor;190200;168132
2026;1.04.2.11.0.00.01.0000;DINAS PERUMAHAN, KAWASAN PERMUKIMAN DAN LINGKUNGAN HIDUP;1.04.2.11.0.00.01.0000;DINAS PERUMAHAN, KAWASAN PERMUKIMAN DAN LINGKUNGAN HIDUP;2.11.03.2.01.0007;Pelaksanaan pemantauan kualitas Lingkungan Hidup terhadap Media Tanah, Air, Udara, dan Laut;5.1.02.01.001.00025;Belanja Alat/Bahan untuk Kegiatan Kantor- Kertas dan Cover;144200;116384
2026;1.04.2.11.0.00.01.0000;DINAS PERUMAHAN, KAWASAN PERMUKIMAN DAN LINGKUNGAN HIDUP;1.04.2.11.0.00.01.0000;DINAS PERUMAHAN, KAWASAN PERMUKIMAN DAN LINGKUNGAN HIDUP;2.11.03.2.01.0007;Pelaksanaan pemantauan kualitas Lingkungan Hidup terhadap Media Tanah, Air, Udara, dan Laut;5.1.02.01.001.00029;Belanja Alat/Bahan untuk Kegiatan Kantor-Bahan Komputer;127200;99789
2026;1.04.2.11.0.00.01.0000;DINAS PERUMAHAN, KAWASAN PERMUKIMAN DAN LINGKUNGAN HIDUP;1.04.2.11.0.00.01.0000;DINAS PERUMAHAN, KAWASAN PERMUKIMAN DAN LINGKUNGAN HIDUP;2.11.03.2.01.0007;Pelaksanaan pemantauan kualitas Lingkungan Hidup terhadap Media Tanah, Air, Udara, dan Laut;5.1.02.01.001.00030;Belanja Alat/Bahan untuk Kegiatan Kantor-Perabot Kantor;70000;55333
2026;1.04.2.11.0.00.01.0000;DINAS PERUMAHAN, KAWASAN PERMUKIMAN DAN LINGKUNGAN HIDUP;1.04.2.11.0.00.01.0000;DINAS PERUMAHAN, KAWASAN PERMUKIMAN DAN LINGKUNGAN HIDUP;2.11.03.2.01.0007;Pelaksanaan pemantauan kualitas Lingkungan Hidup terhadap Media Tanah, Air, Udara, dan Laut;5.1.02.02.001.00050;Belanja Jasa Kalibrasi;24000000;9335000
2026;1.04.2.11.0.00.01.0000;DINAS PERUMAHAN, KAWASAN PERMUKIMAN DAN LINGKUNGAN HIDUP;1.04.2.11.0.00.01.0000;DINAS PERUMAHAN, KAWASAN PERMUKIMAN DAN LINGKUNGAN HIDUP;2.11.03.2.01.0007;Pelaksanaan pemantauan kualitas Lingkungan Hidup terhadap Media Tanah, Air, Udara, dan Laut;5.1.02.04.001.00001;Belanja Perjalanan Dinas Biasa;8845000;2351580
2026;1.04.2.11.0.00.01.0000;DINAS PERUMAHAN, KAWASAN PERMUKIMAN DAN LINGKUNGAN HIDUP;1.04.2.11.0.00.01.0000;DINAS PERUMAHAN, KAWASAN PERMUKIMAN DAN LINGKUNGAN HIDUP;2.11.03.2.01.0007;Pelaksanaan pemantauan kualitas Lingkungan Hidup terhadap Media Tanah, Air, Udara, dan Laut;5.1.02.04.001.00003;Belanja Perjalanan Dinas Dalam Kota;3293000;1041000
2026;1.04.2.11.0.00.01.0000;DINAS PERUMAHAN, KAWASAN PERMUKIMAN DAN LINGKUNGAN HIDUP;1.04.2.11.0.00.01.0000;DINAS PERUMAHAN, KAWASAN PERMUKIMAN DAN LINGKUNGAN HIDUP;2.11.03.2.01.0011;Penyusunan dokumen status lingkungan hidup daerah;5.1.02.01.001.00024;Belanja Alat/Bahan untuk Kegiatan Kantor-Alat Tulis Kantor;1310050;1141922
2026;1.04.2.11.0.00.01.0000;DINAS PERUMAHAN, KAWASAN PERMUKIMAN DAN LINGKUNGAN HIDUP;1.04.2.11.0.00.01.0000;DINAS PERUMAHAN, KAWASAN PERMUKIMAN DAN LINGKUNGAN HIDUP;2.11.03.2.01.0011;Penyusunan dokumen status lingkungan hidup daerah;5.1.02.01.001.00025;Belanja Alat/Bahan untuk Kegiatan Kantor- Kertas dan Cover;423600;354867
2026;1.04.2.11.0.00.01.0000;DINAS PERUMAHAN, KAWASAN PERMUKIMAN DAN LINGKUNGAN HIDUP;1.04.2.11.0.00.01.0000;DINAS PERUMAHAN, KAWASAN PERMUKIMAN DAN LINGKUNGAN HIDUP;2.11.03.2.01.0011;Penyusunan dokumen status lingkungan hidup daerah;5.1.02.01.001.00029;Belanja Alat/Bahan untuk Kegiatan Kantor-Bahan Komputer;582900;532467
2026;1.04.2.11.0.00.01.0000;DINAS PERUMAHAN, KAWASAN PERMUKIMAN DAN LINGKUNGAN HIDUP;1.04.2.11.0.00.01.0000;DINAS PERUMAHAN, KAWASAN PERMUKIMAN DAN LINGKUNGAN HIDUP;2.11.03.2.01.0011;Penyusunan dokumen status lingkungan hidup daerah;5.1.02.01.001.00052;Belanja Makanan dan Minuman Rapat;2488100;1068000
2026;1.04.2.11.0.00.01.0000;DINAS PERUMAHAN, KAWASAN PERMUKIMAN DAN LINGKUNGAN HIDUP;1.04.2.11.0.00.01.0000;DINAS PERUMAHAN, KAWASAN PERMUKIMAN DAN LINGKUNGAN HIDUP;2.11.03.2.01.0011;Penyusunan dokumen status lingkungan hidup daerah;5.1.02.04.001.00001;Belanja Perjalanan Dinas Biasa;3735100;205000
2026;1.04.2.11.0.00.01.0000;DINAS PERUMAHAN, KAWASAN PERMUKIMAN DAN LINGKUNGAN HIDUP;1.04.2.11.0.00.01.0000;DINAS PERUMAHAN, KAWASAN PERMUKIMAN DAN LINGKUNGAN HIDUP;2.11.04.2.01.0004;Pengelolaan Ruang Terbuka Hijau (RTH);5.1.02.01.001.00001;Belanja Bahan-Bahan Bangunan dan Konstruksi;2370000;1170000
2026;1.04.2.11.0.00.01.0000;DINAS PERUMAHAN, KAWASAN PERMUKIMAN DAN LINGKUNGAN HIDUP;1.04.2.11.0.00.01.0000;DINAS PERUMAHAN, KAWASAN PERMUKIMAN DAN LINGKUNGAN HIDUP;2.11.04.2.01.0004;Pengelolaan Ruang Terbuka Hijau (RTH);5.1.02.01.001.00008;Belanja Bahan-Bahan/Bibit Tanaman;205000;0
2026;1.04.2.11.0.00.01.0000;DINAS PERUMAHAN, KAWASAN PERMUKIMAN DAN LINGKUNGAN HIDUP;1.04.2.11.0.00.01.0000;DINAS PERUMAHAN, KAWASAN PERMUKIMAN DAN LINGKUNGAN HIDUP;2.11.04.2.01.0004;Pengelolaan Ruang Terbuka Hijau (RTH);5.1.02.01.001.00030;Belanja Alat/Bahan untuk Kegiatan Kantor-Perabot Kantor;420200;195000
2026;1.04.2.11.0.00.01.0000;DINAS PERUMAHAN, KAWASAN PERMUKIMAN DAN LINGKUNGAN HIDUP;1.04.2.11.0.00.01.0000;DINAS PERUMAHAN, KAWASAN PERMUKIMAN DAN LINGKUNGAN HIDUP;2.11.04.2.01.0004;Pengelolaan Ruang Terbuka Hijau (RTH);5.1.02.01.001.00031;Belanja Alat/Bahan untuk Kegiatan Kantor-Alat Listrik;4715600;1420000
2026;1.04.2.11.0.00.01.0000;DINAS PERUMAHAN, KAWASAN PERMUKIMAN DAN LINGKUNGAN HIDUP;1.04.2.11.0.00.01.0000;DINAS PERUMAHAN, KAWASAN PERMUKIMAN DAN LINGKUNGAN HIDUP;2.11.06.2.01.0001;Fasilitasi Pemenuhan Ketentuan dan Kewajiban Izin Lingkungan dan/atau Izin PPLH;5.1.02.01.001.00024;Belanja Alat/Bahan untuk Kegiatan Kantor-Alat Tulis Kantor;230400;219392
2026;1.04.2.11.0.00.01.0000;DINAS PERUMAHAN, KAWASAN PERMUKIMAN DAN LINGKUNGAN HIDUP;1.04.2.11.0.00.01.0000;DINAS PERUMAHAN, KAWASAN PERMUKIMAN DAN LINGKUNGAN HIDUP;2.11.06.2.01.0001;Fasilitasi Pemenuhan Ketentuan dan Kewajiban Izin Lingkungan dan/atau Izin PPLH;5.1.02.01.001.00025;Belanja Alat/Bahan untuk Kegiatan Kantor- Kertas dan Cover;139050;116439
2026;1.04.2.11.0.00.01.0000;DINAS PERUMAHAN, KAWASAN PERMUKIMAN DAN LINGKUNGAN HIDUP;1.04.2.11.0.00.01.0000;DINAS PERUMAHAN, KAWASAN PERMUKIMAN DAN LINGKUNGAN HIDUP;2.11.06.2.01.0001;Fasilitasi Pemenuhan Ketentuan dan Kewajiban Izin Lingkungan dan/atau Izin PPLH;5.1.02.01.001.00052;Belanja Makanan dan Minuman Rapat;1149000;0
2026;1.04.2.11.0.00.01.0000;DINAS PERUMAHAN, KAWASAN PERMUKIMAN DAN LINGKUNGAN HIDUP;1.04.2.11.0.00.01.0000;DINAS PERUMAHAN, KAWASAN PERMUKIMAN DAN LINGKUNGAN HIDUP;2.11.06.2.01.0001;Fasilitasi Pemenuhan Ketentuan dan Kewajiban Izin Lingkungan dan/atau Izin PPLH;5.1.02.04.001.00001;Belanja Perjalanan Dinas Biasa;0;0
2026;1.04.2.11.0.00.01.0000;DINAS PERUMAHAN, KAWASAN PERMUKIMAN DAN LINGKUNGAN HIDUP;1.04.2.11.0.00.01.0000;DINAS PERUMAHAN, KAWASAN PERMUKIMAN DAN LINGKUNGAN HIDUP;2.11.06.2.01.0001;Fasilitasi Pemenuhan Ketentuan dan Kewajiban Izin Lingkungan dan/atau Izin PPLH;5.1.02.04.001.00003;Belanja Perjalanan Dinas Dalam Kota;0;0
2026;1.04.2.11.0.00.01.0000;DINAS PERUMAHAN, KAWASAN PERMUKIMAN DAN LINGKUNGAN HIDUP;1.04.2.11.0.00.01.0000;DINAS PERUMAHAN, KAWASAN PERMUKIMAN DAN LINGKUNGAN HIDUP;2.11.06.2.01.0009;Pengawasan Perizinan Berusaha atau Persetujuan Pemerintah terkait Persetujuan Lingkungan yang diterbitkan oleh Pemerintah Daerah Kabupaten/Kota dan Peraturan Perundang-undangan di bidang Perlindungan dan Pengelolaan Lingkungan Hidup;5.1.02.01.001.00024;Belanja Alat/Bahan untuk Kegiatan Kantor-Alat Tulis Kantor;203150;193206
2026;1.04.2.11.0.00.01.0000;DINAS PERUMAHAN, KAWASAN PERMUKIMAN DAN LINGKUNGAN HIDUP;1.04.2.11.0.00.01.0000;DINAS PERUMAHAN, KAWASAN PERMUKIMAN DAN LINGKUNGAN HIDUP;2.11.06.2.01.0009;Pengawasan Perizinan Berusaha atau Persetujuan Pemerintah terkait Persetujuan Lingkungan yang diterbitkan oleh Pemerintah Daerah Kabupaten/Kota dan Peraturan Perundang-undangan di bidang Perlindungan dan Pengelolaan Lingkungan Hidup;5.1.02.01.001.00025;Belanja Alat/Bahan untuk Kegiatan Kantor- Kertas dan Cover;339150;288323
2026;1.04.2.11.0.00.01.0000;DINAS PERUMAHAN, KAWASAN PERMUKIMAN DAN LINGKUNGAN HIDUP;1.04.2.11.0.00.01.0000;DINAS PERUMAHAN, KAWASAN PERMUKIMAN DAN LINGKUNGAN HIDUP;2.11.06.2.01.0009;Pengawasan Perizinan Berusaha atau Persetujuan Pemerintah terkait Persetujuan Lingkungan yang diterbitkan oleh Pemerintah Daerah Kabupaten/Kota dan Peraturan Perundang-undangan di bidang Perlindungan dan Pengelolaan Lingkungan Hidup;5.1.02.01.001.00029;Belanja Alat/Bahan untuk Kegiatan Kantor-Bahan Komputer;582900;532467
2026;1.04.2.11.0.00.01.0000;DINAS PERUMAHAN, KAWASAN PERMUKIMAN DAN LINGKUNGAN HIDUP;1.04.2.11.0.00.01.0000;DINAS PERUMAHAN, KAWASAN PERMUKIMAN DAN LINGKUNGAN HIDUP;2.11.06.2.01.0009;Pengawasan Perizinan Berusaha atau Persetujuan Pemerintah terkait Persetujuan Lingkungan yang diterbitkan oleh Pemerintah Daerah Kabupaten/Kota dan Peraturan Perundang-undangan di bidang Perlindungan dan Pengelolaan Lingkungan Hidup;5.1.02.04.001.00001;Belanja Perjalanan Dinas Biasa;3075000;2385744
2026;1.04.2.11.0.00.01.0000;DINAS PERUMAHAN, KAWASAN PERMUKIMAN DAN LINGKUNGAN HIDUP;1.04.2.11.0.00.01.0000;DINAS PERUMAHAN, KAWASAN PERMUKIMAN DAN LINGKUNGAN HIDUP;2.11.06.2.01.0009;Pengawasan Perizinan Berusaha atau Persetujuan Pemerintah terkait Persetujuan Lingkungan yang diterbitkan oleh Pemerintah Daerah Kabupaten/Kota dan Peraturan Perundang-undangan di bidang Perlindungan dan Pengelolaan Lingkungan Hidup;5.1.02.04.001.00003;Belanja Perjalanan Dinas Dalam Kota;7410000;1627028
2026;1.04.2.11.0.00.01.0000;DINAS PERUMAHAN, KAWASAN PERMUKIMAN DAN LINGKUNGAN HIDUP;1.04.2.11.0.00.01.0000;DINAS PERUMAHAN, KAWASAN PERMUKIMAN DAN LINGKUNGAN HIDUP;2.11.08.2.01.0002;Pendampingan Gerakan Peduli Lingkungan Hidup;5.1.02.01.001.00024;Belanja Alat/Bahan untuk Kegiatan Kantor-Alat Tulis Kantor;361450;351424
2026;1.04.2.11.0.00.01.0000;DINAS PERUMAHAN, KAWASAN PERMUKIMAN DAN LINGKUNGAN HIDUP;1.04.2.11.0.00.01.0000;DINAS PERUMAHAN, KAWASAN PERMUKIMAN DAN LINGKUNGAN HIDUP;2.11.08.2.01.0002;Pendampingan Gerakan Peduli Lingkungan Hidup;5.1.02.01.001.00025;Belanja Alat/Bahan untuk Kegiatan Kantor- Kertas dan Cover;139050;116439
2026;1.04.2.11.0.00.01.0000;DINAS PERUMAHAN, KAWASAN PERMUKIMAN DAN LINGKUNGAN HIDUP;1.04.2.11.0.00.01.0000;DINAS PERUMAHAN, KAWASAN PERMUKIMAN DAN LINGKUNGAN HIDUP;2.11.08.2.01.0002;Pendampingan Gerakan Peduli Lingkungan Hidup;5.1.02.01.001.00029;Belanja Alat/Bahan untuk Kegiatan Kantor-Bahan Komputer;63600;49895
2026;1.04.2.11.0.00.01.0000;DINAS PERUMAHAN, KAWASAN PERMUKIMAN DAN LINGKUNGAN HIDUP;1.04.2.11.0.00.01.0000;DINAS PERUMAHAN, KAWASAN PERMUKIMAN DAN LINGKUNGAN HIDUP;2.11.08.2.01.0002;Pendampingan Gerakan Peduli Lingkungan Hidup;5.1.02.04.001.00001;Belanja Perjalanan Dinas Biasa;370000;0
2026;1.04.2.11.0.00.01.0000;DINAS PERUMAHAN, KAWASAN PERMUKIMAN DAN LINGKUNGAN HIDUP;1.04.2.11.0.00.01.0000;DINAS PERUMAHAN, KAWASAN PERMUKIMAN DAN LINGKUNGAN HIDUP;2.11.08.2.01.0002;Pendampingan Gerakan Peduli Lingkungan Hidup;5.1.02.04.001.00003;Belanja Perjalanan Dinas Dalam Kota;1048000;221600
2026;1.04.2.11.0.00.01.0000;DINAS PERUMAHAN, KAWASAN PERMUKIMAN DAN LINGKUNGAN HIDUP;1.04.2.11.0.00.01.0000;DINAS PERUMAHAN, KAWASAN PERMUKIMAN DAN LINGKUNGAN HIDUP;2.11.11.2.01.0004;Peningkatan Peran Serta Masyarakat dalam Pengelolaan Persampahan;5.1.02.04.001.00001;Belanja Perjalanan Dinas Biasa;1065000;0
2026;1.04.2.11.0.00.01.0000;DINAS PERUMAHAN, KAWASAN PERMUKIMAN DAN LINGKUNGAN HIDUP;1.04.2.11.0.00.01.0000;DINAS PERUMAHAN, KAWASAN PERMUKIMAN DAN LINGKUNGAN HIDUP;2.11.11.2.01.0004;Peningkatan Peran Serta Masyarakat dalam Pengelolaan Persampahan;5.1.02.04.001.00003;Belanja Perjalanan Dinas Dalam Kota;2405000;258000
2026;1.04.2.11.0.00.01.0000;DINAS PERUMAHAN, KAWASAN PERMUKIMAN DAN LINGKUNGAN HIDUP;1.04.2.11.0.00.01.0000;DINAS PERUMAHAN, KAWASAN PERMUKIMAN DAN LINGKUNGAN HIDUP;2.11.11.2.01.0018;Pengurangan sampah melalui pembatasan timbulan sampah;5.1.02.01.001.00024;Belanja Alat/Bahan untuk Kegiatan Kantor-Alat Tulis Kantor;163350;139863
2026;1.04.2.11.0.00.01.0000;DINAS PERUMAHAN, KAWASAN PERMUKIMAN DAN LINGKUNGAN HIDUP;1.04.2.11.0.00.01.0000;DINAS PERUMAHAN, KAWASAN PERMUKIMAN DAN LINGKUNGAN HIDUP;2.11.11.2.01.0018;Pengurangan sampah melalui pembatasan timbulan sampah;5.1.02.01.001.00025;Belanja Alat/Bahan untuk Kegiatan Kantor- Kertas dan Cover;434100;354867
2026;1.04.2.11.0.00.01.0000;DINAS PERUMAHAN, KAWASAN PERMUKIMAN DAN LINGKUNGAN HIDUP;1.04.2.11.0.00.01.0000;DINAS PERUMAHAN, KAWASAN PERMUKIMAN DAN LINGKUNGAN HIDUP;2.11.11.2.01.0018;Pengurangan sampah melalui pembatasan timbulan sampah;5.1.02.01.001.00029;Belanja Alat/Bahan untuk Kegiatan Kantor-Bahan Komputer;249750;149684
2026;1.04.2.11.0.00.01.0000;DINAS PERUMAHAN, KAWASAN PERMUKIMAN DAN LINGKUNGAN HIDUP;1.04.2.11.0.00.01.0000;DINAS PERUMAHAN, KAWASAN PERMUKIMAN DAN LINGKUNGAN HIDUP;2.11.11.2.01.0018;Pengurangan sampah melalui pembatasan timbulan sampah;5.1.02.04.001.00003;Belanja Perjalanan Dinas Dalam Kota;924000;608300
2026;1.04.2.11.0.00.01.0000;DINAS PERUMAHAN, KAWASAN PERMUKIMAN DAN LINGKUNGAN HIDUP;1.04.2.11.0.00.01.0000;DINAS PERUMAHAN, KAWASAN PERMUKIMAN DAN LINGKUNGAN HIDUP;2.11.11.2.01.0020;Penanganan sampah melalui pemrosesan akhir sampah di TPA/TPST kabupaten/kota atau TPA/TPST Regional;5.1.02.01.001.00001;Belanja Bahan-Bahan Bangunan dan Konstruksi;288500000;23500000
2026;1.04.2.11.0.00.01.0000;DINAS PERUMAHAN, KAWASAN PERMUKIMAN DAN LINGKUNGAN HIDUP;1.04.2.11.0.00.01.0000;DINAS PERUMAHAN, KAWASAN PERMUKIMAN DAN LINGKUNGAN HIDUP;2.11.11.2.01.0020;Penanganan sampah melalui pemrosesan akhir sampah di TPA/TPST kabupaten/kota atau TPA/TPST Regional;5.1.02.01.001.00024;Belanja Alat/Bahan untuk Kegiatan Kantor-Alat Tulis Kantor;2987122;1426404
2026;1.04.2.11.0.00.01.0000;DINAS PERUMAHAN, KAWASAN PERMUKIMAN DAN LINGKUNGAN HIDUP;1.04.2.11.0.00.01.0000;DINAS PERUMAHAN, KAWASAN PERMUKIMAN DAN LINGKUNGAN HIDUP;2.11.11.2.01.0020;Penanganan sampah melalui pemrosesan akhir sampah di TPA/TPST kabupaten/kota atau TPA/TPST Regional;5.1.02.01.001.00025;Belanja Alat/Bahan untuk Kegiatan Kantor- Kertas dan Cover;2794500;1796535
2026;1.04.2.11.0.00.01.0000;DINAS PERUMAHAN, KAWASAN PERMUKIMAN DAN LINGKUNGAN HIDUP;1.04.2.11.0.00.01.0000;DINAS PERUMAHAN, KAWASAN PERMUKIMAN DAN LINGKUNGAN HIDUP;2.11.11.2.01.0020;Penanganan sampah melalui pemrosesan akhir sampah di TPA/TPST kabupaten/kota atau TPA/TPST Regional;5.1.02.01.001.00029;Belanja Alat/Bahan untuk Kegiatan Kantor-Bahan Komputer;1574700;621489
2026;1.04.2.11.0.00.01.0000;DINAS PERUMAHAN, KAWASAN PERMUKIMAN DAN LINGKUNGAN HIDUP;1.04.2.11.0.00.01.0000;DINAS PERUMAHAN, KAWASAN PERMUKIMAN DAN LINGKUNGAN HIDUP;2.11.11.2.01.0020;Penanganan sampah melalui pemrosesan akhir sampah di TPA/TPST kabupaten/kota atau TPA/TPST Regional;5.1.02.01.001.00030;Belanja Alat/Bahan untuk Kegiatan Kantor-Perabot Kantor;10345000;1925000
2026;1.04.2.11.0.00.01.0000;DINAS PERUMAHAN, KAWASAN PERMUKIMAN DAN LINGKUNGAN HIDUP;1.04.2.11.0.00.01.0000;DINAS PERUMAHAN, KAWASAN PERMUKIMAN DAN LINGKUNGAN HIDUP;2.11.11.2.01.0020;Penanganan sampah melalui pemrosesan akhir sampah di TPA/TPST kabupaten/kota atau TPA/TPST Regional;5.1.02.01.001.00052;Belanja Makanan dan Minuman Rapat;3500000;839500
2026;1.04.2.11.0.00.01.0000;DINAS PERUMAHAN, KAWASAN PERMUKIMAN DAN LINGKUNGAN HIDUP;1.04.2.11.0.00.01.0000;DINAS PERUMAHAN, KAWASAN PERMUKIMAN DAN LINGKUNGAN HIDUP;2.11.11.2.01.0020;Penanganan sampah melalui pemrosesan akhir sampah di TPA/TPST kabupaten/kota atau TPA/TPST Regional;5.1.02.01.004.00043;Belanja Peralatan dan Mesin-Alat Angkutan-Alat Angkutan Darat Bermotor-Alat Angkutan Darat Bermotor;80000000;25473850
2026;1.04.2.11.0.00.01.0000;DINAS PERUMAHAN, KAWASAN PERMUKIMAN DAN LINGKUNGAN HIDUP;1.04.2.11.0.00.01.0000;DINAS PERUMAHAN, KAWASAN PERMUKIMAN DAN LINGKUNGAN HIDUP;2.11.11.2.01.0020;Penanganan sampah melalui pemrosesan akhir sampah di TPA/TPST kabupaten/kota atau TPA/TPST Regional;5.1.02.02.001.00030;Belanja Jasa Tenaga Kebersihan;1509073272;775248311
2026;1.04.2.11.0.00.01.0000;DINAS PERUMAHAN, KAWASAN PERMUKIMAN DAN LINGKUNGAN HIDUP;1.04.2.11.0.00.01.0000;DINAS PERUMAHAN, KAWASAN PERMUKIMAN DAN LINGKUNGAN HIDUP;2.11.11.2.01.0020;Penanganan sampah melalui pemrosesan akhir sampah di TPA/TPST kabupaten/kota atau TPA/TPST Regional;5.1.02.02.004.00003;Belanja Sewa Excavator;190180000;127750000
2026;1.04.2.11.0.00.01.0000;DINAS PERUMAHAN, KAWASAN PERMUKIMAN DAN LINGKUNGAN HIDUP;1.04.2.11.0.00.01.0000;DINAS PERUMAHAN, KAWASAN PERMUKIMAN DAN LINGKUNGAN HIDUP;2.11.11.2.01.0020;Penanganan sampah melalui pemrosesan akhir sampah di TPA/TPST kabupaten/kota atau TPA/TPST Regional;5.1.02.02.004.00009;Belanja Sewa Loader;47840000;47840000
2026;1.04.2.11.0.00.01.0000;DINAS PERUMAHAN, KAWASAN PERMUKIMAN DAN LINGKUNGAN HIDUP;1.04.2.11.0.00.01.0000;DINAS PERUMAHAN, KAWASAN PERMUKIMAN DAN LINGKUNGAN HIDUP;2.11.11.2.01.0020;Penanganan sampah melalui pemrosesan akhir sampah di TPA/TPST kabupaten/kota atau TPA/TPST Regional;5.1.02.03.002.00039;Belanja Pemeliharaan Alat Angkutan-Alat Angkutan Darat Bermotor-Kendaraan Bermotor Beroda Tiga;225600000;132951945
2026;1.04.2.11.0.00.01.0000;DINAS PERUMAHAN, KAWASAN PERMUKIMAN DAN LINGKUNGAN HIDUP;1.04.2.11.0.00.01.0000;DINAS PERUMAHAN, KAWASAN PERMUKIMAN DAN LINGKUNGAN HIDUP;2.11.11.2.01.0020;Penanganan sampah melalui pemrosesan akhir sampah di TPA/TPST kabupaten/kota atau TPA/TPST Regional;5.1.02.03.002.00043;Belanja Pemeliharaan Alat Angkutan-Alat Angkutan Darat Bermotor-Alat Angkutan Darat Bermotor Lainnya;361114844;234093432
2026;1.04.2.11.0.00.01.0000;DINAS PERUMAHAN, KAWASAN PERMUKIMAN DAN LINGKUNGAN HIDUP;1.04.2.11.0.00.01.0000;DINAS PERUMAHAN, KAWASAN PERMUKIMAN DAN LINGKUNGAN HIDUP;2.11.11.2.01.0020;Penanganan sampah melalui pemrosesan akhir sampah di TPA/TPST kabupaten/kota atau TPA/TPST Regional;5.1.02.04.001.00001;Belanja Perjalanan Dinas Biasa;1500000;822000
2026;1.04.2.11.0.00.01.0000;DINAS PERUMAHAN, KAWASAN PERMUKIMAN DAN LINGKUNGAN HIDUP;1.04.2.11.0.00.01.0000;DINAS PERUMAHAN, KAWASAN PERMUKIMAN DAN LINGKUNGAN HIDUP;2.11.11.2.01.0020;Penanganan sampah melalui pemrosesan akhir sampah di TPA/TPST kabupaten/kota atau TPA/TPST Regional;5.1.02.04.001.00003;Belanja Perjalanan Dinas Dalam Kota;4209000;426800
2026;2.16.2.20.2.21.01.0000;DINAS KOMUNIKASI DAN INFORMATIKA;2.16.2.20.2.21.01.0000;DINAS KOMUNIKASI DAN INFORMATIKA;2.16.01.2.02.0001;Penyediaan Gaji dan Tunjangan ASN;5.1.01.01.001.00001;Belanja Gaji Pokok PNS;1745226445;1085619716
2026;2.16.2.20.2.21.01.0000;DINAS KOMUNIKASI DAN INFORMATIKA;2.16.2.20.2.21.01.0000;DINAS KOMUNIKASI DAN INFORMATIKA;2.16.01.2.02.0001;Penyediaan Gaji dan Tunjangan ASN;5.1.01.01.001.00002;Belanja Gaji Pokok PPPK;1033095440;615144282
2026;2.16.2.20.2.21.01.0000;DINAS KOMUNIKASI DAN INFORMATIKA;2.16.2.20.2.21.01.0000;DINAS KOMUNIKASI DAN INFORMATIKA;2.16.01.2.02.0001;Penyediaan Gaji dan Tunjangan ASN;5.1.01.01.002.00001;Belanja Tunjangan Keluarga PNS;128965535;76025628
2026;2.16.2.20.2.21.01.0000;DINAS KOMUNIKASI DAN INFORMATIKA;2.16.2.20.2.21.01.0000;DINAS KOMUNIKASI DAN INFORMATIKA;2.16.01.2.02.0001;Penyediaan Gaji dan Tunjangan ASN;5.1.01.01.002.00002;Belanja Tunjangan Keluarga PPPK;66633020;37848616
2026;2.16.2.20.2.21.01.0000;DINAS KOMUNIKASI DAN INFORMATIKA;2.16.2.20.2.21.01.0000;DINAS KOMUNIKASI DAN INFORMATIKA;2.16.01.2.02.0001;Penyediaan Gaji dan Tunjangan ASN;5.1.01.01.003.00001;Belanja Tunjangan Jabatan PNS;97077750;60885000
2026;2.16.2.20.2.21.01.0000;DINAS KOMUNIKASI DAN INFORMATIKA;2.16.2.20.2.21.01.0000;DINAS KOMUNIKASI DAN INFORMATIKA;2.16.01.2.02.0001;Penyediaan Gaji dan Tunjangan ASN;5.1.01.01.004.00001;Belanja Tunjangan Fungsional PNS;74907000;43740000
2026;2.16.2.20.2.21.01.0000;DINAS KOMUNIKASI DAN INFORMATIKA;2.16.2.20.2.21.01.0000;DINAS KOMUNIKASI DAN INFORMATIKA;2.16.01.2.02.0001;Penyediaan Gaji dan Tunjangan ASN;5.1.01.01.005.00001;Belanja Tunjangan Fungsional Umum PNS;66092500;39735000
2026;2.16.2.20.2.21.01.0000;DINAS KOMUNIKASI DAN INFORMATIKA;2.16.2.20.2.21.01.0000;DINAS KOMUNIKASI DAN INFORMATIKA;2.16.01.2.02.0001;Penyediaan Gaji dan Tunjangan ASN;5.1.01.01.005.00002;Belanja Tunjangan Fungsional Umum PPPK;70420000;39983326
2026;2.16.2.20.2.21.01.0000;DINAS KOMUNIKASI DAN INFORMATIKA;2.16.2.20.2.21.01.0000;DINAS KOMUNIKASI DAN INFORMATIKA;2.16.01.2.02.0001;Penyediaan Gaji dan Tunjangan ASN;5.1.01.01.006.00001;Belanja Tunjangan Beras PNS;91680099;55256460
2026;2.16.2.20.2.21.01.0000;DINAS KOMUNIKASI DAN INFORMATIKA;2.16.2.20.2.21.01.0000;DINAS KOMUNIKASI DAN INFORMATIKA;2.16.01.2.02.0001;Penyediaan Gaji dan Tunjangan ASN;5.1.01.01.006.00002;Belanja Tunjangan Beras PPPK;61314393;34797810
2026;2.16.2.20.2.21.01.0000;DINAS KOMUNIKASI DAN INFORMATIKA;2.16.2.20.2.21.01.0000;DINAS KOMUNIKASI DAN INFORMATIKA;2.16.01.2.02.0001;Penyediaan Gaji dan Tunjangan ASN;5.1.01.01.007.00001;Belanja Tunjangan PPh/Tunjangan Khusus PNS;25028973;3932673
2026;2.16.2.20.2.21.01.0000;DINAS KOMUNIKASI DAN INFORMATIKA;2.16.2.20.2.21.01.0000;DINAS KOMUNIKASI DAN INFORMATIKA;2.16.01.2.02.0001;Penyediaan Gaji dan Tunjangan ASN;5.1.01.01.008.00001;Belanja Pembulatan Gaji PNS;41489;16769
2026;2.16.2.20.2.21.01.0000;DINAS KOMUNIKASI DAN INFORMATIKA;2.16.2.20.2.21.01.0000;DINAS KOMUNIKASI DAN INFORMATIKA;2.16.01.2.02.0001;Penyediaan Gaji dan Tunjangan ASN;5.1.01.01.008.00002;Belanja Pembulatan Gaji PPPK;22653;12098
2026;2.16.2.20.2.21.01.0000;DINAS KOMUNIKASI DAN INFORMATIKA;2.16.2.20.2.21.01.0000;DINAS KOMUNIKASI DAN INFORMATIKA;2.16.01.2.02.0001;Penyediaan Gaji dan Tunjangan ASN;5.1.01.01.009.00001;Belanja Iuran Jaminan Kesehatan PNS;141577168;52234329
2026;2.16.2.20.2.21.01.0000;DINAS KOMUNIKASI DAN INFORMATIKA;2.16.2.20.2.21.01.0000;DINAS KOMUNIKASI DAN INFORMATIKA;2.16.01.2.02.0001;Penyediaan Gaji dan Tunjangan ASN;5.1.01.01.009.00002;Belanja Iuran Jaminan Kesehatan PPPK;48755287;23780504
2026;2.16.2.20.2.21.01.0000;DINAS KOMUNIKASI DAN INFORMATIKA;2.16.2.20.2.21.01.0000;DINAS KOMUNIKASI DAN INFORMATIKA;2.16.01.2.02.0001;Penyediaan Gaji dan Tunjangan ASN;5.1.01.01.010.00001;Belanja Iuran Jaminan Kecelakaan Kerja PNS;4532307;2025070
2026;2.16.2.20.2.21.01.0000;DINAS KOMUNIKASI DAN INFORMATIKA;2.16.2.20.2.21.01.0000;DINAS KOMUNIKASI DAN INFORMATIKA;2.16.01.2.02.0001;Penyediaan Gaji dan Tunjangan ASN;5.1.01.01.010.00002;Belanja Iuran Jaminan Kecelakaan Kerja PPPK;2608942;1266629
2026;2.16.2.20.2.21.01.0000;DINAS KOMUNIKASI DAN INFORMATIKA;2.16.2.20.2.21.01.0000;DINAS KOMUNIKASI DAN INFORMATIKA;2.16.01.2.02.0001;Penyediaan Gaji dan Tunjangan ASN;5.1.01.01.011.00001;Belanja Iuran Jaminan Kematian PNS;13096734;6075101
2026;2.16.2.20.2.21.01.0000;DINAS KOMUNIKASI DAN INFORMATIKA;2.16.2.20.2.21.01.0000;DINAS KOMUNIKASI DAN INFORMATIKA;2.16.01.2.02.0001;Penyediaan Gaji dan Tunjangan ASN;5.1.01.01.011.00002;Belanja Iuran Jaminan Kematian PPPK;7662177;3799733
2026;2.16.2.20.2.21.01.0000;DINAS KOMUNIKASI DAN INFORMATIKA;2.16.2.20.2.21.01.0000;DINAS KOMUNIKASI DAN INFORMATIKA;2.16.01.2.02.0001;Penyediaan Gaji dan Tunjangan ASN;5.1.01.01.012.00001;Belanja Iuran Simpanan Peserta Tabungan Perumahan Rakyat PNS;8976132;0
2026;2.16.2.20.2.21.01.0000;DINAS KOMUNIKASI DAN INFORMATIKA;2.16.2.20.2.21.01.0000;DINAS KOMUNIKASI DAN INFORMATIKA;2.16.01.2.02.0001;Penyediaan Gaji dan Tunjangan ASN;5.1.01.01.012.00002;Belanja Iuran Simpanan Peserta Tabungan Perumahan Rakyat PPPK;5415477;0
2026;2.16.2.20.2.21.01.0000;DINAS KOMUNIKASI DAN INFORMATIKA;2.16.2.20.2.21.01.0000;DINAS KOMUNIKASI DAN INFORMATIKA;2.16.01.2.02.0001;Penyediaan Gaji dan Tunjangan ASN;5.1.01.02.001.00001;Tambahan Penghasilan berdasarkan Beban Kerja PNS;783590674;380824239
2026;2.16.2.20.2.21.01.0000;DINAS KOMUNIKASI DAN INFORMATIKA;2.16.2.20.2.21.01.0000;DINAS KOMUNIKASI DAN INFORMATIKA;2.16.01.2.02.0001;Penyediaan Gaji dan Tunjangan ASN;5.1.01.02.003.00001;Tambahan Penghasilan berdasarkan Kondisi Kerja PNS;29260000;15200000
2026;2.16.2.20.2.21.01.0000;DINAS KOMUNIKASI DAN INFORMATIKA;2.16.2.20.2.21.01.0000;DINAS KOMUNIKASI DAN INFORMATIKA;2.16.01.2.02.0001;Penyediaan Gaji dan Tunjangan ASN;5.1.01.02.004.00001;Tambahan Penghasilan berdasarkan Kelangkaan Profesi PNS;38500000;20000000
2026;2.16.2.20.2.21.01.0000;DINAS KOMUNIKASI DAN INFORMATIKA;2.16.2.20.2.21.01.0000;DINAS KOMUNIKASI DAN INFORMATIKA;2.16.01.2.02.0001;Penyediaan Gaji dan Tunjangan ASN;5.1.02.02.001.00080;Belanja Honorarium Penanggungjawaban Pengelola Keuangan;29665000;11220000
2026;2.16.2.20.2.21.01.0000;DINAS KOMUNIKASI DAN INFORMATIKA;2.16.2.20.2.21.01.0000;DINAS KOMUNIKASI DAN INFORMATIKA;2.16.01.2.02.0001;Penyediaan Gaji dan Tunjangan ASN;5.1.02.02.001.00088;Belanja jasa Pegawai Pemerintah dengan Perjanjian Kerja (PPPK) Paruh Waktu pada jabatan operator lay;12300000;6150000
2026;2.16.2.20.2.21.01.0000;DINAS KOMUNIKASI DAN INFORMATIKA;2.16.2.20.2.21.01.0000;DINAS KOMUNIKASI DAN INFORMATIKA;2.16.01.2.02.0001;Penyediaan Gaji dan Tunjangan ASN;5.1.02.02.002.00006;Belanja Iuran Jaminan Kecelakaan Kerja bagi Non ASN;0;0
2026;2.16.2.20.2.21.01.0000;DINAS KOMUNIKASI DAN INFORMATIKA;2.16.2.20.2.21.01.0000;DINAS KOMUNIKASI DAN INFORMATIKA;2.16.01.2.02.0001;Penyediaan Gaji dan Tunjangan ASN;5.1.02.02.002.00007;Belanja Iuran Jaminan Kematian bagi Non ASN;0;0
2026;2.16.2.20.2.21.01.0000;DINAS KOMUNIKASI DAN INFORMATIKA;2.16.2.20.2.21.01.0000;DINAS KOMUNIKASI DAN INFORMATIKA;2.16.01.2.02.0001;Penyediaan Gaji dan Tunjangan ASN;5.1.02.02.002.00019;Belanja Iuran Jaminan Kesehatan bagi PPPK Paruh Waktu pada Jabatan Operator Layanan Operasional;1018544;0
2026;2.16.2.20.2.21.01.0000;DINAS KOMUNIKASI DAN INFORMATIKA;2.16.2.20.2.21.01.0000;DINAS KOMUNIKASI DAN INFORMATIKA;2.16.01.2.02.0001;Penyediaan Gaji dan Tunjangan ASN;5.1.02.02.002.00027;Belanja Iuran Jaminan Kecelakaan Kerja bagi PPPK Paruh Waktu pada Jabatan Operator Layanan Operasion;61332;0
2026;2.16.2.20.2.21.01.0000;DINAS KOMUNIKASI DAN INFORMATIKA;2.16.2.20.2.21.01.0000;DINAS KOMUNIKASI DAN INFORMATIKA;2.16.01.2.02.0001;Penyediaan Gaji dan Tunjangan ASN;5.1.02.02.002.00035;Belanja Iuran Jaminan Kematian bagi PPPK Paruh Waktu pada Jabatan Operator Layanan Operasional;76668;0
2026;2.16.2.20.2.21.01.0000;DINAS KOMUNIKASI DAN INFORMATIKA;2.16.2.20.2.21.01.0000;DINAS KOMUNIKASI DAN INFORMATIKA;2.16.01.2.06.0001;Penyediaan Komponen Instalasi Listrik/Penerangan Bangunan Kantor;5.1.02.01.001.00031;Belanja Alat/Bahan untuk Kegiatan Kantor-Alat Listrik;2996900;1448100
2026;2.16.2.20.2.21.01.0000;DINAS KOMUNIKASI DAN INFORMATIKA;2.16.2.20.2.21.01.0000;DINAS KOMUNIKASI DAN INFORMATIKA;2.16.01.2.06.0004;Penyediaan Bahan Logistik Kantor;5.1.02.01.001.00024;Belanja Alat/Bahan untuk Kegiatan Kantor-Alat Tulis Kantor;8239450;3256800
2026;2.16.2.20.2.21.01.0000;DINAS KOMUNIKASI DAN INFORMATIKA;2.16.2.20.2.21.01.0000;DINAS KOMUNIKASI DAN INFORMATIKA;2.16.01.2.06.0004;Penyediaan Bahan Logistik Kantor;5.1.02.01.001.00025;Belanja Alat/Bahan untuk Kegiatan Kantor- Kertas dan Cover;6089950;3024100
2026;2.16.2.20.2.21.01.0000;DINAS KOMUNIKASI DAN INFORMATIKA;2.16.2.20.2.21.01.0000;DINAS KOMUNIKASI DAN INFORMATIKA;2.16.01.2.06.0004;Penyediaan Bahan Logistik Kantor;5.1.02.01.001.00027;Belanja Alat/Bahan untuk Kegiatan Kantor-Benda Pos;500000;380000
2026;2.16.2.20.2.21.01.0000;DINAS KOMUNIKASI DAN INFORMATIKA;2.16.2.20.2.21.01.0000;DINAS KOMUNIKASI DAN INFORMATIKA;2.16.01.2.06.0004;Penyediaan Bahan Logistik Kantor;5.1.02.01.001.00029;Belanja Alat/Bahan untuk Kegiatan Kantor-Bahan Komputer;1936200;1936200
2026;2.16.2.20.2.21.01.0000;DINAS KOMUNIKASI DAN INFORMATIKA;2.16.2.20.2.21.01.0000;DINAS KOMUNIKASI DAN INFORMATIKA;2.16.01.2.06.0004;Penyediaan Bahan Logistik Kantor;5.1.02.01.001.00052;Belanja Makanan dan Minuman Rapat;1330000;0
2026;2.16.2.20.2.21.01.0000;DINAS KOMUNIKASI DAN INFORMATIKA;2.16.2.20.2.21.01.0000;DINAS KOMUNIKASI DAN INFORMATIKA;2.16.01.2.06.0004;Penyediaan Bahan Logistik Kantor;5.1.02.01.001.00053;Belanja Makanan dan Minuman Jamuan Tamu;6642100;3148950
2026;2.16.2.20.2.21.01.0000;DINAS KOMUNIKASI DAN INFORMATIKA;2.16.2.20.2.21.01.0000;DINAS KOMUNIKASI DAN INFORMATIKA;2.16.01.2.06.0009;Penyelenggaraan Rapat Koordinasi dan Konsultasi SKPD;5.1.02.04.001.00001;Belanja Perjalanan Dinas Biasa;25775500;3502500
2026;2.16.2.20.2.21.01.0000;DINAS KOMUNIKASI DAN INFORMATIKA;2.16.2.20.2.21.01.0000;DINAS KOMUNIKASI DAN INFORMATIKA;2.16.01.2.06.0009;Penyelenggaraan Rapat Koordinasi dan Konsultasi SKPD;5.1.02.04.001.00003;Belanja Perjalanan Dinas Dalam Kota;1260000;0
2026;2.16.2.20.2.21.01.0000;DINAS KOMUNIKASI DAN INFORMATIKA;2.16.2.20.2.21.01.0000;DINAS KOMUNIKASI DAN INFORMATIKA;2.16.01.2.08.0002;Penyediaan Jasa Komunikasi, Sumber Daya Air dan Listrik;5.1.02.02.001.00059;Belanja Tagihan Telepon;6000000;2954560
2026;2.16.2.20.2.21.01.0000;DINAS KOMUNIKASI DAN INFORMATIKA;2.16.2.20.2.21.01.0000;DINAS KOMUNIKASI DAN INFORMATIKA;2.16.01.2.08.0002;Penyediaan Jasa Komunikasi, Sumber Daya Air dan Listrik;5.1.02.02.001.00060;Belanja Tagihan Air;4410000;521000
2026;2.16.2.20.2.21.01.0000;DINAS KOMUNIKASI DAN INFORMATIKA;2.16.2.20.2.21.01.0000;DINAS KOMUNIKASI DAN INFORMATIKA;2.16.01.2.08.0002;Penyediaan Jasa Komunikasi, Sumber Daya Air dan Listrik;5.1.02.02.001.00061;Belanja Tagihan Listrik;40182001;12631016
2026;2.16.2.20.2.21.01.0000;DINAS KOMUNIKASI DAN INFORMATIKA;2.16.2.20.2.21.01.0000;DINAS KOMUNIKASI DAN INFORMATIKA;2.16.01.2.08.0004;Penyediaan Jasa Pelayanan Umum Kantor;5.1.02.01.001.00030;Belanja Alat/Bahan untuk Kegiatan Kantor-Perabot Kantor;1996300;967300
2026;2.16.2.20.2.21.01.0000;DINAS KOMUNIKASI DAN INFORMATIKA;2.16.2.20.2.21.01.0000;DINAS KOMUNIKASI DAN INFORMATIKA;2.16.01.2.09.0001;Penyediaan Jasa Pemeliharaan, Biaya Pemeliharaan, dan Pajak Kendaraan Perorangan Dinas atau Kendaraan Dinas Jabatan;5.1.02.03.002.00035;Belanja Pemeliharaan Alat Angkutan-Alat Angkutan Darat Bermotor-Kendaraan Dinas Bermotor Perorangan;23000000;12102600
2026;2.16.2.20.2.21.01.0000;DINAS KOMUNIKASI DAN INFORMATIKA;2.16.2.20.2.21.01.0000;DINAS KOMUNIKASI DAN INFORMATIKA;2.16.01.2.09.0002;Penyediaan Jasa Pemeliharaan, Biaya Pemeliharaan, Pajak dan Perizinan Kendaraan Dinas Operasional atau Lapangan;5.1.02.03.002.00035;Belanja Pemeliharaan Alat Angkutan-Alat Angkutan Darat Bermotor-Kendaraan Dinas Bermotor Perorangan;10000000;7328300
2026;2.16.2.20.2.21.01.0000;DINAS KOMUNIKASI DAN INFORMATIKA;2.16.2.20.2.21.01.0000;DINAS KOMUNIKASI DAN INFORMATIKA;2.16.01.2.09.0002;Penyediaan Jasa Pemeliharaan, Biaya Pemeliharaan, Pajak dan Perizinan Kendaraan Dinas Operasional atau Lapangan;5.1.02.03.002.00043;Belanja Pemeliharaan Alat Angkutan-Alat Angkutan Darat Bermotor-Alat Angkutan Darat Bermotor Lainnya;5000000;1476500
2026;2.16.2.20.2.21.01.0000;DINAS KOMUNIKASI DAN INFORMATIKA;2.16.2.20.2.21.01.0000;DINAS KOMUNIKASI DAN INFORMATIKA;2.16.01.2.09.0006;Pemeliharaan Peralatan dan Mesin Lainnya;5.1.02.03.002.00121;Belanja Pemeliharaan Alat Kantor dan Rumah Tangga-Alat Rumah Tangga-Alat Pendingin;3050000;2325000
2026;2.16.2.20.2.21.01.0000;DINAS KOMUNIKASI DAN INFORMATIKA;2.16.2.20.2.21.01.0000;DINAS KOMUNIKASI DAN INFORMATIKA;2.16.01.2.09.0006;Pemeliharaan Peralatan dan Mesin Lainnya;5.1.02.03.002.00137;Belanja Pemeliharaan Alat Studio, Komunikasi, dan Pemancar-Alat Studio-Alat Studio Lainnya;0;0
2026;2.16.2.20.2.21.01.0000;DINAS KOMUNIKASI DAN INFORMATIKA;2.16.2.20.2.21.01.0000;DINAS KOMUNIKASI DAN INFORMATIKA;2.16.02.2.01.0014;Relasi Media;5.1.02.01.001.00024;Belanja Alat/Bahan untuk Kegiatan Kantor-Alat Tulis Kantor;484800;288800
2026;2.16.2.20.2.21.01.0000;DINAS KOMUNIKASI DAN INFORMATIKA;2.16.2.20.2.21.01.0000;DINAS KOMUNIKASI DAN INFORMATIKA;2.16.02.2.01.0014;Relasi Media;5.1.02.01.001.00025;Belanja Alat/Bahan untuk Kegiatan Kantor- Kertas dan Cover;311200;311200
2026;2.16.2.20.2.21.01.0000;DINAS KOMUNIKASI DAN INFORMATIKA;2.16.2.20.2.21.01.0000;DINAS KOMUNIKASI DAN INFORMATIKA;2.16.02.2.01.0014;Relasi Media;5.1.02.01.001.00052;Belanja Makanan dan Minuman Rapat;0;0
2026;2.16.2.20.2.21.01.0000;DINAS KOMUNIKASI DAN INFORMATIKA;2.16.2.20.2.21.01.0000;DINAS KOMUNIKASI DAN INFORMATIKA;2.16.02.2.01.0014;Relasi Media;5.1.02.02.001.00055;Belanja Jasa Iklan/Reklame, Film, dan Pemotretan;114500000;80500000
2026;2.16.2.20.2.21.01.0000;DINAS KOMUNIKASI DAN INFORMATIKA;2.16.2.20.2.21.01.0000;DINAS KOMUNIKASI DAN INFORMATIKA;2.16.02.2.01.0014;Relasi Media;5.1.02.02.001.00062;Belanja Langganan Jurnal/Surat Kabar/Majalah;61400040;29000000
2026;2.16.2.20.2.21.01.0000;DINAS KOMUNIKASI DAN INFORMATIKA;2.16.2.20.2.21.01.0000;DINAS KOMUNIKASI DAN INFORMATIKA;2.16.02.2.01.0015;Kemitraan Komunikasi dengan Komunitas Informasi Masyarakat;5.1.02.01.001.00024;Belanja Alat/Bahan untuk Kegiatan Kantor-Alat Tulis Kantor;516150;514500
2026;2.16.2.20.2.21.01.0000;DINAS KOMUNIKASI DAN INFORMATIKA;2.16.2.20.2.21.01.0000;DINAS KOMUNIKASI DAN INFORMATIKA;2.16.02.2.01.0015;Kemitraan Komunikasi dengan Komunitas Informasi Masyarakat;5.1.02.01.001.00025;Belanja Alat/Bahan untuk Kegiatan Kantor- Kertas dan Cover;436800;435000
2026;2.16.2.20.2.21.01.0000;DINAS KOMUNIKASI DAN INFORMATIKA;2.16.2.20.2.21.01.0000;DINAS KOMUNIKASI DAN INFORMATIKA;2.16.02.2.01.0015;Kemitraan Komunikasi dengan Komunitas Informasi Masyarakat;5.1.02.01.001.00029;Belanja Alat/Bahan untuk Kegiatan Kantor-Bahan Komputer;602800;600000
2026;2.16.2.20.2.21.01.0000;DINAS KOMUNIKASI DAN INFORMATIKA;2.16.2.20.2.21.01.0000;DINAS KOMUNIKASI DAN INFORMATIKA;2.16.02.2.01.0015;Kemitraan Komunikasi dengan Komunitas Informasi Masyarakat;5.1.02.04.001.00003;Belanja Perjalanan Dinas Dalam Kota;1680000;825200
2026;2.16.2.20.2.21.01.0000;DINAS KOMUNIKASI DAN INFORMATIKA;2.16.2.20.2.21.01.0000;DINAS KOMUNIKASI DAN INFORMATIKA;2.16.02.2.01.0017;Pelayanan Informasi Publik;5.1.02.01.001.00024;Belanja Alat/Bahan untuk Kegiatan Kantor-Alat Tulis Kantor;750300;735500
2026;2.16.2.20.2.21.01.0000;DINAS KOMUNIKASI DAN INFORMATIKA;2.16.2.20.2.21.01.0000;DINAS KOMUNIKASI DAN INFORMATIKA;2.16.02.2.01.0017;Pelayanan Informasi Publik;5.1.02.01.001.00025;Belanja Alat/Bahan untuk Kegiatan Kantor- Kertas dan Cover;423600;423600
2026;2.16.2.20.2.21.01.0000;DINAS KOMUNIKASI DAN INFORMATIKA;2.16.2.20.2.21.01.0000;DINAS KOMUNIKASI DAN INFORMATIKA;2.16.02.2.01.0017;Pelayanan Informasi Publik;5.1.02.01.001.00029;Belanja Alat/Bahan untuk Kegiatan Kantor-Bahan Komputer;602800;600000
2026;2.16.2.20.2.21.01.0000;DINAS KOMUNIKASI DAN INFORMATIKA;2.16.2.20.2.21.01.0000;DINAS KOMUNIKASI DAN INFORMATIKA;2.16.02.2.01.0017;Pelayanan Informasi Publik;5.1.02.01.001.00052;Belanja Makanan dan Minuman Rapat;731500;0
2026;2.16.2.20.2.21.01.0000;DINAS KOMUNIKASI DAN INFORMATIKA;2.16.2.20.2.21.01.0000;DINAS KOMUNIKASI DAN INFORMATIKA;2.16.02.2.01.0017;Pelayanan Informasi Publik;5.1.02.04.001.00001;Belanja Perjalanan Dinas Biasa;4250000;2053000
2026;2.16.2.20.2.21.01.0000;DINAS KOMUNIKASI DAN INFORMATIKA;2.16.2.20.2.21.01.0000;DINAS KOMUNIKASI DAN INFORMATIKA;2.16.02.2.01.0021;Pengelolaan Media Komunikasi Publik;5.1.02.01.001.00024;Belanja Alat/Bahan untuk Kegiatan Kantor-Alat Tulis Kantor;2985800;198000
2026;2.16.2.20.2.21.01.0000;DINAS KOMUNIKASI DAN INFORMATIKA;2.16.2.20.2.21.01.0000;DINAS KOMUNIKASI DAN INFORMATIKA;2.16.02.2.01.0021;Pengelolaan Media Komunikasi Publik;5.1.02.01.001.00025;Belanja Alat/Bahan untuk Kegiatan Kantor- Kertas dan Cover;490000;436800
2026;2.16.2.20.2.21.01.0000;DINAS KOMUNIKASI DAN INFORMATIKA;2.16.2.20.2.21.01.0000;DINAS KOMUNIKASI DAN INFORMATIKA;2.16.02.2.01.0021;Pengelolaan Media Komunikasi Publik;5.1.02.01.001.00052;Belanja Makanan dan Minuman Rapat;332500;332500
2026;2.16.2.20.2.21.01.0000;DINAS KOMUNIKASI DAN INFORMATIKA;2.16.2.20.2.21.01.0000;DINAS KOMUNIKASI DAN INFORMATIKA;2.16.02.2.01.0021;Pengelolaan Media Komunikasi Publik;5.1.02.02.001.00063;Belanja Kawat/Faksimili/Internet/TV Berlangganan;10500000;1453000
2026;2.16.2.20.2.21.01.0000;DINAS KOMUNIKASI DAN INFORMATIKA;2.16.2.20.2.21.01.0000;DINAS KOMUNIKASI DAN INFORMATIKA;2.16.02.2.01.0021;Pengelolaan Media Komunikasi Publik;5.1.02.04.001.00001;Belanja Perjalanan Dinas Biasa;6345000;1762500
2026;2.16.2.20.2.21.01.0000;DINAS KOMUNIKASI DAN INFORMATIKA;2.16.2.20.2.21.01.0000;DINAS KOMUNIKASI DAN INFORMATIKA;2.16.02.2.01.0021;Pengelolaan Media Komunikasi Publik;5.1.02.04.001.00003;Belanja Perjalanan Dinas Dalam Kota;2184000;1087500
2026;2.16.2.20.2.21.01.0000;DINAS KOMUNIKASI DAN INFORMATIKA;2.16.2.20.2.21.01.0000;DINAS KOMUNIKASI DAN INFORMATIKA;2.16.02.2.01.0023;Penyusunan Konten;5.1.02.01.001.00024;Belanja Alat/Bahan untuk Kegiatan Kantor-Alat Tulis Kantor;753900;195800
2026;2.16.2.20.2.21.01.0000;DINAS KOMUNIKASI DAN INFORMATIKA;2.16.2.20.2.21.01.0000;DINAS KOMUNIKASI DAN INFORMATIKA;2.16.02.2.01.0023;Penyusunan Konten;5.1.02.01.001.00025;Belanja Alat/Bahan untuk Kegiatan Kantor- Kertas dan Cover;503000;501000
2026;2.16.2.20.2.21.01.0000;DINAS KOMUNIKASI DAN INFORMATIKA;2.16.2.20.2.21.01.0000;DINAS KOMUNIKASI DAN INFORMATIKA;2.16.02.2.01.0023;Penyusunan Konten;5.1.02.01.001.00029;Belanja Alat/Bahan untuk Kegiatan Kantor-Bahan Komputer;410000;410000
2026;2.16.2.20.2.21.01.0000;DINAS KOMUNIKASI DAN INFORMATIKA;2.16.2.20.2.21.01.0000;DINAS KOMUNIKASI DAN INFORMATIKA;2.16.02.2.01.0023;Penyusunan Konten;5.1.02.02.001.00063;Belanja Kawat/Faksimili/Internet/TV Berlangganan;4700000;1200000
2026;2.16.2.20.2.21.01.0000;DINAS KOMUNIKASI DAN INFORMATIKA;2.16.2.20.2.21.01.0000;DINAS KOMUNIKASI DAN INFORMATIKA;2.16.02.2.01.0023;Penyusunan Konten;5.1.02.04.001.00003;Belanja Perjalanan Dinas Dalam Kota;504000;90300
2026;2.16.2.20.2.21.01.0000;DINAS KOMUNIKASI DAN INFORMATIKA;2.16.2.20.2.21.01.0000;DINAS KOMUNIKASI DAN INFORMATIKA;2.16.03.2.02.0032;Koordinasi pembangunan dan/atau pengembangan Aplikasi Khusus yang sesuai dengan arsitektur dan peta rencana SPBE pemerintah daerah, serta pemanfaatan Aplikasi Umum SPBE;5.1.02.01.001.00024;Belanja Alat/Bahan untuk Kegiatan Kantor-Alat Tulis Kantor;53000;53000
2026;2.16.2.20.2.21.01.0000;DINAS KOMUNIKASI DAN INFORMATIKA;2.16.2.20.2.21.01.0000;DINAS KOMUNIKASI DAN INFORMATIKA;2.16.03.2.02.0032;Koordinasi pembangunan dan/atau pengembangan Aplikasi Khusus yang sesuai dengan arsitektur dan peta rencana SPBE pemerintah daerah, serta pemanfaatan Aplikasi Umum SPBE;5.1.02.01.001.00025;Belanja Alat/Bahan untuk Kegiatan Kantor- Kertas dan Cover;436800;436800
2026;2.16.2.20.2.21.01.0000;DINAS KOMUNIKASI DAN INFORMATIKA;2.16.2.20.2.21.01.0000;DINAS KOMUNIKASI DAN INFORMATIKA;2.16.03.2.02.0032;Koordinasi pembangunan dan/atau pengembangan Aplikasi Khusus yang sesuai dengan arsitektur dan peta rencana SPBE pemerintah daerah, serta pemanfaatan Aplikasi Umum SPBE;5.1.02.01.001.00052;Belanja Makanan dan Minuman Rapat;4495400;1556100
2026;2.16.2.20.2.21.01.0000;DINAS KOMUNIKASI DAN INFORMATIKA;2.16.2.20.2.21.01.0000;DINAS KOMUNIKASI DAN INFORMATIKA;2.16.03.2.02.0032;Koordinasi pembangunan dan/atau pengembangan Aplikasi Khusus yang sesuai dengan arsitektur dan peta rencana SPBE pemerintah daerah, serta pemanfaatan Aplikasi Umum SPBE;5.1.02.02.001.00063;Belanja Kawat/Faksimili/Internet/TV Berlangganan;30000000;26619952
2026;2.16.2.20.2.21.01.0000;DINAS KOMUNIKASI DAN INFORMATIKA;2.16.2.20.2.21.01.0000;DINAS KOMUNIKASI DAN INFORMATIKA;2.16.03.2.02.0033;Penyelenggaraan pusat kendali Pemerintah Daerah;5.1.02.01.001.00024;Belanja Alat/Bahan untuk Kegiatan Kantor-Alat Tulis Kantor;259400;136700
2026;2.16.2.20.2.21.01.0000;DINAS KOMUNIKASI DAN INFORMATIKA;2.16.2.20.2.21.01.0000;DINAS KOMUNIKASI DAN INFORMATIKA;2.16.03.2.02.0033;Penyelenggaraan pusat kendali Pemerintah Daerah;5.1.02.01.001.00025;Belanja Alat/Bahan untuk Kegiatan Kantor- Kertas dan Cover;145600;145600
2026;2.16.2.20.2.21.01.0000;DINAS KOMUNIKASI DAN INFORMATIKA;2.16.2.20.2.21.01.0000;DINAS KOMUNIKASI DAN INFORMATIKA;2.16.03.2.02.0033;Penyelenggaraan pusat kendali Pemerintah Daerah;5.1.02.01.001.00029;Belanja Alat/Bahan untuk Kegiatan Kantor-Bahan Komputer;755000;302000
2026;2.16.2.20.2.21.01.0000;DINAS KOMUNIKASI DAN INFORMATIKA;2.16.2.20.2.21.01.0000;DINAS KOMUNIKASI DAN INFORMATIKA;2.16.03.2.02.0033;Penyelenggaraan pusat kendali Pemerintah Daerah;5.1.02.02.001.00063;Belanja Kawat/Faksimili/Internet/TV Berlangganan;0;0
2026;2.16.2.20.2.21.01.0000;DINAS KOMUNIKASI DAN INFORMATIKA;2.16.2.20.2.21.01.0000;DINAS KOMUNIKASI DAN INFORMATIKA;2.16.03.2.02.0033;Penyelenggaraan pusat kendali Pemerintah Daerah;5.1.02.03.002.00411;Belanja Pemeliharaan Komputer-Peralatan Komputer-Peralatan Komputer Lainnya;0;0
2026;2.16.2.20.2.21.01.0000;DINAS KOMUNIKASI DAN INFORMATIKA;2.16.2.20.2.21.01.0000;DINAS KOMUNIKASI DAN INFORMATIKA;2.16.03.2.02.0033;Penyelenggaraan pusat kendali Pemerintah Daerah;5.1.02.04.001.00003;Belanja Perjalanan Dinas Dalam Kota;840000;0
2026;2.16.2.20.2.21.01.0000;DINAS KOMUNIKASI DAN INFORMATIKA;2.16.2.20.2.21.01.0000;DINAS KOMUNIKASI DAN INFORMATIKA;2.16.03.2.02.0035;Koordinasi dan Fasilitasi Promosi Literasi SPBE dan/atau kolaborasi penyelenggaraan SPBE;5.1.02.01.001.00024;Belanja Alat/Bahan untuk Kegiatan Kantor-Alat Tulis Kantor;53000;53000
2026;2.16.2.20.2.21.01.0000;DINAS KOMUNIKASI DAN INFORMATIKA;2.16.2.20.2.21.01.0000;DINAS KOMUNIKASI DAN INFORMATIKA;2.16.03.2.02.0035;Koordinasi dan Fasilitasi Promosi Literasi SPBE dan/atau kolaborasi penyelenggaraan SPBE;5.1.02.01.001.00025;Belanja Alat/Bahan untuk Kegiatan Kantor- Kertas dan Cover;436800;436800
2026;2.16.2.20.2.21.01.0000;DINAS KOMUNIKASI DAN INFORMATIKA;2.16.2.20.2.21.01.0000;DINAS KOMUNIKASI DAN INFORMATIKA;2.16.03.2.02.0035;Koordinasi dan Fasilitasi Promosi Literasi SPBE dan/atau kolaborasi penyelenggaraan SPBE;5.1.02.01.001.00052;Belanja Makanan dan Minuman Rapat;4495400;292600
2026;2.16.2.20.2.21.01.0000;DINAS KOMUNIKASI DAN INFORMATIKA;2.16.2.20.2.21.01.0000;DINAS KOMUNIKASI DAN INFORMATIKA;2.16.03.2.02.0036;Penyediaan Akses Internet;5.1.02.01.001.00024;Belanja Alat/Bahan untuk Kegiatan Kantor-Alat Tulis Kantor;206100;206100
2026;2.16.2.20.2.21.01.0000;DINAS KOMUNIKASI DAN INFORMATIKA;2.16.2.20.2.21.01.0000;DINAS KOMUNIKASI DAN INFORMATIKA;2.16.03.2.02.0036;Penyediaan Akses Internet;5.1.02.01.001.00025;Belanja Alat/Bahan untuk Kegiatan Kantor- Kertas dan Cover;1323600;450000
2026;2.16.2.20.2.21.01.0000;DINAS KOMUNIKASI DAN INFORMATIKA;2.16.2.20.2.21.01.0000;DINAS KOMUNIKASI DAN INFORMATIKA;2.16.03.2.02.0036;Penyediaan Akses Internet;5.1.02.01.001.00030;Belanja Alat/Bahan untuk Kegiatan Kantor-Perabot Kantor;417800;417800
2026;2.16.2.20.2.21.01.0000;DINAS KOMUNIKASI DAN INFORMATIKA;2.16.2.20.2.21.01.0000;DINAS KOMUNIKASI DAN INFORMATIKA;2.16.03.2.02.0036;Penyediaan Akses Internet;5.1.02.02.001.00063;Belanja Kawat/Faksimili/Internet/TV Berlangganan;131750000;40000000
2026;2.16.2.20.2.21.01.0000;DINAS KOMUNIKASI DAN INFORMATIKA;2.16.2.20.2.21.01.0000;DINAS KOMUNIKASI DAN INFORMATIKA;2.16.03.2.02.0036;Penyediaan Akses Internet;5.1.02.04.001.00001;Belanja Perjalanan Dinas Biasa;6212500;861500
2026;2.16.2.20.2.21.01.0000;DINAS KOMUNIKASI DAN INFORMATIKA;2.16.2.20.2.21.01.0000;DINAS KOMUNIKASI DAN INFORMATIKA;2.16.03.2.02.0036;Penyediaan Akses Internet;5.1.02.04.001.00003;Belanja Perjalanan Dinas Dalam Kota;840000;90300
2026;2.16.2.20.2.21.01.0000;DINAS KOMUNIKASI DAN INFORMATIKA;2.16.2.20.2.21.01.0000;DINAS KOMUNIKASI DAN INFORMATIKA;2.16.03.2.02.0037;Koordinasi penyusunan kebijakan tata kelola SPBE meliputi arsitektur, peta rencana, proses bisnis, serta penyusunan rencana dan anggaran SPBE Pemerintah Daerah;5.1.02.01.001.00024;Belanja Alat/Bahan untuk Kegiatan Kantor-Alat Tulis Kantor;53000;53000
2026;2.16.2.20.2.21.01.0000;DINAS KOMUNIKASI DAN INFORMATIKA;2.16.2.20.2.21.01.0000;DINAS KOMUNIKASI DAN INFORMATIKA;2.16.03.2.02.0037;Koordinasi penyusunan kebijakan tata kelola SPBE meliputi arsitektur, peta rencana, proses bisnis, serta penyusunan rencana dan anggaran SPBE Pemerintah Daerah;5.1.02.01.001.00025;Belanja Alat/Bahan untuk Kegiatan Kantor- Kertas dan Cover;436800;436800
2026;2.16.2.20.2.21.01.0000;DINAS KOMUNIKASI DAN INFORMATIKA;2.16.2.20.2.21.01.0000;DINAS KOMUNIKASI DAN INFORMATIKA;2.16.03.2.02.0037;Koordinasi penyusunan kebijakan tata kelola SPBE meliputi arsitektur, peta rencana, proses bisnis, serta penyusunan rencana dan anggaran SPBE Pemerintah Daerah;5.1.02.01.001.00052;Belanja Makanan dan Minuman Rapat;4495400;3458000
2026;2.16.2.20.2.21.01.0000;DINAS KOMUNIKASI DAN INFORMATIKA;2.16.2.20.2.21.01.0000;DINAS KOMUNIKASI DAN INFORMATIKA;2.20.02.2.01.0020;Pengingkatan Kapasitas Kelembagaan Statistik Sektoral;5.1.02.01.001.00024;Belanja Alat/Bahan untuk Kegiatan Kantor-Alat Tulis Kantor;917800;917800
2026;2.16.2.20.2.21.01.0000;DINAS KOMUNIKASI DAN INFORMATIKA;2.16.2.20.2.21.01.0000;DINAS KOMUNIKASI DAN INFORMATIKA;2.20.02.2.01.0020;Pengingkatan Kapasitas Kelembagaan Statistik Sektoral;5.1.02.01.001.00025;Belanja Alat/Bahan untuk Kegiatan Kantor- Kertas dan Cover;1456000;1456000
2026;2.16.2.20.2.21.01.0000;DINAS KOMUNIKASI DAN INFORMATIKA;2.16.2.20.2.21.01.0000;DINAS KOMUNIKASI DAN INFORMATIKA;2.20.02.2.01.0020;Pengingkatan Kapasitas Kelembagaan Statistik Sektoral;5.1.02.01.001.00029;Belanja Alat/Bahan untuk Kegiatan Kantor-Bahan Komputer;2628150;2628150
2026;2.16.2.20.2.21.01.0000;DINAS KOMUNIKASI DAN INFORMATIKA;2.16.2.20.2.21.01.0000;DINAS KOMUNIKASI DAN INFORMATIKA;2.20.02.2.01.0020;Pengingkatan Kapasitas Kelembagaan Statistik Sektoral;5.1.02.01.001.00052;Belanja Makanan dan Minuman Rapat;1995000;931000
2026;2.16.2.20.2.21.01.0000;DINAS KOMUNIKASI DAN INFORMATIKA;2.16.2.20.2.21.01.0000;DINAS KOMUNIKASI DAN INFORMATIKA;2.20.02.2.01.0021;Pelaksanaan Proses Bisnis Statistik Sektoral Sesuai Standar;5.1.02.01.001.00024;Belanja Alat/Bahan untuk Kegiatan Kantor-Alat Tulis Kantor;1302700;1302700
2026;2.16.2.20.2.21.01.0000;DINAS KOMUNIKASI DAN INFORMATIKA;2.16.2.20.2.21.01.0000;DINAS KOMUNIKASI DAN INFORMATIKA;2.20.02.2.01.0021;Pelaksanaan Proses Bisnis Statistik Sektoral Sesuai Standar;5.1.02.01.001.00025;Belanja Alat/Bahan untuk Kegiatan Kantor- Kertas dan Cover;1191200;1191200
2026;2.16.2.20.2.21.01.0000;DINAS KOMUNIKASI DAN INFORMATIKA;2.16.2.20.2.21.01.0000;DINAS KOMUNIKASI DAN INFORMATIKA;2.20.02.2.01.0021;Pelaksanaan Proses Bisnis Statistik Sektoral Sesuai Standar;5.1.02.01.001.00029;Belanja Alat/Bahan untuk Kegiatan Kantor-Bahan Komputer;643800;643800
2026;2.16.2.20.2.21.01.0000;DINAS KOMUNIKASI DAN INFORMATIKA;2.16.2.20.2.21.01.0000;DINAS KOMUNIKASI DAN INFORMATIKA;2.20.02.2.01.0021;Pelaksanaan Proses Bisnis Statistik Sektoral Sesuai Standar;5.1.02.01.001.00052;Belanja Makanan dan Minuman Rapat;1862000;0
2026;2.16.2.20.2.21.01.0000;DINAS KOMUNIKASI DAN INFORMATIKA;2.16.2.20.2.21.01.0000;DINAS KOMUNIKASI DAN INFORMATIKA;2.20.02.2.01.0022;Koordinasi dan Kolaborasi Dalam Penyelenggaraan Statistik Sektoral;5.1.02.04.001.00001;Belanja Perjalanan Dinas Biasa;3705000;565000
2026;2.16.2.20.2.21.01.0000;DINAS KOMUNIKASI DAN INFORMATIKA;2.16.2.20.2.21.01.0000;DINAS KOMUNIKASI DAN INFORMATIKA;2.20.02.2.01.0022;Koordinasi dan Kolaborasi Dalam Penyelenggaraan Statistik Sektoral;5.1.02.04.001.00003;Belanja Perjalanan Dinas Dalam Kota;1288000;634483
2026;2.16.2.20.2.21.01.0000;DINAS KOMUNIKASI DAN INFORMATIKA;2.16.2.20.2.21.01.0000;DINAS KOMUNIKASI DAN INFORMATIKA;2.21.02.2.01.0005;Pelaksanaan Keamanan Informasi Pemerintahan Daerah Berbasis Elektronik dan Non Elektronik;5.1.02.01.001.00024;Belanja Alat/Bahan untuk Kegiatan Kantor-Alat Tulis Kantor;230000;0
2026;2.16.2.20.2.21.01.0000;DINAS KOMUNIKASI DAN INFORMATIKA;2.16.2.20.2.21.01.0000;DINAS KOMUNIKASI DAN INFORMATIKA;2.21.02.2.01.0005;Pelaksanaan Keamanan Informasi Pemerintahan Daerah Berbasis Elektronik dan Non Elektronik;5.1.02.01.001.00029;Belanja Alat/Bahan untuk Kegiatan Kantor-Bahan Komputer;0;0
2026;2.16.2.20.2.21.01.0000;DINAS KOMUNIKASI DAN INFORMATIKA;2.16.2.20.2.21.01.0000;DINAS KOMUNIKASI DAN INFORMATIKA;2.21.02.2.01.0005;Pelaksanaan Keamanan Informasi Pemerintahan Daerah Berbasis Elektronik dan Non Elektronik;5.1.02.01.001.00030;Belanja Alat/Bahan untuk Kegiatan Kantor-Perabot Kantor;126000;0
2026;2.16.2.20.2.21.01.0000;DINAS KOMUNIKASI DAN INFORMATIKA;2.16.2.20.2.21.01.0000;DINAS KOMUNIKASI DAN INFORMATIKA;2.21.02.2.01.0005;Pelaksanaan Keamanan Informasi Pemerintahan Daerah Berbasis Elektronik dan Non Elektronik;5.1.02.01.001.00052;Belanja Makanan dan Minuman Rapat;0;0
2026;2.16.2.20.2.21.01.0000;DINAS KOMUNIKASI DAN INFORMATIKA;2.16.2.20.2.21.01.0000;DINAS KOMUNIKASI DAN INFORMATIKA;2.21.02.2.01.0005;Pelaksanaan Keamanan Informasi Pemerintahan Daerah Berbasis Elektronik dan Non Elektronik;5.1.02.04.001.00001;Belanja Perjalanan Dinas Biasa;3150000;640000
2026;2.16.2.20.2.21.01.0000;DINAS KOMUNIKASI DAN INFORMATIKA;2.16.2.20.2.21.01.0000;DINAS KOMUNIKASI DAN INFORMATIKA;2.21.02.2.01.0008;Penetapan Kebijakan Tata Kelola Keamanan Informasi dan Persandian Pemerintah Daerah;5.1.02.01.001.00024;Belanja Alat/Bahan untuk Kegiatan Kantor-Alat Tulis Kantor;0;0
2026;2.16.2.20.2.21.01.0000;DINAS KOMUNIKASI DAN INFORMATIKA;2.16.2.20.2.21.01.0000;DINAS KOMUNIKASI DAN INFORMATIKA;2.21.02.2.01.0008;Penetapan Kebijakan Tata Kelola Keamanan Informasi dan Persandian Pemerintah Daerah;5.1.02.01.001.00025;Belanja Alat/Bahan untuk Kegiatan Kantor- Kertas dan Cover;0;0
2026;2.16.2.20.2.21.01.0000;DINAS KOMUNIKASI DAN INFORMATIKA;2.16.2.20.2.21.01.0000;DINAS KOMUNIKASI DAN INFORMATIKA;2.21.02.2.01.0008;Penetapan Kebijakan Tata Kelola Keamanan Informasi dan Persandian Pemerintah Daerah;5.1.02.01.001.00052;Belanja Makanan dan Minuman Rapat;525000;0
2026;2.16.2.20.2.21.01.0000;DINAS KOMUNIKASI DAN INFORMATIKA;2.16.2.20.2.21.01.0000;DINAS KOMUNIKASI DAN INFORMATIKA;2.21.02.2.01.0008;Penetapan Kebijakan Tata Kelola Keamanan Informasi dan Persandian Pemerintah Daerah;5.2.02.10.002.00003;Belanja Modal Peralatan Personal Computer;0;0
2026;3.27.0.00.0.00.01.0000;DINAS PERTANIAN;3.27.0.00.0.00.01.0000;DINAS PERTANIAN;3.27.01.2.01.0001;Penyusunan Dokumen Perencanaan Perangkat Daerah;5.1.02.01.001.00052;Belanja Makanan dan Minuman Rapat;0;0
2026;3.27.0.00.0.00.01.0000;DINAS PERTANIAN;3.27.0.00.0.00.01.0000;DINAS PERTANIAN;3.27.01.2.01.0001;Penyusunan Dokumen Perencanaan Perangkat Daerah;5.1.02.04.001.00001;Belanja Perjalanan Dinas Biasa;0;0
2026;3.27.0.00.0.00.01.0000;DINAS PERTANIAN;3.27.0.00.0.00.01.0000;DINAS PERTANIAN;3.27.01.2.01.0001;Penyusunan Dokumen Perencanaan Perangkat Daerah;5.1.02.04.001.00003;Belanja Perjalanan Dinas Dalam Kota;0;0
2026;3.27.0.00.0.00.01.0000;DINAS PERTANIAN;3.27.0.00.0.00.01.0000;DINAS PERTANIAN;3.27.01.2.01.0007;Evaluasi Kinerja Perangkat Daerah;5.1.02.01.001.00052;Belanja Makanan dan Minuman Rapat;1915000;0
2026;3.27.0.00.0.00.01.0000;DINAS PERTANIAN;3.27.0.00.0.00.01.0000;DINAS PERTANIAN;3.27.01.2.01.0007;Evaluasi Kinerja Perangkat Daerah;5.1.02.04.001.00003;Belanja Perjalanan Dinas Dalam Kota;0;0
2026;3.27.0.00.0.00.01.0000;DINAS PERTANIAN;3.27.0.00.0.00.01.0000;DINAS PERTANIAN;3.27.01.2.02.0001;Penyediaan Gaji dan Tunjangan ASN;5.1.01.01.001.00001;Belanja Gaji Pokok PNS;8273826680;5100520293
2026;3.27.0.00.0.00.01.0000;DINAS PERTANIAN;3.27.0.00.0.00.01.0000;DINAS PERTANIAN;3.27.01.2.02.0001;Penyediaan Gaji dan Tunjangan ASN;5.1.01.01.001.00002;Belanja Gaji Pokok PPPK;3363606975;1605514897
2026;3.27.0.00.0.00.01.0000;DINAS PERTANIAN;3.27.0.00.0.00.01.0000;DINAS PERTANIAN;3.27.01.2.02.0001;Penyediaan Gaji dan Tunjangan ASN;5.1.01.01.002.00001;Belanja Tunjangan Keluarga PNS;717677201;330671151
2026;3.27.0.00.0.00.01.0000;DINAS PERTANIAN;3.27.0.00.0.00.01.0000;DINAS PERTANIAN;3.27.01.2.02.0001;Penyediaan Gaji dan Tunjangan ASN;5.1.01.01.002.00002;Belanja Tunjangan Keluarga PPPK;528373549;149725374
2026;3.27.0.00.0.00.01.0000;DINAS PERTANIAN;3.27.0.00.0.00.01.0000;DINAS PERTANIAN;3.27.01.2.02.0001;Penyediaan Gaji dan Tunjangan ASN;5.1.01.01.003.00001;Belanja Tunjangan Jabatan PNS;271416250;152235000
2026;3.27.0.00.0.00.01.0000;DINAS PERTANIAN;3.27.0.00.0.00.01.0000;DINAS PERTANIAN;3.27.01.2.02.0001;Penyediaan Gaji dan Tunjangan ASN;5.1.01.01.004.00001;Belanja Tunjangan Fungsional PNS;384805000;47520000
2026;3.27.0.00.0.00.01.0000;DINAS PERTANIAN;3.27.0.00.0.00.01.0000;DINAS PERTANIAN;3.27.01.2.02.0001;Penyediaan Gaji dan Tunjangan ASN;5.1.01.01.004.00002;Belanja Tunjangan Fungsional PPPK;165052500;0
2026;3.27.0.00.0.00.01.0000;DINAS PERTANIAN;3.27.0.00.0.00.01.0000;DINAS PERTANIAN;3.27.01.2.02.0001;Penyediaan Gaji dan Tunjangan ASN;5.1.01.01.005.00001;Belanja Tunjangan Fungsional Umum PNS;493926000;288910000
2026;3.27.0.00.0.00.01.0000;DINAS PERTANIAN;3.27.0.00.0.00.01.0000;DINAS PERTANIAN;3.27.01.2.02.0001;Penyediaan Gaji dan Tunjangan ASN;5.1.01.01.005.00002;Belanja Tunjangan Fungsional Umum PPPK;271224000;100364140
2026;3.27.0.00.0.00.01.0000;DINAS PERTANIAN;3.27.0.00.0.00.01.0000;DINAS PERTANIAN;3.27.01.2.02.0001;Penyediaan Gaji dan Tunjangan ASN;5.1.01.01.006.00001;Belanja Tunjangan Beras PNS;560553432;272733720
2026;3.27.0.00.0.00.01.0000;DINAS PERTANIAN;3.27.0.00.0.00.01.0000;DINAS PERTANIAN;3.27.01.2.02.0001;Penyediaan Gaji dan Tunjangan ASN;5.1.01.01.006.00002;Belanja Tunjangan Beras PPPK;375177387;112812255
2026;3.27.0.00.0.00.01.0000;DINAS PERTANIAN;3.27.0.00.0.00.01.0000;DINAS PERTANIAN;3.27.01.2.02.0001;Penyediaan Gaji dan Tunjangan ASN;5.1.01.01.007.00001;Belanja Tunjangan PPh/Tunjangan Khusus PNS;64373754;7357951
2026;3.27.0.00.0.00.01.0000;DINAS PERTANIAN;3.27.0.00.0.00.01.0000;DINAS PERTANIAN;3.27.01.2.02.0001;Penyediaan Gaji dan Tunjangan ASN;5.1.01.01.008.00001;Belanja Pembulatan Gaji PNS;978452;77370
2026;3.27.0.00.0.00.01.0000;DINAS PERTANIAN;3.27.0.00.0.00.01.0000;DINAS PERTANIAN;3.27.01.2.02.0001;Penyediaan Gaji dan Tunjangan ASN;5.1.01.01.008.00002;Belanja Pembulatan Gaji PPPK;184232;34996
2026;3.27.0.00.0.00.01.0000;DINAS PERTANIAN;3.27.0.00.0.00.01.0000;DINAS PERTANIAN;3.27.01.2.02.0001;Penyediaan Gaji dan Tunjangan ASN;5.1.01.01.009.00001;Belanja Iuran Jaminan Kesehatan PNS;700814815;212608184
2026;3.27.0.00.0.00.01.0000;DINAS PERTANIAN;3.27.0.00.0.00.01.0000;DINAS PERTANIAN;3.27.01.2.02.0001;Penyediaan Gaji dan Tunjangan ASN;5.1.01.01.009.00002;Belanja Iuran Jaminan Kesehatan PPPK;265040558;64020340
2026;3.27.0.00.0.00.01.0000;DINAS PERTANIAN;3.27.0.00.0.00.01.0000;DINAS PERTANIAN;3.27.01.2.02.0001;Penyediaan Gaji dan Tunjangan ASN;5.1.01.01.010.00001;Belanja Iuran Jaminan Kecelakaan Kerja PNS;25134030;9526081
2026;3.27.0.00.0.00.01.0000;DINAS PERTANIAN;3.27.0.00.0.00.01.0000;DINAS PERTANIAN;3.27.01.2.02.0001;Penyediaan Gaji dan Tunjangan ASN;5.1.01.01.010.00002;Belanja Iuran Jaminan Kecelakaan Kerja PPPK;12955625;3324132
2026;3.27.0.00.0.00.01.0000;DINAS PERTANIAN;3.27.0.00.0.00.01.0000;DINAS PERTANIAN;3.27.01.2.02.0001;Penyediaan Gaji dan Tunjangan ASN;5.1.01.01.011.00001;Belanja Iuran Jaminan Kematian PNS;74400666;28577561
2026;3.27.0.00.0.00.01.0000;DINAS PERTANIAN;3.27.0.00.0.00.01.0000;DINAS PERTANIAN;3.27.01.2.02.0001;Penyediaan Gaji dan Tunjangan ASN;5.1.01.01.011.00002;Belanja Iuran Jaminan Kematian PPPK;37786442;9971948
2026;3.27.0.00.0.00.01.0000;DINAS PERTANIAN;3.27.0.00.0.00.01.0000;DINAS PERTANIAN;3.27.01.2.02.0001;Penyediaan Gaji dan Tunjangan ASN;5.1.01.01.012.00001;Belanja Iuran Simpanan Peserta Tabungan Perumahan Rakyat PNS;51544133;0
2026;3.27.0.00.0.00.01.0000;DINAS PERTANIAN;3.27.0.00.0.00.01.0000;DINAS PERTANIAN;3.27.01.2.02.0001;Penyediaan Gaji dan Tunjangan ASN;5.1.01.01.012.00002;Belanja Iuran Simpanan Peserta Tabungan Perumahan Rakyat PPPK;26818035;0
2026;3.27.0.00.0.00.01.0000;DINAS PERTANIAN;3.27.0.00.0.00.01.0000;DINAS PERTANIAN;3.27.01.2.02.0001;Penyediaan Gaji dan Tunjangan ASN;5.1.01.02.001.00001;Tambahan Penghasilan berdasarkan Beban Kerja PNS;2858143945;955569224
2026;3.27.0.00.0.00.01.0000;DINAS PERTANIAN;3.27.0.00.0.00.01.0000;DINAS PERTANIAN;3.27.01.2.02.0001;Penyediaan Gaji dan Tunjangan ASN;5.1.01.02.001.00002;Tambahan Penghasilan berdasarkan Beban Kerja PPPK;337106022;0
2026;3.27.0.00.0.00.01.0000;DINAS PERTANIAN;3.27.0.00.0.00.01.0000;DINAS PERTANIAN;3.27.01.2.02.0001;Penyediaan Gaji dan Tunjangan ASN;5.1.01.02.003.00001;Tambahan Penghasilan berdasarkan Kondisi Kerja PNS;43890000;22800000
2026;3.27.0.00.0.00.01.0000;DINAS PERTANIAN;3.27.0.00.0.00.01.0000;DINAS PERTANIAN;3.27.01.2.02.0001;Penyediaan Gaji dan Tunjangan ASN;5.1.02.02.001.00080;Belanja Honorarium Penanggungjawaban Pengelola Keuangan;69420000;33960000
2026;3.27.0.00.0.00.01.0000;DINAS PERTANIAN;3.27.0.00.0.00.01.0000;DINAS PERTANIAN;3.27.01.2.02.0001;Penyediaan Gaji dan Tunjangan ASN;5.1.02.02.001.00087;Belanja Jasa Pegawai Pemerintah dengan Perjanjian Kerja (PPPK) Paruh Waktu pada Jabatan Pengelola Um;21840000;12740000
2026;3.27.0.00.0.00.01.0000;DINAS PERTANIAN;3.27.0.00.0.00.01.0000;DINAS PERTANIAN;3.27.01.2.02.0001;Penyediaan Gaji dan Tunjangan ASN;5.1.02.02.001.00088;Belanja jasa Pegawai Pemerintah dengan Perjanjian Kerja (PPPK) Paruh Waktu pada jabatan operator lay;172200000;100450000
2026;3.27.0.00.0.00.01.0000;DINAS PERTANIAN;3.27.0.00.0.00.01.0000;DINAS PERTANIAN;3.27.01.2.02.0001;Penyediaan Gaji dan Tunjangan ASN;5.1.02.02.001.00090;Belanja jasa Pegawai Pemerintah dengan Perjanjian Kerja (PPPK) Paruh Waktu pada jabatan penata layan;62400000;36400000
2026;3.27.0.00.0.00.01.0000;DINAS PERTANIAN;3.27.0.00.0.00.01.0000;DINAS PERTANIAN;3.27.01.2.02.0001;Penyediaan Gaji dan Tunjangan ASN;5.1.02.02.002.00018;Belanja Iuran Jaminan Kesehatan bagi PPPK Paruh Waktu pada Jabatan Pengelola Umum Operasional;2037088;0
2026;3.27.0.00.0.00.01.0000;DINAS PERTANIAN;3.27.0.00.0.00.01.0000;DINAS PERTANIAN;3.27.01.2.02.0001;Penyediaan Gaji dan Tunjangan ASN;5.1.02.02.002.00019;Belanja Iuran Jaminan Kesehatan bagi PPPK Paruh Waktu pada Jabatan Operator Layanan Operasional;14259616;0
2026;3.27.0.00.0.00.01.0000;DINAS PERTANIAN;3.27.0.00.0.00.01.0000;DINAS PERTANIAN;3.27.01.2.02.0001;Penyediaan Gaji dan Tunjangan ASN;5.1.02.02.002.00021;Belanja Iuran Jaminan Kesehatan bagi PPPK Paruh Waktu pada Jabatan Penata Layanan Operasional;4074176;0
2026;3.27.0.00.0.00.01.0000;DINAS PERTANIAN;3.27.0.00.0.00.01.0000;DINAS PERTANIAN;3.27.01.2.03.0004;Pembinaan, Pengawasan, dan Pengendalian Barang Milik Daerah pada SKPD;5.1.02.04.001.00003;Belanja Perjalanan Dinas Dalam Kota;1596000;0
2026;3.27.0.00.0.00.01.0000;DINAS PERTANIAN;3.27.0.00.0.00.01.0000;DINAS PERTANIAN;3.27.01.2.06.0004;Penyediaan Bahan Logistik Kantor;5.1.02.01.001.00008;Belanja Bahan-Bahan/Bibit Tanaman;3704000;0
2026;3.27.0.00.0.00.01.0000;DINAS PERTANIAN;3.27.0.00.0.00.01.0000;DINAS PERTANIAN;3.27.01.2.06.0004;Penyediaan Bahan Logistik Kantor;5.1.02.01.001.00024;Belanja Alat/Bahan untuk Kegiatan Kantor-Alat Tulis Kantor;12379100;0
2026;3.27.0.00.0.00.01.0000;DINAS PERTANIAN;3.27.0.00.0.00.01.0000;DINAS PERTANIAN;3.27.01.2.06.0004;Penyediaan Bahan Logistik Kantor;5.1.02.01.001.00025;Belanja Alat/Bahan untuk Kegiatan Kantor- Kertas dan Cover;36291900;0
2026;3.27.0.00.0.00.01.0000;DINAS PERTANIAN;3.27.0.00.0.00.01.0000;DINAS PERTANIAN;3.27.01.2.06.0004;Penyediaan Bahan Logistik Kantor;5.1.02.01.001.00027;Belanja Alat/Bahan untuk Kegiatan Kantor-Benda Pos;2510000;500000
2026;3.27.0.00.0.00.01.0000;DINAS PERTANIAN;3.27.0.00.0.00.01.0000;DINAS PERTANIAN;3.27.01.2.06.0004;Penyediaan Bahan Logistik Kantor;5.1.02.01.001.00029;Belanja Alat/Bahan untuk Kegiatan Kantor-Bahan Komputer;28540500;0
2026;3.27.0.00.0.00.01.0000;DINAS PERTANIAN;3.27.0.00.0.00.01.0000;DINAS PERTANIAN;3.27.01.2.06.0004;Penyediaan Bahan Logistik Kantor;5.1.02.01.001.00031;Belanja Alat/Bahan untuk Kegiatan Kantor-Alat Listrik;3250000;1885000
2026;3.27.0.00.0.00.01.0000;DINAS PERTANIAN;3.27.0.00.0.00.01.0000;DINAS PERTANIAN;3.27.01.2.06.0005;Penyediaan Barang Cetakan dan Penggandaan;5.1.02.01.001.00024;Belanja Alat/Bahan untuk Kegiatan Kantor-Alat Tulis Kantor;6187700;0
2026;3.27.0.00.0.00.01.0000;DINAS PERTANIAN;3.27.0.00.0.00.01.0000;DINAS PERTANIAN;3.27.01.2.06.0008;Fasilitasi Kunjungan Tamu;5.1.02.01.001.00053;Belanja Makanan dan Minuman Jamuan Tamu;5021500;1278500
2026;3.27.0.00.0.00.01.0000;DINAS PERTANIAN;3.27.0.00.0.00.01.0000;DINAS PERTANIAN;3.27.01.2.06.0009;Penyelenggaraan Rapat Koordinasi dan Konsultasi SKPD;5.1.02.02.001.00003;Honorarium Narasumber atau Pembahas, Moderator, Pembawa Acara, dan Panitia;0;0
2026;3.27.0.00.0.00.01.0000;DINAS PERTANIAN;3.27.0.00.0.00.01.0000;DINAS PERTANIAN;3.27.01.2.06.0009;Penyelenggaraan Rapat Koordinasi dan Konsultasi SKPD;5.1.02.04.001.00001;Belanja Perjalanan Dinas Biasa;20445000;10178300
2026;3.27.0.00.0.00.01.0000;DINAS PERTANIAN;3.27.0.00.0.00.01.0000;DINAS PERTANIAN;3.27.01.2.06.0009;Penyelenggaraan Rapat Koordinasi dan Konsultasi SKPD;5.1.02.04.001.00003;Belanja Perjalanan Dinas Dalam Kota;5291000;1218000
2026;3.27.0.00.0.00.01.0000;DINAS PERTANIAN;3.27.0.00.0.00.01.0000;DINAS PERTANIAN;3.27.01.2.08.0002;Penyediaan Jasa Komunikasi, Sumber Daya Air dan Listrik;5.1.02.02.001.00060;Belanja Tagihan Air;23268000;11141500
2026;3.27.0.00.0.00.01.0000;DINAS PERTANIAN;3.27.0.00.0.00.01.0000;DINAS PERTANIAN;3.27.01.2.08.0002;Penyediaan Jasa Komunikasi, Sumber Daya Air dan Listrik;5.1.02.02.001.00061;Belanja Tagihan Listrik;79442258;30363640
2026;3.27.0.00.0.00.01.0000;DINAS PERTANIAN;3.27.0.00.0.00.01.0000;DINAS PERTANIAN;3.27.01.2.08.0002;Penyediaan Jasa Komunikasi, Sumber Daya Air dan Listrik;5.1.02.02.001.00063;Belanja Kawat/Faksimili/Internet/TV Berlangganan;17700000;9287817
2026;3.27.0.00.0.00.01.0000;DINAS PERTANIAN;3.27.0.00.0.00.01.0000;DINAS PERTANIAN;3.27.01.2.08.0003;Penyediaan Jasa Peralatan dan Perlengkapan Kantor;5.1.02.03.002.00121;Belanja Pemeliharaan Alat Kantor dan Rumah Tangga-Alat Rumah Tangga-Alat Pendingin;1220000;0
2026;3.27.0.00.0.00.01.0000;DINAS PERTANIAN;3.27.0.00.0.00.01.0000;DINAS PERTANIAN;3.27.01.2.08.0003;Penyediaan Jasa Peralatan dan Perlengkapan Kantor;5.1.02.03.002.00411;Belanja Pemeliharaan Komputer-Peralatan Komputer-Peralatan Komputer Lainnya;15780000;5540000
2026;3.27.0.00.0.00.01.0000;DINAS PERTANIAN;3.27.0.00.0.00.01.0000;DINAS PERTANIAN;3.27.01.2.08.0004;Penyediaan Jasa Pelayanan Umum Kantor;5.1.02.01.001.00052;Belanja Makanan dan Minuman Rapat;4995000;230000
2026;3.27.0.00.0.00.01.0000;DINAS PERTANIAN;3.27.0.00.0.00.01.0000;DINAS PERTANIAN;3.27.01.2.09.0001;Penyediaan Jasa Pemeliharaan, Biaya Pemeliharaan, dan Pajak Kendaraan Perorangan Dinas atau Kendaraan Dinas Jabatan;5.1.02.03.002.00035;Belanja Pemeliharaan Alat Angkutan-Alat Angkutan Darat Bermotor-Kendaraan Dinas Bermotor Perorangan;20000000;15087500
2026;3.27.0.00.0.00.01.0000;DINAS PERTANIAN;3.27.0.00.0.00.01.0000;DINAS PERTANIAN;3.27.01.2.09.0002;Penyediaan Jasa Pemeliharaan, Biaya Pemeliharaan, Pajak dan Perizinan Kendaraan Dinas Operasional atau Lapangan;5.1.02.03.002.00043;Belanja Pemeliharaan Alat Angkutan-Alat Angkutan Darat Bermotor-Alat Angkutan Darat Bermotor Lainnya;64000000;51332900
2026;3.27.0.00.0.00.01.0000;DINAS PERTANIAN;3.27.0.00.0.00.01.0000;DINAS PERTANIAN;3.27.02.2.01.0001;Pengawasan Penggunaan Sarana Pendukung Pertanian Sesuai dengan Komoditas, Teknologi dan Spesifik Lokasi;5.1.02.04.001.00003;Belanja Perjalanan Dinas Dalam Kota;1932000;0
2026;3.27.0.00.0.00.01.0000;DINAS PERTANIAN;3.27.0.00.0.00.01.0000;DINAS PERTANIAN;3.27.02.2.01.0002;Pendampingan Penggunaan Sarana Pendukung Pertanian;5.1.02.01.001.00008;Belanja Bahan-Bahan/Bibit Tanaman;0;0
2026;3.27.0.00.0.00.01.0000;DINAS PERTANIAN;3.27.0.00.0.00.01.0000;DINAS PERTANIAN;3.27.02.2.01.0002;Pendampingan Penggunaan Sarana Pendukung Pertanian;5.1.02.01.001.00039;Belanja Barang untuk Dijual/Diserahkan kepada Masyarakat;569797800;143925000
2026;3.27.0.00.0.00.01.0000;DINAS PERTANIAN;3.27.0.00.0.00.01.0000;DINAS PERTANIAN;3.27.02.2.01.0002;Pendampingan Penggunaan Sarana Pendukung Pertanian;5.1.02.03.002.00112;Belanja Pemeliharaan Alat Pertanian-Alat Pengolahan-Alat Pengolahan Lainnya;51000000;0
2026;3.27.0.00.0.00.01.0000;DINAS PERTANIAN;3.27.0.00.0.00.01.0000;DINAS PERTANIAN;3.27.02.2.01.0002;Pendampingan Penggunaan Sarana Pendukung Pertanian;5.1.02.04.001.00001;Belanja Perjalanan Dinas Biasa;53296460;1734528
2026;3.27.0.00.0.00.01.0000;DINAS PERTANIAN;3.27.0.00.0.00.01.0000;DINAS PERTANIAN;3.27.02.2.01.0002;Pendampingan Penggunaan Sarana Pendukung Pertanian;5.1.02.04.001.00003;Belanja Perjalanan Dinas Dalam Kota;40799290;460000
2026;3.27.0.00.0.00.01.0000;DINAS PERTANIAN;3.27.0.00.0.00.01.0000;DINAS PERTANIAN;3.27.02.2.01.0003;Perbanyakan Benih Bersertifikat Tanaman Pangan Berbentuk Biji/Benih;5.1.02.01.001.00008;Belanja Bahan-Bahan/Bibit Tanaman;93143700;0
2026;3.27.0.00.0.00.01.0000;DINAS PERTANIAN;3.27.0.00.0.00.01.0000;DINAS PERTANIAN;3.27.02.2.01.0003;Perbanyakan Benih Bersertifikat Tanaman Pangan Berbentuk Biji/Benih;5.1.02.02.004.00043;Belanja Sewa Alat Angkutan Darat Bermotor Lainnya;2250000;0
2026;3.27.0.00.0.00.01.0000;DINAS PERTANIAN;3.27.0.00.0.00.01.0000;DINAS PERTANIAN;3.27.02.2.01.0003;Perbanyakan Benih Bersertifikat Tanaman Pangan Berbentuk Biji/Benih;5.1.02.04.001.00001;Belanja Perjalanan Dinas Biasa;2370000;0
2026;3.27.0.00.0.00.01.0000;DINAS PERTANIAN;3.27.0.00.0.00.01.0000;DINAS PERTANIAN;3.27.02.2.01.0003;Perbanyakan Benih Bersertifikat Tanaman Pangan Berbentuk Biji/Benih;5.1.02.04.001.00003;Belanja Perjalanan Dinas Dalam Kota;3780000;0
2026;3.27.0.00.0.00.01.0000;DINAS PERTANIAN;3.27.0.00.0.00.01.0000;DINAS PERTANIAN;3.27.02.2.01.0005;Pengawasan Penggunaan Sarana Pengolahan Hasil Tanaman Pangan;5.1.02.04.001.00003;Belanja Perjalanan Dinas Dalam Kota;2100000;0
2026;3.27.0.00.0.00.01.0000;DINAS PERTANIAN;3.27.0.00.0.00.01.0000;DINAS PERTANIAN;3.27.02.2.01.0006;Pengawasan Penggunaan Sarana Pascapanen Perkebunan;5.1.02.04.001.00003;Belanja Perjalanan Dinas Dalam Kota;2184000;0
2026;3.27.0.00.0.00.01.0000;DINAS PERTANIAN;3.27.0.00.0.00.01.0000;DINAS PERTANIAN;3.27.02.2.01.0007;Pengawasan Penggunaan Sarana Pengolahan Hasil Hortikultura;5.1.02.04.001.00003;Belanja Perjalanan Dinas Dalam Kota;2100000;0
2026;3.27.0.00.0.00.01.0000;DINAS PERTANIAN;3.27.0.00.0.00.01.0000;DINAS PERTANIAN;3.27.02.2.01.0008;Perbanyakan Benih Bersertifikat Perkebunan Berbentuk Batang;5.1.02.01.001.00008;Belanja Bahan-Bahan/Bibit Tanaman;123147500;0
2026;3.27.0.00.0.00.01.0000;DINAS PERTANIAN;3.27.0.00.0.00.01.0000;DINAS PERTANIAN;3.27.02.2.01.0008;Perbanyakan Benih Bersertifikat Perkebunan Berbentuk Batang;5.1.02.04.001.00001;Belanja Perjalanan Dinas Biasa;5910000;0
2026;3.27.0.00.0.00.01.0000;DINAS PERTANIAN;3.27.0.00.0.00.01.0000;DINAS PERTANIAN;3.27.02.2.01.0008;Perbanyakan Benih Bersertifikat Perkebunan Berbentuk Batang;5.1.02.04.001.00003;Belanja Perjalanan Dinas Dalam Kota;2940000;0
2026;3.27.0.00.0.00.01.0000;DINAS PERTANIAN;3.27.0.00.0.00.01.0000;DINAS PERTANIAN;3.27.02.2.03.0001;Pengawasan Mutu Benih/Bibit Ternak, Bahan Pakan/Pakan/Tanaman Skala Kecil;5.1.02.04.001.00003;Belanja Perjalanan Dinas Dalam Kota;1680000;25000
2026;3.27.0.00.0.00.01.0000;DINAS PERTANIAN;3.27.0.00.0.00.01.0000;DINAS PERTANIAN;3.27.02.2.05.0009;Pengendalian Penyediaan Benih/Bibit Ternak dan Hijauan Pakan Ternak;5.1.02.04.001.00003;Belanja Perjalanan Dinas Dalam Kota;2184000;628000
2026;3.27.0.00.0.00.01.0000;DINAS PERTANIAN;3.27.0.00.0.00.01.0000;DINAS PERTANIAN;3.27.02.2.06.0004;Pengadaan Benih Ternak yang Sumbernya dari Daerah Kabupaten/Kota Lain;5.1.02.01.001.00008;Belanja Bahan-Bahan/Bibit Tanaman;12500000;0
2026;3.27.0.00.0.00.01.0000;DINAS PERTANIAN;3.27.0.00.0.00.01.0000;DINAS PERTANIAN;3.27.02.2.06.0004;Pengadaan Benih Ternak yang Sumbernya dari Daerah Kabupaten/Kota Lain;5.1.02.01.001.00011;Belanja Bahan-Bahan/Bibit Ternak/Bibit Ikan;11459000;0
2026;3.27.0.00.0.00.01.0000;DINAS PERTANIAN;3.27.0.00.0.00.01.0000;DINAS PERTANIAN;3.27.02.2.06.0004;Pengadaan Benih Ternak yang Sumbernya dari Daerah Kabupaten/Kota Lain;5.1.02.04.001.00001;Belanja Perjalanan Dinas Biasa;26034314;0
2026;3.27.0.00.0.00.01.0000;DINAS PERTANIAN;3.27.0.00.0.00.01.0000;DINAS PERTANIAN;3.27.03.2.01.0003;Koordinasi dan Sinkronisasi Prasarana Pendukung Pertanian Lainnya;5.1.02.04.001.00003;Belanja Perjalanan Dinas Dalam Kota;4368000;0
2026;3.27.0.00.0.00.01.0000;DINAS PERTANIAN;3.27.0.00.0.00.01.0000;DINAS PERTANIAN;3.27.03.2.01.0009;Pengendalian dan Pemanfaatan Prasarana Pascapanen Peternakan;5.1.02.04.001.00003;Belanja Perjalanan Dinas Dalam Kota;6300000;0
2026;3.27.0.00.0.00.01.0000;DINAS PERTANIAN;3.27.0.00.0.00.01.0000;DINAS PERTANIAN;3.27.03.2.01.0015;Pengelolaan Lahan Pertanian Pangan Berkelanjutan/LP2B, Kawasan Pertanian Pangan Berkelanjutan/KP2B dan Lahan Cadangan Pertanian Pangan Berkelanjutan/LCP2B di Kabupaten/Kota;5.1.02.04.001.00003;Belanja Perjalanan Dinas Dalam Kota;1260000;0
2026;3.27.0.00.0.00.01.0000;DINAS PERTANIAN;3.27.0.00.0.00.01.0000;DINAS PERTANIAN;3.27.03.2.02.0003;Pembangunan, Rehabilitasi dan Pemeliharaan Jalan Usaha Tani;5.1.02.01.001.00024;Belanja Alat/Bahan untuk Kegiatan Kantor-Alat Tulis Kantor;3642500;0
2026;3.27.0.00.0.00.01.0000;DINAS PERTANIAN;3.27.0.00.0.00.01.0000;DINAS PERTANIAN;3.27.03.2.02.0003;Pembangunan, Rehabilitasi dan Pemeliharaan Jalan Usaha Tani;5.1.02.01.001.00025;Belanja Alat/Bahan untuk Kegiatan Kantor- Kertas dan Cover;2540400;0
2026;3.27.0.00.0.00.01.0000;DINAS PERTANIAN;3.27.0.00.0.00.01.0000;DINAS PERTANIAN;3.27.03.2.02.0003;Pembangunan, Rehabilitasi dan Pemeliharaan Jalan Usaha Tani;5.1.02.01.001.00027;Belanja Alat/Bahan untuk Kegiatan Kantor-Benda Pos;1400000;0
2026;3.27.0.00.0.00.01.0000;DINAS PERTANIAN;3.27.0.00.0.00.01.0000;DINAS PERTANIAN;3.27.03.2.02.0003;Pembangunan, Rehabilitasi dan Pemeliharaan Jalan Usaha Tani;5.1.02.01.001.00029;Belanja Alat/Bahan untuk Kegiatan Kantor-Bahan Komputer;2291200;0
2026;3.27.0.00.0.00.01.0000;DINAS PERTANIAN;3.27.0.00.0.00.01.0000;DINAS PERTANIAN;3.27.03.2.02.0003;Pembangunan, Rehabilitasi dan Pemeliharaan Jalan Usaha Tani;5.1.02.01.001.00039;Belanja Barang untuk Dijual/Diserahkan kepada Masyarakat;3920000000;0
2026;3.27.0.00.0.00.01.0000;DINAS PERTANIAN;3.27.0.00.0.00.01.0000;DINAS PERTANIAN;3.27.03.2.02.0003;Pembangunan, Rehabilitasi dan Pemeliharaan Jalan Usaha Tani;5.1.02.01.001.00052;Belanja Makanan dan Minuman Rapat;3447000;0
2026;3.27.0.00.0.00.01.0000;DINAS PERTANIAN;3.27.0.00.0.00.01.0000;DINAS PERTANIAN;3.27.03.2.02.0003;Pembangunan, Rehabilitasi dan Pemeliharaan Jalan Usaha Tani;5.1.02.02.008.00009;Belanja Jasa Konsultansi Perencanaan Rekayasa-Jasa Desain Rekayasa untuk Pekerjaan Teknik Sipil Tran;150000000;0
2026;3.27.0.00.0.00.01.0000;DINAS PERTANIAN;3.27.0.00.0.00.01.0000;DINAS PERTANIAN;3.27.03.2.02.0003;Pembangunan, Rehabilitasi dan Pemeliharaan Jalan Usaha Tani;5.1.02.02.008.00020;Belanja Jasa Konsultansi Pengawasan Rekayasa-Jasa Pengawas Pekerjaan Konstruksi Teknik Sipil Transpo;150000000;0
2026;3.27.0.00.0.00.01.0000;DINAS PERTANIAN;3.27.0.00.0.00.01.0000;DINAS PERTANIAN;3.27.03.2.02.0003;Pembangunan, Rehabilitasi dan Pemeliharaan Jalan Usaha Tani;5.1.02.04.001.00001;Belanja Perjalanan Dinas Biasa;16472500;0
2026;3.27.0.00.0.00.01.0000;DINAS PERTANIAN;3.27.0.00.0.00.01.0000;DINAS PERTANIAN;3.27.03.2.02.0003;Pembangunan, Rehabilitasi dan Pemeliharaan Jalan Usaha Tani;5.1.02.04.001.00003;Belanja Perjalanan Dinas Dalam Kota;26740000;0
2026;3.27.0.00.0.00.01.0000;DINAS PERTANIAN;3.27.0.00.0.00.01.0000;DINAS PERTANIAN;3.27.03.2.02.0010;Rehabilitasi dan Pemeliharaan Jaringan Irigasi Usaha Tani;5.1.02.04.001.00003;Belanja Perjalanan Dinas Dalam Kota;1260000;0
2026;3.27.0.00.0.00.01.0000;DINAS PERTANIAN;3.27.0.00.0.00.01.0000;DINAS PERTANIAN;3.27.04.2.01.0005;Pelaksanaan Surveilans Penyakit Hewan dan Zoonosis pada Hewan;5.1.02.04.001.00003;Belanja Perjalanan Dinas Dalam Kota;1092000;0
2026;3.27.0.00.0.00.01.0000;DINAS PERTANIAN;3.27.0.00.0.00.01.0000;DINAS PERTANIAN;3.27.04.2.01.0008;Pemberantasan Penyakit Hewan Menular dan Zoonosis dalam 1 (satu) Daerah Kabupaten/Kota;5.1.02.04.001.00003;Belanja Perjalanan Dinas Dalam Kota;2184000;0
2026;3.27.0.00.0.00.01.0000;DINAS PERTANIAN;3.27.0.00.0.00.01.0000;DINAS PERTANIAN;3.27.04.2.02.0006;Pengawasan dan Pemeriksaan Kesehatan Hewan, Produk Hewan dan Media Pembawa Penyakit Hewan Lainnya (HPM) di Perbatasan Tempat Pemeriksan HPM;5.1.02.04.001.00003;Belanja Perjalanan Dinas Dalam Kota;2184000;0
2026;3.27.0.00.0.00.01.0000;DINAS PERTANIAN;3.27.0.00.0.00.01.0000;DINAS PERTANIAN;3.27.04.2.03.0002;Penyediaan Pelayanan Jasa Medik Veteriner;5.1.02.04.001.00001;Belanja Perjalanan Dinas Biasa;2400000;0
2026;3.27.0.00.0.00.01.0000;DINAS PERTANIAN;3.27.0.00.0.00.01.0000;DINAS PERTANIAN;3.27.04.2.03.0002;Penyediaan Pelayanan Jasa Medik Veteriner;5.1.02.04.001.00003;Belanja Perjalanan Dinas Dalam Kota;4368000;0
2026;3.27.0.00.0.00.01.0000;DINAS PERTANIAN;3.27.0.00.0.00.01.0000;DINAS PERTANIAN;3.27.04.2.04.0002;Pengawasan Peredaran Hewan dan Produk Hewan;5.1.02.04.001.00003;Belanja Perjalanan Dinas Dalam Kota;1092000;0
2026;3.27.0.00.0.00.01.0000;DINAS PERTANIAN;3.27.0.00.0.00.01.0000;DINAS PERTANIAN;3.27.04.2.04.0010;Pengawasan Unit Usaha Produk Hewan;5.1.02.04.001.00003;Belanja Perjalanan Dinas Dalam Kota;1092000;0
2026;3.27.0.00.0.00.01.0000;DINAS PERTANIAN;3.27.0.00.0.00.01.0000;DINAS PERTANIAN;3.27.04.2.05.0003;Pembinaan Penerapan Kesejahteraan Hewan pada Unit Usaha;5.1.02.04.001.00003;Belanja Perjalanan Dinas Dalam Kota;840000;0
2026;3.27.0.00.0.00.01.0000;DINAS PERTANIAN;3.27.0.00.0.00.01.0000;DINAS PERTANIAN;3.27.05.2.01.0001;Pengendalian Organisme Pengganggu Tumbuhan (OPT) Tanaman Pangan, Hortikultura, dan Perkebunan;5.1.02.04.001.00003;Belanja Perjalanan Dinas Dalam Kota;3276000;0
2026;3.27.0.00.0.00.01.0000;DINAS PERTANIAN;3.27.0.00.0.00.01.0000;DINAS PERTANIAN;3.27.05.2.01.0002;Penanganan Dampak Perubahan Iklim (DPI) Tanaman Pangan, Hortikultura, dan Perkebunan;5.1.02.04.001.00003;Belanja Perjalanan Dinas Dalam Kota;1092000;0
2026;3.27.0.00.0.00.01.0000;DINAS PERTANIAN;3.27.0.00.0.00.01.0000;DINAS PERTANIAN;3.27.07.2.01.0002;Pengembangan Kapasitas Kelembagaan Petani di Kecamatan dan Desa;5.1.02.04.001.00001;Belanja Perjalanan Dinas Biasa;2400000;0
2026;3.27.0.00.0.00.01.0000;DINAS PERTANIAN;3.27.0.00.0.00.01.0000;DINAS PERTANIAN;3.27.07.2.01.0002;Pengembangan Kapasitas Kelembagaan Petani di Kecamatan dan Desa;5.1.02.04.001.00003;Belanja Perjalanan Dinas Dalam Kota;2184000;0
2026;3.27.0.00.0.00.01.0000;DINAS PERTANIAN;3.27.0.00.0.00.01.0000;DINAS PERTANIAN;3.27.07.2.01.0006;Penyediaan dan Peningkatan Kapasitas Penyuluh pertanian;5.1.02.02.001.00023;Belanja Jasa Tenaga Teknis Pertanian dan Pangan;0;0
2026;3.27.0.00.0.00.01.0000;DINAS PERTANIAN;3.27.0.00.0.00.01.0000;DINAS PERTANIAN;3.27.07.2.01.0006;Penyediaan dan Peningkatan Kapasitas Penyuluh pertanian;5.1.02.02.002.00006;Belanja Iuran Jaminan Kecelakaan Kerja bagi Non ASN;0;0
2026;3.27.0.00.0.00.01.0000;DINAS PERTANIAN;3.27.0.00.0.00.01.0000;DINAS PERTANIAN;3.27.07.2.01.0006;Penyediaan dan Peningkatan Kapasitas Penyuluh pertanian;5.1.02.02.002.00007;Belanja Iuran Jaminan Kematian bagi Non ASN;0;0
2026;1.03.2.10.0.00.01.0000;DINAS PEKERJAAN UMUM DAN PENATAAN RUANG;1.03.2.10.0.00.01.0000;DINAS PEKERJAAN UMUM DAN PENATAAN RUANG;1.03.01.2.01.0001;Penyusunan Dokumen Perencanaan Perangkat Daerah;5.1.02.01.001.00024;Belanja Alat/Bahan untuk Kegiatan Kantor-Alat Tulis Kantor;5175000;1327560
2026;1.03.2.10.0.00.01.0000;DINAS PEKERJAAN UMUM DAN PENATAAN RUANG;1.03.2.10.0.00.01.0000;DINAS PEKERJAAN UMUM DAN PENATAAN RUANG;1.03.01.2.01.0001;Penyusunan Dokumen Perencanaan Perangkat Daerah;5.1.02.01.001.00052;Belanja Makanan dan Minuman Rapat;384000;374000
2026;1.03.2.10.0.00.01.0000;DINAS PEKERJAAN UMUM DAN PENATAAN RUANG;1.03.2.10.0.00.01.0000;DINAS PEKERJAAN UMUM DAN PENATAAN RUANG;1.03.01.2.01.0006;Koordinasi dan Penyusunan Laporan Capaian Kinerja dan Ikhtisar Realisasi Kinerja SKPD;5.1.02.01.001.00024;Belanja Alat/Bahan untuk Kegiatan Kantor-Alat Tulis Kantor;3170800;1327560
2026;1.03.2.10.0.00.01.0000;DINAS PEKERJAAN UMUM DAN PENATAAN RUANG;1.03.2.10.0.00.01.0000;DINAS PEKERJAAN UMUM DAN PENATAAN RUANG;1.03.01.2.01.0006;Koordinasi dan Penyusunan Laporan Capaian Kinerja dan Ikhtisar Realisasi Kinerja SKPD;5.1.02.01.001.00052;Belanja Makanan dan Minuman Rapat;256000;253000
2026;1.03.2.10.0.00.01.0000;DINAS PEKERJAAN UMUM DAN PENATAAN RUANG;1.03.2.10.0.00.01.0000;DINAS PEKERJAAN UMUM DAN PENATAAN RUANG;1.03.01.2.02.0001;Penyediaan Gaji dan Tunjangan ASN;5.1.01.01.001.00001;Belanja Gaji Pokok PNS;3513681675;2183910206
2026;1.03.2.10.0.00.01.0000;DINAS PEKERJAAN UMUM DAN PENATAAN RUANG;1.03.2.10.0.00.01.0000;DINAS PEKERJAAN UMUM DAN PENATAAN RUANG;1.03.01.2.02.0001;Penyediaan Gaji dan Tunjangan ASN;5.1.01.01.001.00002;Belanja Gaji Pokok PPPK;1764671660;997049436
2026;1.03.2.10.0.00.01.0000;DINAS PEKERJAAN UMUM DAN PENATAAN RUANG;1.03.2.10.0.00.01.0000;DINAS PEKERJAAN UMUM DAN PENATAAN RUANG;1.03.01.2.02.0001;Penyediaan Gaji dan Tunjangan ASN;5.1.01.01.002.00001;Belanja Tunjangan Keluarga PNS;314151341;180728357
2026;1.03.2.10.0.00.01.0000;DINAS PEKERJAAN UMUM DAN PENATAAN RUANG;1.03.2.10.0.00.01.0000;DINAS PEKERJAAN UMUM DAN PENATAAN RUANG;1.03.01.2.02.0001;Penyediaan Gaji dan Tunjangan ASN;5.1.01.01.002.00002;Belanja Tunjangan Keluarga PPPK;166416599;94152089
2026;1.03.2.10.0.00.01.0000;DINAS PEKERJAAN UMUM DAN PENATAAN RUANG;1.03.2.10.0.00.01.0000;DINAS PEKERJAAN UMUM DAN PENATAAN RUANG;1.03.01.2.02.0001;Penyediaan Gaji dan Tunjangan ASN;5.1.01.01.003.00001;Belanja Tunjangan Jabatan PNS;172764750;94125000
2026;1.03.2.10.0.00.01.0000;DINAS PEKERJAAN UMUM DAN PENATAAN RUANG;1.03.2.10.0.00.01.0000;DINAS PEKERJAAN UMUM DAN PENATAAN RUANG;1.03.01.2.02.0001;Penyediaan Gaji dan Tunjangan ASN;5.1.01.01.004.00001;Belanja Tunjangan Fungsional PNS;151536000;88980000
2026;1.03.2.10.0.00.01.0000;DINAS PEKERJAAN UMUM DAN PENATAAN RUANG;1.03.2.10.0.00.01.0000;DINAS PEKERJAAN UMUM DAN PENATAAN RUANG;1.03.01.2.02.0001;Penyediaan Gaji dan Tunjangan ASN;5.1.01.01.005.00001;Belanja Tunjangan Fungsional Umum PNS;111461000;66570000
2026;1.03.2.10.0.00.01.0000;DINAS PEKERJAAN UMUM DAN PENATAAN RUANG;1.03.2.10.0.00.01.0000;DINAS PEKERJAAN UMUM DAN PENATAAN RUANG;1.03.01.2.02.0001;Penyediaan Gaji dan Tunjangan ASN;5.1.01.01.005.00002;Belanja Tunjangan Fungsional Umum PPPK;117154750;66129572
2026;1.03.2.10.0.00.01.0000;DINAS PEKERJAAN UMUM DAN PENATAAN RUANG;1.03.2.10.0.00.01.0000;DINAS PEKERJAAN UMUM DAN PENATAAN RUANG;1.03.01.2.02.0001;Penyediaan Gaji dan Tunjangan ASN;5.1.01.01.006.00001;Belanja Tunjangan Beras PNS;194639613;113989080
2026;1.03.2.10.0.00.01.0000;DINAS PEKERJAAN UMUM DAN PENATAAN RUANG;1.03.2.10.0.00.01.0000;DINAS PEKERJAAN UMUM DAN PENATAAN RUANG;1.03.01.2.02.0001;Penyediaan Gaji dan Tunjangan ASN;5.1.01.01.006.00002;Belanja Tunjangan Beras PPPK;132017681;74616740
2026;1.03.2.10.0.00.01.0000;DINAS PEKERJAAN UMUM DAN PENATAAN RUANG;1.03.2.10.0.00.01.0000;DINAS PEKERJAAN UMUM DAN PENATAAN RUANG;1.03.01.2.02.0001;Penyediaan Gaji dan Tunjangan ASN;5.1.01.01.007.00001;Belanja Tunjangan PPh/Tunjangan Khusus PNS;46376005;4520010
2026;1.03.2.10.0.00.01.0000;DINAS PEKERJAAN UMUM DAN PENATAAN RUANG;1.03.2.10.0.00.01.0000;DINAS PEKERJAAN UMUM DAN PENATAAN RUANG;1.03.01.2.02.0001;Penyediaan Gaji dan Tunjangan ASN;5.1.01.01.008.00001;Belanja Pembulatan Gaji PNS;60170;32721
2026;1.03.2.10.0.00.01.0000;DINAS PEKERJAAN UMUM DAN PENATAAN RUANG;1.03.2.10.0.00.01.0000;DINAS PEKERJAAN UMUM DAN PENATAAN RUANG;1.03.01.2.02.0001;Penyediaan Gaji dan Tunjangan ASN;5.1.01.01.008.00002;Belanja Pembulatan Gaji PPPK;51342;23082
2026;1.03.2.10.0.00.01.0000;DINAS PEKERJAAN UMUM DAN PENATAAN RUANG;1.03.2.10.0.00.01.0000;DINAS PEKERJAAN UMUM DAN PENATAAN RUANG;1.03.01.2.02.0001;Penyediaan Gaji dan Tunjangan ASN;5.1.01.01.009.00001;Belanja Iuran Jaminan Kesehatan PNS;289903084;105238410
2026;1.03.2.10.0.00.01.0000;DINAS PEKERJAAN UMUM DAN PENATAAN RUANG;1.03.2.10.0.00.01.0000;DINAS PEKERJAAN UMUM DAN PENATAAN RUANG;1.03.01.2.02.0001;Penyediaan Gaji dan Tunjangan ASN;5.1.01.01.009.00002;Belanja Iuran Jaminan Kesehatan PPPK;81965716;39965892
2026;1.03.2.10.0.00.01.0000;DINAS PEKERJAAN UMUM DAN PENATAAN RUANG;1.03.2.10.0.00.01.0000;DINAS PEKERJAAN UMUM DAN PENATAAN RUANG;1.03.01.2.02.0001;Penyediaan Gaji dan Tunjangan ASN;5.1.01.01.010.00001;Belanja Iuran Jaminan Kecelakaan Kerja PNS;8706177;4078824
2026;1.03.2.10.0.00.01.0000;DINAS PEKERJAAN UMUM DAN PENATAAN RUANG;1.03.2.10.0.00.01.0000;DINAS PEKERJAAN UMUM DAN PENATAAN RUANG;1.03.01.2.02.0001;Penyediaan Gaji dan Tunjangan ASN;5.1.01.01.010.00002;Belanja Iuran Jaminan Kecelakaan Kerja PPPK;4310337;2066029
2026;1.03.2.10.0.00.01.0000;DINAS PEKERJAAN UMUM DAN PENATAAN RUANG;1.03.2.10.0.00.01.0000;DINAS PEKERJAAN UMUM DAN PENATAAN RUANG;1.03.01.2.02.0001;Penyediaan Gaji dan Tunjangan ASN;5.1.01.01.011.00001;Belanja Iuran Jaminan Kematian PNS;26768722;12236526
2026;1.03.2.10.0.00.01.0000;DINAS PEKERJAAN UMUM DAN PENATAAN RUANG;1.03.2.10.0.00.01.0000;DINAS PEKERJAAN UMUM DAN PENATAAN RUANG;1.03.01.2.02.0001;Penyediaan Gaji dan Tunjangan ASN;5.1.01.01.011.00002;Belanja Iuran Jaminan Kematian PPPK;12423501;6197807
2026;1.03.2.10.0.00.01.0000;DINAS PEKERJAAN UMUM DAN PENATAAN RUANG;1.03.2.10.0.00.01.0000;DINAS PEKERJAAN UMUM DAN PENATAAN RUANG;1.03.01.2.02.0001;Penyediaan Gaji dan Tunjangan ASN;5.1.01.01.012.00001;Belanja Iuran Simpanan Peserta Tabungan Perumahan Rakyat PNS;18318408;0
2026;1.03.2.10.0.00.01.0000;DINAS PEKERJAAN UMUM DAN PENATAAN RUANG;1.03.2.10.0.00.01.0000;DINAS PEKERJAAN UMUM DAN PENATAAN RUANG;1.03.01.2.02.0001;Penyediaan Gaji dan Tunjangan ASN;5.1.01.01.012.00002;Belanja Iuran Simpanan Peserta Tabungan Perumahan Rakyat PPPK;8823358;0
2026;1.03.2.10.0.00.01.0000;DINAS PEKERJAAN UMUM DAN PENATAAN RUANG;1.03.2.10.0.00.01.0000;DINAS PEKERJAAN UMUM DAN PENATAAN RUANG;1.03.01.2.02.0001;Penyediaan Gaji dan Tunjangan ASN;5.1.01.02.001.00001;Tambahan Penghasilan berdasarkan Beban Kerja PNS;1669583367;798527610
2026;1.03.2.10.0.00.01.0000;DINAS PEKERJAAN UMUM DAN PENATAAN RUANG;1.03.2.10.0.00.01.0000;DINAS PEKERJAAN UMUM DAN PENATAAN RUANG;1.03.01.2.02.0001;Penyediaan Gaji dan Tunjangan ASN;5.1.01.02.003.00001;Tambahan Penghasilan berdasarkan Kondisi Kerja PNS;30714444;16000000
2026;1.03.2.10.0.00.01.0000;DINAS PEKERJAAN UMUM DAN PENATAAN RUANG;1.03.2.10.0.00.01.0000;DINAS PEKERJAAN UMUM DAN PENATAAN RUANG;1.03.01.2.02.0001;Penyediaan Gaji dan Tunjangan ASN;5.1.02.02.001.00080;Belanja Honorarium Penanggungjawaban Pengelola Keuangan;152160150;45925000
2026;1.03.2.10.0.00.01.0000;DINAS PEKERJAAN UMUM DAN PENATAAN RUANG;1.03.2.10.0.00.01.0000;DINAS PEKERJAAN UMUM DAN PENATAAN RUANG;1.03.01.2.02.0001;Penyediaan Gaji dan Tunjangan ASN;5.1.02.02.001.00088;Belanja jasa Pegawai Pemerintah dengan Perjanjian Kerja (PPPK) Paruh Waktu pada jabatan operator lay;98400000;49200000
2026;1.03.2.10.0.00.01.0000;DINAS PEKERJAAN UMUM DAN PENATAAN RUANG;1.03.2.10.0.00.01.0000;DINAS PEKERJAAN UMUM DAN PENATAAN RUANG;1.03.01.2.02.0001;Penyediaan Gaji dan Tunjangan ASN;5.1.02.02.001.00090;Belanja jasa Pegawai Pemerintah dengan Perjanjian Kerja (PPPK) Paruh Waktu pada jabatan penata layan;15600000;7800000
2026;1.03.2.10.0.00.01.0000;DINAS PEKERJAAN UMUM DAN PENATAAN RUANG;1.03.2.10.0.00.01.0000;DINAS PEKERJAAN UMUM DAN PENATAAN RUANG;1.03.01.2.02.0001;Penyediaan Gaji dan Tunjangan ASN;5.1.02.02.002.00006;Belanja Iuran Jaminan Kecelakaan Kerja bagi Non ASN;45999;45999
2026;1.03.2.10.0.00.01.0000;DINAS PEKERJAAN UMUM DAN PENATAAN RUANG;1.03.2.10.0.00.01.0000;DINAS PEKERJAAN UMUM DAN PENATAAN RUANG;1.03.01.2.02.0001;Penyediaan Gaji dan Tunjangan ASN;5.1.02.02.002.00007;Belanja Iuran Jaminan Kematian bagi Non ASN;57501;57501
2026;1.03.2.10.0.00.01.0000;DINAS PEKERJAAN UMUM DAN PENATAAN RUANG;1.03.2.10.0.00.01.0000;DINAS PEKERJAAN UMUM DAN PENATAAN RUANG;1.03.01.2.02.0001;Penyediaan Gaji dan Tunjangan ASN;5.1.02.02.002.00019;Belanja Iuran Jaminan Kesehatan bagi PPPK Paruh Waktu pada Jabatan Operator Layanan Operasional;8148352;0
2026;1.03.2.10.0.00.01.0000;DINAS PEKERJAAN UMUM DAN PENATAAN RUANG;1.03.2.10.0.00.01.0000;DINAS PEKERJAAN UMUM DAN PENATAAN RUANG;1.03.01.2.02.0001;Penyediaan Gaji dan Tunjangan ASN;5.1.02.02.002.00021;Belanja Iuran Jaminan Kesehatan bagi PPPK Paruh Waktu pada Jabatan Penata Layanan Operasional;1018544;0
2026;1.03.2.10.0.00.01.0000;DINAS PEKERJAAN UMUM DAN PENATAAN RUANG;1.03.2.10.0.00.01.0000;DINAS PEKERJAAN UMUM DAN PENATAAN RUANG;1.03.01.2.02.0001;Penyediaan Gaji dan Tunjangan ASN;5.1.02.02.002.00027;Belanja Iuran Jaminan Kecelakaan Kerja bagi PPPK Paruh Waktu pada Jabatan Operator Layanan Operasion;449768;0
2026;1.03.2.10.0.00.01.0000;DINAS PEKERJAAN UMUM DAN PENATAAN RUANG;1.03.2.10.0.00.01.0000;DINAS PEKERJAAN UMUM DAN PENATAAN RUANG;1.03.01.2.02.0001;Penyediaan Gaji dan Tunjangan ASN;5.1.02.02.002.00029;Belanja Iuran Jaminan Kecelakaan Kerja bagi PPPK Paruh Waktu pada Jabatan Penata Layanan Operasional;56221;0
2026;1.03.2.10.0.00.01.0000;DINAS PEKERJAAN UMUM DAN PENATAAN RUANG;1.03.2.10.0.00.01.0000;DINAS PEKERJAAN UMUM DAN PENATAAN RUANG;1.03.01.2.02.0001;Penyediaan Gaji dan Tunjangan ASN;5.1.02.02.002.00035;Belanja Iuran Jaminan Kematian bagi PPPK Paruh Waktu pada Jabatan Operator Layanan Operasional;562232;0
2026;1.03.2.10.0.00.01.0000;DINAS PEKERJAAN UMUM DAN PENATAAN RUANG;1.03.2.10.0.00.01.0000;DINAS PEKERJAAN UMUM DAN PENATAAN RUANG;1.03.01.2.02.0001;Penyediaan Gaji dan Tunjangan ASN;5.1.02.02.002.00037;Belanja Iuran Jaminan Kematian bagi PPPK Paruh Waktu pada Jabatan Penata Layanan Operasional;70279;0
2026;1.03.2.10.0.00.01.0000;DINAS PEKERJAAN UMUM DAN PENATAAN RUANG;1.03.2.10.0.00.01.0000;DINAS PEKERJAAN UMUM DAN PENATAAN RUANG;1.03.01.2.06.0004;Penyediaan Bahan Logistik Kantor;5.1.02.01.001.00024;Belanja Alat/Bahan untuk Kegiatan Kantor-Alat Tulis Kantor;14692750;5827223
2026;1.03.2.10.0.00.01.0000;DINAS PEKERJAAN UMUM DAN PENATAAN RUANG;1.03.2.10.0.00.01.0000;DINAS PEKERJAAN UMUM DAN PENATAAN RUANG;1.03.01.2.06.0004;Penyediaan Bahan Logistik Kantor;5.1.02.01.001.00025;Belanja Alat/Bahan untuk Kegiatan Kantor- Kertas dan Cover;6291000;4357139
2026;1.03.2.10.0.00.01.0000;DINAS PEKERJAAN UMUM DAN PENATAAN RUANG;1.03.2.10.0.00.01.0000;DINAS PEKERJAAN UMUM DAN PENATAAN RUANG;1.03.01.2.06.0004;Penyediaan Bahan Logistik Kantor;5.1.02.01.001.00027;Belanja Alat/Bahan untuk Kegiatan Kantor-Benda Pos;1000000;600000
2026;1.03.2.10.0.00.01.0000;DINAS PEKERJAAN UMUM DAN PENATAAN RUANG;1.03.2.10.0.00.01.0000;DINAS PEKERJAAN UMUM DAN PENATAAN RUANG;1.03.01.2.06.0004;Penyediaan Bahan Logistik Kantor;5.1.02.01.001.00029;Belanja Alat/Bahan untuk Kegiatan Kantor-Bahan Komputer;1166250;466089
2026;1.03.2.10.0.00.01.0000;DINAS PEKERJAAN UMUM DAN PENATAAN RUANG;1.03.2.10.0.00.01.0000;DINAS PEKERJAAN UMUM DAN PENATAAN RUANG;1.03.01.2.06.0004;Penyediaan Bahan Logistik Kantor;5.1.02.01.001.00030;Belanja Alat/Bahan untuk Kegiatan Kantor-Perabot Kantor;14085250;4620351
2026;1.03.2.10.0.00.01.0000;DINAS PEKERJAAN UMUM DAN PENATAAN RUANG;1.03.2.10.0.00.01.0000;DINAS PEKERJAAN UMUM DAN PENATAAN RUANG;1.03.01.2.06.0004;Penyediaan Bahan Logistik Kantor;5.1.02.01.001.00043;Belanja Natura dan Pakan-Natura;2018750;392000
2026;1.03.2.10.0.00.01.0000;DINAS PEKERJAAN UMUM DAN PENATAAN RUANG;1.03.2.10.0.00.01.0000;DINAS PEKERJAAN UMUM DAN PENATAAN RUANG;1.03.01.2.06.0009;Penyelenggaraan Rapat Koordinasi dan Konsultasi SKPD;5.1.02.01.001.00052;Belanja Makanan dan Minuman Rapat;8716900;3795000
2026;1.03.2.10.0.00.01.0000;DINAS PEKERJAAN UMUM DAN PENATAAN RUANG;1.03.2.10.0.00.01.0000;DINAS PEKERJAAN UMUM DAN PENATAAN RUANG;1.03.01.2.06.0009;Penyelenggaraan Rapat Koordinasi dan Konsultasi SKPD;5.1.02.01.001.00053;Belanja Makanan dan Minuman Jamuan Tamu;6280300;1719000
2026;1.03.2.10.0.00.01.0000;DINAS PEKERJAAN UMUM DAN PENATAAN RUANG;1.03.2.10.0.00.01.0000;DINAS PEKERJAAN UMUM DAN PENATAAN RUANG;1.03.01.2.06.0009;Penyelenggaraan Rapat Koordinasi dan Konsultasi SKPD;5.1.02.04.001.00001;Belanja Perjalanan Dinas Biasa;86602800;16642736
2026;1.03.2.10.0.00.01.0000;DINAS PEKERJAAN UMUM DAN PENATAAN RUANG;1.03.2.10.0.00.01.0000;DINAS PEKERJAAN UMUM DAN PENATAAN RUANG;1.03.01.2.06.0009;Penyelenggaraan Rapat Koordinasi dan Konsultasi SKPD;5.1.02.04.001.00003;Belanja Perjalanan Dinas Dalam Kota;15495930;1740000
2026;1.03.2.10.0.00.01.0000;DINAS PEKERJAAN UMUM DAN PENATAAN RUANG;1.03.2.10.0.00.01.0000;DINAS PEKERJAAN UMUM DAN PENATAAN RUANG;1.03.01.2.07.0010;Pengadaan Sarana dan Prasarana Gedung Kantor atau Bangunan Lainnya;5.2.02.01.001.00003;Belanja Modal Excavator;815000000;0
2026;1.03.2.10.0.00.01.0000;DINAS PEKERJAAN UMUM DAN PENATAAN RUANG;1.03.2.10.0.00.01.0000;DINAS PEKERJAAN UMUM DAN PENATAAN RUANG;1.03.01.2.08.0002;Penyediaan Jasa Komunikasi, Sumber Daya Air dan Listrik;5.1.02.02.001.00060;Belanja Tagihan Air;194749650;114178800
2026;1.03.2.10.0.00.01.0000;DINAS PEKERJAAN UMUM DAN PENATAAN RUANG;1.03.2.10.0.00.01.0000;DINAS PEKERJAAN UMUM DAN PENATAAN RUANG;1.03.01.2.08.0002;Penyediaan Jasa Komunikasi, Sumber Daya Air dan Listrik;5.1.02.02.001.00061;Belanja Tagihan Listrik;608311240;309042349
2026;1.03.2.10.0.00.01.0000;DINAS PEKERJAAN UMUM DAN PENATAAN RUANG;1.03.2.10.0.00.01.0000;DINAS PEKERJAAN UMUM DAN PENATAAN RUANG;1.03.01.2.08.0002;Penyediaan Jasa Komunikasi, Sumber Daya Air dan Listrik;5.1.02.02.001.00063;Belanja Kawat/Faksimili/Internet/TV Berlangganan;11752160;5931129
2026;1.03.2.10.0.00.01.0000;DINAS PEKERJAAN UMUM DAN PENATAAN RUANG;1.03.2.10.0.00.01.0000;DINAS PEKERJAAN UMUM DAN PENATAAN RUANG;1.03.01.2.08.0004;Penyediaan Jasa Pelayanan Umum Kantor;5.1.02.02.001.00030;Belanja Jasa Tenaga Kebersihan;251512212;125664000
2026;1.03.2.10.0.00.01.0000;DINAS PEKERJAAN UMUM DAN PENATAAN RUANG;1.03.2.10.0.00.01.0000;DINAS PEKERJAAN UMUM DAN PENATAAN RUANG;1.03.01.2.09.0001;Penyediaan Jasa Pemeliharaan, Biaya Pemeliharaan, dan Pajak Kendaraan Perorangan Dinas atau Kendaraan Dinas Jabatan;5.1.02.01.004.00035;Belanja Peralatan dan Mesin-Alat Angkutan-Alat Angkutan Darat Bermotor-Kendaraan Dinas Bermotor Pero;0;18186700
2026;1.03.2.10.0.00.01.0000;DINAS PEKERJAAN UMUM DAN PENATAAN RUANG;1.03.2.10.0.00.01.0000;DINAS PEKERJAAN UMUM DAN PENATAAN RUANG;1.03.01.2.09.0001;Penyediaan Jasa Pemeliharaan, Biaya Pemeliharaan, dan Pajak Kendaraan Perorangan Dinas atau Kendaraan Dinas Jabatan;5.1.02.02.002.00008;Belanja Asuransi Barang Milik Daerah;7732950;6159700
2026;1.03.2.10.0.00.01.0000;DINAS PEKERJAAN UMUM DAN PENATAAN RUANG;1.03.2.10.0.00.01.0000;DINAS PEKERJAAN UMUM DAN PENATAAN RUANG;1.03.01.2.09.0002;Penyediaan Jasa Pemeliharaan, Biaya Pemeliharaan, Pajak dan Perizinan Kendaraan Dinas Operasional atau Lapangan;5.1.02.03.002.00038;Belanja Pemeliharaan Alat Angkutan-Alat Angkutan Darat Bermotor-Kendaraan Bermotor Beroda Dua;4000000;0
2026;1.03.2.10.0.00.01.0000;DINAS PEKERJAAN UMUM DAN PENATAAN RUANG;1.03.2.10.0.00.01.0000;DINAS PEKERJAAN UMUM DAN PENATAAN RUANG;1.03.01.2.09.0002;Penyediaan Jasa Pemeliharaan, Biaya Pemeliharaan, Pajak dan Perizinan Kendaraan Dinas Operasional atau Lapangan;5.1.02.03.002.00043;Belanja Pemeliharaan Alat Angkutan-Alat Angkutan Darat Bermotor-Alat Angkutan Darat Bermotor Lainnya;97500000;88610650
2026;1.03.2.10.0.00.01.0000;DINAS PEKERJAAN UMUM DAN PENATAAN RUANG;1.03.2.10.0.00.01.0000;DINAS PEKERJAAN UMUM DAN PENATAAN RUANG;1.03.01.2.09.0003;Penyediaan Jasa Pemeliharaan, Biaya Pemeliharaan dan Perizinan Alat Besar;5.1.02.01.001.00024;Belanja Alat/Bahan untuk Kegiatan Kantor-Alat Tulis Kantor;2768200;435000
2026;1.03.2.10.0.00.01.0000;DINAS PEKERJAAN UMUM DAN PENATAAN RUANG;1.03.2.10.0.00.01.0000;DINAS PEKERJAAN UMUM DAN PENATAAN RUANG;1.03.01.2.09.0003;Penyediaan Jasa Pemeliharaan, Biaya Pemeliharaan dan Perizinan Alat Besar;5.1.02.01.001.00025;Belanja Alat/Bahan untuk Kegiatan Kantor- Kertas dan Cover;1747200;210000
2026;1.03.2.10.0.00.01.0000;DINAS PEKERJAAN UMUM DAN PENATAAN RUANG;1.03.2.10.0.00.01.0000;DINAS PEKERJAAN UMUM DAN PENATAAN RUANG;1.03.01.2.09.0003;Penyediaan Jasa Pemeliharaan, Biaya Pemeliharaan dan Perizinan Alat Besar;5.1.02.01.001.00029;Belanja Alat/Bahan untuk Kegiatan Kantor-Bahan Komputer;2662000;545000
2026;1.03.2.10.0.00.01.0000;DINAS PEKERJAAN UMUM DAN PENATAAN RUANG;1.03.2.10.0.00.01.0000;DINAS PEKERJAAN UMUM DAN PENATAAN RUANG;1.03.01.2.09.0003;Penyediaan Jasa Pemeliharaan, Biaya Pemeliharaan dan Perizinan Alat Besar;5.1.02.01.001.00052;Belanja Makanan dan Minuman Rapat;842600;726000
2026;1.03.2.10.0.00.01.0000;DINAS PEKERJAAN UMUM DAN PENATAAN RUANG;1.03.2.10.0.00.01.0000;DINAS PEKERJAAN UMUM DAN PENATAAN RUANG;1.03.01.2.09.0003;Penyediaan Jasa Pemeliharaan, Biaya Pemeliharaan dan Perizinan Alat Besar;5.1.02.04.001.00001;Belanja Perjalanan Dinas Biasa;5040000;635000
2026;1.03.2.10.0.00.01.0000;DINAS PEKERJAAN UMUM DAN PENATAAN RUANG;1.03.2.10.0.00.01.0000;DINAS PEKERJAAN UMUM DAN PENATAAN RUANG;1.03.01.2.09.0003;Penyediaan Jasa Pemeliharaan, Biaya Pemeliharaan dan Perizinan Alat Besar;5.1.02.04.001.00003;Belanja Perjalanan Dinas Dalam Kota;840000;0
2026;1.03.2.10.0.00.01.0000;DINAS PEKERJAAN UMUM DAN PENATAAN RUANG;1.03.2.10.0.00.01.0000;DINAS PEKERJAAN UMUM DAN PENATAAN RUANG;1.03.01.2.09.0006;Pemeliharaan Peralatan dan Mesin Lainnya;5.1.02.01.001.00013;Belanja Suku Cadang-Suku Cadang Alat Angkutan;0;0
2026;1.03.2.10.0.00.01.0000;DINAS PEKERJAAN UMUM DAN PENATAAN RUANG;1.03.2.10.0.00.01.0000;DINAS PEKERJAAN UMUM DAN PENATAAN RUANG;1.03.01.2.09.0006;Pemeliharaan Peralatan dan Mesin Lainnya;5.1.02.01.001.00024;Belanja Alat/Bahan untuk Kegiatan Kantor-Alat Tulis Kantor;251450;0
2026;1.03.2.10.0.00.01.0000;DINAS PEKERJAAN UMUM DAN PENATAAN RUANG;1.03.2.10.0.00.01.0000;DINAS PEKERJAAN UMUM DAN PENATAAN RUANG;1.03.01.2.09.0006;Pemeliharaan Peralatan dan Mesin Lainnya;5.1.02.01.001.00025;Belanja Alat/Bahan untuk Kegiatan Kantor- Kertas dan Cover;400200;0
2026;1.03.2.10.0.00.01.0000;DINAS PEKERJAAN UMUM DAN PENATAAN RUANG;1.03.2.10.0.00.01.0000;DINAS PEKERJAAN UMUM DAN PENATAAN RUANG;1.03.01.2.09.0006;Pemeliharaan Peralatan dan Mesin Lainnya;5.1.02.01.001.00029;Belanja Alat/Bahan untuk Kegiatan Kantor-Bahan Komputer;410700;0
2026;1.03.2.10.0.00.01.0000;DINAS PEKERJAAN UMUM DAN PENATAAN RUANG;1.03.2.10.0.00.01.0000;DINAS PEKERJAAN UMUM DAN PENATAAN RUANG;1.03.01.2.09.0006;Pemeliharaan Peralatan dan Mesin Lainnya;5.1.02.01.001.00052;Belanja Makanan dan Minuman Rapat;0;0
2026;1.03.2.10.0.00.01.0000;DINAS PEKERJAAN UMUM DAN PENATAAN RUANG;1.03.2.10.0.00.01.0000;DINAS PEKERJAAN UMUM DAN PENATAAN RUANG;1.03.02.2.02.0014;Rehabilitasi Jaringan Irigasi Permukaan;5.1.02.02.008.00008;Belanja Jasa Konsultansi Perencanaan Rekayasa-Jasa Desain Rekayasa untuk Pekerjaan Teknik Sipil Air;33000000;26373040
2026;1.03.2.10.0.00.01.0000;DINAS PEKERJAAN UMUM DAN PENATAAN RUANG;1.03.2.10.0.00.01.0000;DINAS PEKERJAAN UMUM DAN PENATAAN RUANG;1.03.02.2.02.0014;Rehabilitasi Jaringan Irigasi Permukaan;5.2.04.02.001.00008;Belanja Modal Bangunan Air Irigasi Lainnya;412815950;0
2026;1.03.2.10.0.00.01.0000;DINAS PEKERJAAN UMUM DAN PENATAAN RUANG;1.03.2.10.0.00.01.0000;DINAS PEKERJAAN UMUM DAN PENATAAN RUANG;1.03.02.2.02.0021;Operasi dan Pemeliharaan Jaringan Irigasi Permukaan;5.1.02.01.001.00004;Belanja Bahan-Bahan Bakar dan Pelumas;0;0
2026;1.03.2.10.0.00.01.0000;DINAS PEKERJAAN UMUM DAN PENATAAN RUANG;1.03.2.10.0.00.01.0000;DINAS PEKERJAAN UMUM DAN PENATAAN RUANG;1.03.02.2.02.0021;Operasi dan Pemeliharaan Jaringan Irigasi Permukaan;5.1.02.01.001.00024;Belanja Alat/Bahan untuk Kegiatan Kantor-Alat Tulis Kantor;2323300;1054223
2026;1.03.2.10.0.00.01.0000;DINAS PEKERJAAN UMUM DAN PENATAAN RUANG;1.03.2.10.0.00.01.0000;DINAS PEKERJAAN UMUM DAN PENATAAN RUANG;1.03.02.2.02.0021;Operasi dan Pemeliharaan Jaringan Irigasi Permukaan;5.1.02.01.001.00025;Belanja Alat/Bahan untuk Kegiatan Kantor- Kertas dan Cover;1787000;720834
2026;1.03.2.10.0.00.01.0000;DINAS PEKERJAAN UMUM DAN PENATAAN RUANG;1.03.2.10.0.00.01.0000;DINAS PEKERJAAN UMUM DAN PENATAAN RUANG;1.03.02.2.02.0021;Operasi dan Pemeliharaan Jaringan Irigasi Permukaan;5.1.02.01.001.00029;Belanja Alat/Bahan untuk Kegiatan Kantor-Bahan Komputer;1508500;817182
2026;1.03.2.10.0.00.01.0000;DINAS PEKERJAAN UMUM DAN PENATAAN RUANG;1.03.2.10.0.00.01.0000;DINAS PEKERJAAN UMUM DAN PENATAAN RUANG;1.03.02.2.02.0021;Operasi dan Pemeliharaan Jaringan Irigasi Permukaan;5.1.02.01.001.00052;Belanja Makanan dan Minuman Rapat;2576754;0
2026;1.03.2.10.0.00.01.0000;DINAS PEKERJAAN UMUM DAN PENATAAN RUANG;1.03.2.10.0.00.01.0000;DINAS PEKERJAAN UMUM DAN PENATAAN RUANG;1.03.02.2.02.0021;Operasi dan Pemeliharaan Jaringan Irigasi Permukaan;5.1.02.04.001.00001;Belanja Perjalanan Dinas Biasa;10650000;4796500
2026;1.03.2.10.0.00.01.0000;DINAS PEKERJAAN UMUM DAN PENATAAN RUANG;1.03.2.10.0.00.01.0000;DINAS PEKERJAAN UMUM DAN PENATAAN RUANG;1.03.02.2.02.0021;Operasi dan Pemeliharaan Jaringan Irigasi Permukaan;5.1.02.04.001.00003;Belanja Perjalanan Dinas Dalam Kota;11853446;4041620
2026;1.03.2.10.0.00.01.0000;DINAS PEKERJAAN UMUM DAN PENATAAN RUANG;1.03.2.10.0.00.01.0000;DINAS PEKERJAAN UMUM DAN PENATAAN RUANG;1.03.02.2.02.0021;Operasi dan Pemeliharaan Jaringan Irigasi Permukaan;5.2.04.02.001.00003;Belanja Modal Bangunan Pembawa Irigasi;0;0
2026;1.03.2.10.0.00.01.0000;DINAS PEKERJAAN UMUM DAN PENATAAN RUANG;1.03.2.10.0.00.01.0000;DINAS PEKERJAAN UMUM DAN PENATAAN RUANG;1.03.02.2.02.0021;Operasi dan Pemeliharaan Jaringan Irigasi Permukaan;5.2.04.02.001.00008;Belanja Modal Bangunan Air Irigasi Lainnya;229301000;0
2026;1.03.2.10.0.00.01.0000;DINAS PEKERJAAN UMUM DAN PENATAAN RUANG;1.03.2.10.0.00.01.0000;DINAS PEKERJAAN UMUM DAN PENATAAN RUANG;1.03.08.2.01.0020;Bantuan Teknis Pembangunan Bangunan Gedung Negara untuk Kepentingan Strategis Kabupaten/Kota;5.1.02.01.001.00004;Belanja Bahan-Bahan Bakar dan Pelumas;0;0
2026;1.03.2.10.0.00.01.0000;DINAS PEKERJAAN UMUM DAN PENATAAN RUANG;1.03.2.10.0.00.01.0000;DINAS PEKERJAAN UMUM DAN PENATAAN RUANG;1.03.08.2.01.0020;Bantuan Teknis Pembangunan Bangunan Gedung Negara untuk Kepentingan Strategis Kabupaten/Kota;5.1.02.01.001.00024;Belanja Alat/Bahan untuk Kegiatan Kantor-Alat Tulis Kantor;1899450;313797
2026;1.03.2.10.0.00.01.0000;DINAS PEKERJAAN UMUM DAN PENATAAN RUANG;1.03.2.10.0.00.01.0000;DINAS PEKERJAAN UMUM DAN PENATAAN RUANG;1.03.08.2.01.0020;Bantuan Teknis Pembangunan Bangunan Gedung Negara untuk Kepentingan Strategis Kabupaten/Kota;5.1.02.01.001.00025;Belanja Alat/Bahan untuk Kegiatan Kantor- Kertas dan Cover;1668600;291930
2026;1.03.2.10.0.00.01.0000;DINAS PEKERJAAN UMUM DAN PENATAAN RUANG;1.03.2.10.0.00.01.0000;DINAS PEKERJAAN UMUM DAN PENATAAN RUANG;1.03.08.2.01.0020;Bantuan Teknis Pembangunan Bangunan Gedung Negara untuk Kepentingan Strategis Kabupaten/Kota;5.1.02.01.001.00029;Belanja Alat/Bahan untuk Kegiatan Kantor-Bahan Komputer;1205600;591630
2026;1.03.2.10.0.00.01.0000;DINAS PEKERJAAN UMUM DAN PENATAAN RUANG;1.03.2.10.0.00.01.0000;DINAS PEKERJAAN UMUM DAN PENATAAN RUANG;1.03.08.2.01.0020;Bantuan Teknis Pembangunan Bangunan Gedung Negara untuk Kepentingan Strategis Kabupaten/Kota;5.1.02.01.001.00052;Belanja Makanan dan Minuman Rapat;3026000;429000
2026;1.03.2.10.0.00.01.0000;DINAS PEKERJAAN UMUM DAN PENATAAN RUANG;1.03.2.10.0.00.01.0000;DINAS PEKERJAAN UMUM DAN PENATAAN RUANG;1.03.08.2.01.0020;Bantuan Teknis Pembangunan Bangunan Gedung Negara untuk Kepentingan Strategis Kabupaten/Kota;5.1.02.04.001.00001;Belanja Perjalanan Dinas Biasa;13138000;2235000
2026;1.03.2.10.0.00.01.0000;DINAS PEKERJAAN UMUM DAN PENATAAN RUANG;1.03.2.10.0.00.01.0000;DINAS PEKERJAAN UMUM DAN PENATAAN RUANG;1.03.08.2.01.0020;Bantuan Teknis Pembangunan Bangunan Gedung Negara untuk Kepentingan Strategis Kabupaten/Kota;5.1.02.04.001.00003;Belanja Perjalanan Dinas Dalam Kota;16237100;6048850
2026;1.03.2.10.0.00.01.0000;DINAS PEKERJAAN UMUM DAN PENATAAN RUANG;1.03.2.10.0.00.01.0000;DINAS PEKERJAAN UMUM DAN PENATAAN RUANG;1.03.08.2.01.0021;Pembangunan, Pemanfaatan, Pelestariaan dan Pembongkaran Bangunan Gedung untuk Kepentingan Strategis Daerah Kabupaten/Kota;5.1.02.01.001.00024;Belanja Alat/Bahan untuk Kegiatan Kantor-Alat Tulis Kantor;1449900;762570
2026;1.03.2.10.0.00.01.0000;DINAS PEKERJAAN UMUM DAN PENATAAN RUANG;1.03.2.10.0.00.01.0000;DINAS PEKERJAAN UMUM DAN PENATAAN RUANG;1.03.08.2.01.0021;Pembangunan, Pemanfaatan, Pelestariaan dan Pembongkaran Bangunan Gedung untuk Kepentingan Strategis Daerah Kabupaten/Kota;5.1.02.01.001.00025;Belanja Alat/Bahan untuk Kegiatan Kantor- Kertas dan Cover;695250;291930
2026;1.03.2.10.0.00.01.0000;DINAS PEKERJAAN UMUM DAN PENATAAN RUANG;1.03.2.10.0.00.01.0000;DINAS PEKERJAAN UMUM DAN PENATAAN RUANG;1.03.08.2.01.0021;Pembangunan, Pemanfaatan, Pelestariaan dan Pembongkaran Bangunan Gedung untuk Kepentingan Strategis Daerah Kabupaten/Kota;5.1.02.01.001.00029;Belanja Alat/Bahan untuk Kegiatan Kantor-Bahan Komputer;854800;301920
2026;1.03.2.10.0.00.01.0000;DINAS PEKERJAAN UMUM DAN PENATAAN RUANG;1.03.2.10.0.00.01.0000;DINAS PEKERJAAN UMUM DAN PENATAAN RUANG;1.03.08.2.01.0021;Pembangunan, Pemanfaatan, Pelestariaan dan Pembongkaran Bangunan Gedung untuk Kepentingan Strategis Daerah Kabupaten/Kota;5.1.02.01.001.00039;Belanja Barang untuk Dijual/Diserahkan kepada Masyarakat;690186625;284998100
2026;1.03.2.10.0.00.01.0000;DINAS PEKERJAAN UMUM DAN PENATAAN RUANG;1.03.2.10.0.00.01.0000;DINAS PEKERJAAN UMUM DAN PENATAAN RUANG;1.03.08.2.01.0021;Pembangunan, Pemanfaatan, Pelestariaan dan Pembongkaran Bangunan Gedung untuk Kepentingan Strategis Daerah Kabupaten/Kota;5.1.02.02.008.00002;Belanja Jasa Konsultansi Perencanaan Arsitektur-Jasa Desain Arsitektural;29440125;0
2026;1.03.2.10.0.00.01.0000;DINAS PEKERJAAN UMUM DAN PENATAAN RUANG;1.03.2.10.0.00.01.0000;DINAS PEKERJAAN UMUM DAN PENATAAN RUANG;1.03.08.2.01.0021;Pembangunan, Pemanfaatan, Pelestariaan dan Pembongkaran Bangunan Gedung untuk Kepentingan Strategis Daerah Kabupaten/Kota;5.2.03.01.001.00001;Belanja Modal Bangunan Gedung Kantor;1158533915;374640200
2026;1.03.2.10.0.00.01.0000;DINAS PEKERJAAN UMUM DAN PENATAAN RUANG;1.03.2.10.0.00.01.0000;DINAS PEKERJAAN UMUM DAN PENATAAN RUANG;1.03.08.2.01.0021;Pembangunan, Pemanfaatan, Pelestariaan dan Pembongkaran Bangunan Gedung untuk Kepentingan Strategis Daerah Kabupaten/Kota;5.2.03.01.001.00008;Belanja Modal Bangunan Gedung Tempat Ibadah;490186625;0
2026;1.03.2.10.0.00.01.0000;DINAS PEKERJAAN UMUM DAN PENATAAN RUANG;1.03.2.10.0.00.01.0000;DINAS PEKERJAAN UMUM DAN PENATAAN RUANG;1.03.10.2.01.0051;Pemeliharaan Rutin Jalan;5.1.02.01.001.00004;Belanja Bahan-Bahan Bakar dan Pelumas;0;0
2026;1.03.2.10.0.00.01.0000;DINAS PEKERJAAN UMUM DAN PENATAAN RUANG;1.03.2.10.0.00.01.0000;DINAS PEKERJAAN UMUM DAN PENATAAN RUANG;1.03.10.2.01.0051;Pemeliharaan Rutin Jalan;5.1.02.01.001.00024;Belanja Alat/Bahan untuk Kegiatan Kantor-Alat Tulis Kantor;2002400;1044832
2026;1.03.2.10.0.00.01.0000;DINAS PEKERJAAN UMUM DAN PENATAAN RUANG;1.03.2.10.0.00.01.0000;DINAS PEKERJAAN UMUM DAN PENATAAN RUANG;1.03.10.2.01.0051;Pemeliharaan Rutin Jalan;5.1.02.01.001.00025;Belanja Alat/Bahan untuk Kegiatan Kantor- Kertas dan Cover;1389800;656010
2026;1.03.2.10.0.00.01.0000;DINAS PEKERJAAN UMUM DAN PENATAAN RUANG;1.03.2.10.0.00.01.0000;DINAS PEKERJAAN UMUM DAN PENATAAN RUANG;1.03.10.2.01.0051;Pemeliharaan Rutin Jalan;5.1.02.01.001.00029;Belanja Alat/Bahan untuk Kegiatan Kantor-Bahan Komputer;1483850;915750
2026;1.03.2.10.0.00.01.0000;DINAS PEKERJAAN UMUM DAN PENATAAN RUANG;1.03.2.10.0.00.01.0000;DINAS PEKERJAAN UMUM DAN PENATAAN RUANG;1.03.10.2.01.0051;Pemeliharaan Rutin Jalan;5.1.02.01.001.00052;Belanja Makanan dan Minuman Rapat;5017300;0
2026;1.03.2.10.0.00.01.0000;DINAS PEKERJAAN UMUM DAN PENATAAN RUANG;1.03.2.10.0.00.01.0000;DINAS PEKERJAAN UMUM DAN PENATAAN RUANG;1.03.10.2.01.0051;Pemeliharaan Rutin Jalan;5.1.02.03.004.00003;Belanja Pemeliharaan Jalan dan Jembatan-Jalan-Jalan Kabupaten;4644778937;1528085027
2026;1.03.2.10.0.00.01.0000;DINAS PEKERJAAN UMUM DAN PENATAAN RUANG;1.03.2.10.0.00.01.0000;DINAS PEKERJAAN UMUM DAN PENATAAN RUANG;1.03.10.2.01.0051;Pemeliharaan Rutin Jalan;5.1.02.04.001.00001;Belanja Perjalanan Dinas Biasa;40300000;16285930
2026;1.03.2.10.0.00.01.0000;DINAS PEKERJAAN UMUM DAN PENATAAN RUANG;1.03.2.10.0.00.01.0000;DINAS PEKERJAAN UMUM DAN PENATAAN RUANG;1.03.10.2.01.0051;Pemeliharaan Rutin Jalan;5.1.02.04.001.00003;Belanja Perjalanan Dinas Dalam Kota;14700000;6476686
2026;1.03.2.10.0.00.01.0000;DINAS PEKERJAAN UMUM DAN PENATAAN RUANG;1.03.2.10.0.00.01.0000;DINAS PEKERJAAN UMUM DAN PENATAAN RUANG;1.03.10.2.01.0051;Pemeliharaan Rutin Jalan;5.2.04.01.001.00003;Belanja Modal Jalan Kabupaten;0;0
2026;1.03.2.10.0.00.01.0000;DINAS PEKERJAAN UMUM DAN PENATAAN RUANG;1.03.2.10.0.00.01.0000;DINAS PEKERJAAN UMUM DAN PENATAAN RUANG;1.03.10.2.01.0055;Rehabilitasi Jalan;5.1.02.02.008.00009;Belanja Jasa Konsultansi Perencanaan Rekayasa-Jasa Desain Rekayasa untuk Pekerjaan Teknik Sipil Tran;300000000;224791000
2026;1.03.2.10.0.00.01.0000;DINAS PEKERJAAN UMUM DAN PENATAAN RUANG;1.03.2.10.0.00.01.0000;DINAS PEKERJAAN UMUM DAN PENATAAN RUANG;1.03.10.2.01.0055;Rehabilitasi Jalan;5.1.02.02.008.00018;Belanja Jasa Konsultansi Pengawasan Arsitektur;57360000;0
2026;1.03.2.10.0.00.01.0000;DINAS PEKERJAAN UMUM DAN PENATAAN RUANG;1.03.2.10.0.00.01.0000;DINAS PEKERJAAN UMUM DAN PENATAAN RUANG;1.03.10.2.01.0055;Rehabilitasi Jalan;5.1.02.02.008.00032;Belanja Jasa Konsultansi Lainnya-Jasa Konsultansi Lingkungan;130000000;0
2026;1.03.2.10.0.00.01.0000;DINAS PEKERJAAN UMUM DAN PENATAAN RUANG;1.03.2.10.0.00.01.0000;DINAS PEKERJAAN UMUM DAN PENATAAN RUANG;1.03.10.2.01.0055;Rehabilitasi Jalan;5.2.04.01.001.00003;Belanja Modal Jalan Kabupaten;22985366454;0
2026;1.03.2.10.0.00.01.0000;DINAS PEKERJAAN UMUM DAN PENATAAN RUANG;1.03.2.10.0.00.01.0000;DINAS PEKERJAAN UMUM DAN PENATAAN RUANG;1.03.10.2.01.0057;Penggantian Jembatan;5.1.02.02.008.00018;Belanja Jasa Konsultansi Pengawasan Arsitektur;86040000;0
2026;1.03.2.10.0.00.01.0000;DINAS PEKERJAAN UMUM DAN PENATAAN RUANG;1.03.2.10.0.00.01.0000;DINAS PEKERJAAN UMUM DAN PENATAAN RUANG;1.03.10.2.01.0057;Penggantian Jembatan;5.2.04.01.002.00003;Belanja Modal Jembatan pada Jalan Kabupaten;10063373773;3315544653
2026;1.03.2.10.0.00.01.0000;DINAS PEKERJAAN UMUM DAN PENATAAN RUANG;1.03.2.10.0.00.01.0000;DINAS PEKERJAAN UMUM DAN PENATAAN RUANG;1.03.10.2.01.0059;Rekonstruksi Jalan;5.2.04.01.001.00003;Belanja Modal Jalan Kabupaten;2280976187;0
2026;1.03.2.10.0.00.01.0000;DINAS PEKERJAAN UMUM DAN PENATAAN RUANG;1.03.2.10.0.00.01.0000;DINAS PEKERJAAN UMUM DAN PENATAAN RUANG;1.03.11.2.01.0016;Pelatihan Tenaga Kerja Konstruksi Kualifikasi Jabatan Operator, Teknisi atau Analis;5.1.02.01.001.00024;Belanja Alat/Bahan untuk Kegiatan Kantor-Alat Tulis Kantor;741550;628821
2026;1.03.2.10.0.00.01.0000;DINAS PEKERJAAN UMUM DAN PENATAAN RUANG;1.03.2.10.0.00.01.0000;DINAS PEKERJAAN UMUM DAN PENATAAN RUANG;1.03.11.2.01.0016;Pelatihan Tenaga Kerja Konstruksi Kualifikasi Jabatan Operator, Teknisi atau Analis;5.1.02.01.001.00025;Belanja Alat/Bahan untuk Kegiatan Kantor- Kertas dan Cover;333000;277223
2026;1.03.2.10.0.00.01.0000;DINAS PEKERJAAN UMUM DAN PENATAAN RUANG;1.03.2.10.0.00.01.0000;DINAS PEKERJAAN UMUM DAN PENATAAN RUANG;1.03.11.2.01.0016;Pelatihan Tenaga Kerja Konstruksi Kualifikasi Jabatan Operator, Teknisi atau Analis;5.1.02.01.001.00029;Belanja Alat/Bahan untuk Kegiatan Kantor-Bahan Komputer;634650;545343
2026;1.03.2.10.0.00.01.0000;DINAS PEKERJAAN UMUM DAN PENATAAN RUANG;1.03.2.10.0.00.01.0000;DINAS PEKERJAAN UMUM DAN PENATAAN RUANG;1.03.11.2.01.0016;Pelatihan Tenaga Kerja Konstruksi Kualifikasi Jabatan Operator, Teknisi atau Analis;5.1.02.01.001.00052;Belanja Makanan dan Minuman Rapat;1899600;1704278
2026;1.03.2.10.0.00.01.0000;DINAS PEKERJAAN UMUM DAN PENATAAN RUANG;1.03.2.10.0.00.01.0000;DINAS PEKERJAAN UMUM DAN PENATAAN RUANG;1.03.11.2.01.0016;Pelatihan Tenaga Kerja Konstruksi Kualifikasi Jabatan Operator, Teknisi atau Analis;5.1.02.02.001.00003;Honorarium Narasumber atau Pembahas, Moderator, Pembawa Acara, dan Panitia;1800000;1800000
2026;1.03.2.10.0.00.01.0000;DINAS PEKERJAAN UMUM DAN PENATAAN RUANG;1.03.2.10.0.00.01.0000;DINAS PEKERJAAN UMUM DAN PENATAAN RUANG;1.03.11.2.01.0016;Pelatihan Tenaga Kerja Konstruksi Kualifikasi Jabatan Operator, Teknisi atau Analis;5.1.02.02.001.00048;Belanja Jasa Kontribusi Asosiasi;11000000;11000000
2026;1.03.2.10.0.00.01.0000;DINAS PEKERJAAN UMUM DAN PENATAAN RUANG;1.03.2.10.0.00.01.0000;DINAS PEKERJAAN UMUM DAN PENATAAN RUANG;1.03.11.2.01.0016;Pelatihan Tenaga Kerja Konstruksi Kualifikasi Jabatan Operator, Teknisi atau Analis;5.1.02.04.001.00001;Belanja Perjalanan Dinas Biasa;3465000;1608981
2026;1.03.2.10.0.00.01.0000;DINAS PEKERJAAN UMUM DAN PENATAAN RUANG;1.03.2.10.0.00.01.0000;DINAS PEKERJAAN UMUM DAN PENATAAN RUANG;1.03.11.2.01.0016;Pelatihan Tenaga Kerja Konstruksi Kualifikasi Jabatan Operator, Teknisi atau Analis;5.1.02.04.001.00003;Belanja Perjalanan Dinas Dalam Kota;1650000;1650000
2026;1.03.2.10.0.00.01.0000;DINAS PEKERJAAN UMUM DAN PENATAAN RUANG;1.03.2.10.0.00.01.0000;DINAS PEKERJAAN UMUM DAN PENATAAN RUANG;1.03.12.2.01.0005;Pelaksanaan Persetujuan Substansi RTRW Kabupaten/Kota;5.1.02.01.001.00024;Belanja Alat/Bahan untuk Kegiatan Kantor-Alat Tulis Kantor;6884200;1630923
2026;1.03.2.10.0.00.01.0000;DINAS PEKERJAAN UMUM DAN PENATAAN RUANG;1.03.2.10.0.00.01.0000;DINAS PEKERJAAN UMUM DAN PENATAAN RUANG;1.03.12.2.01.0005;Pelaksanaan Persetujuan Substansi RTRW Kabupaten/Kota;5.1.02.01.001.00025;Belanja Alat/Bahan untuk Kegiatan Kantor- Kertas dan Cover;1759500;1001775
2026;1.03.2.10.0.00.01.0000;DINAS PEKERJAAN UMUM DAN PENATAAN RUANG;1.03.2.10.0.00.01.0000;DINAS PEKERJAAN UMUM DAN PENATAAN RUANG;1.03.12.2.01.0005;Pelaksanaan Persetujuan Substansi RTRW Kabupaten/Kota;5.1.02.01.001.00029;Belanja Alat/Bahan untuk Kegiatan Kantor-Bahan Komputer;1142800;359640
2026;1.03.2.10.0.00.01.0000;DINAS PEKERJAAN UMUM DAN PENATAAN RUANG;1.03.2.10.0.00.01.0000;DINAS PEKERJAAN UMUM DAN PENATAAN RUANG;1.03.12.2.01.0005;Pelaksanaan Persetujuan Substansi RTRW Kabupaten/Kota;5.1.02.01.001.00052;Belanja Makanan dan Minuman Rapat;4610000;2475000
2026;1.03.2.10.0.00.01.0000;DINAS PEKERJAAN UMUM DAN PENATAAN RUANG;1.03.2.10.0.00.01.0000;DINAS PEKERJAAN UMUM DAN PENATAAN RUANG;1.03.12.2.01.0005;Pelaksanaan Persetujuan Substansi RTRW Kabupaten/Kota;5.1.02.02.008.00027;Belanja Jasa Konsultansi Spesialis-Jasa Pembuatan Peta;40000000;10000000
2026;1.03.2.10.0.00.01.0000;DINAS PEKERJAAN UMUM DAN PENATAAN RUANG;1.03.2.10.0.00.01.0000;DINAS PEKERJAAN UMUM DAN PENATAAN RUANG;1.03.12.2.01.0005;Pelaksanaan Persetujuan Substansi RTRW Kabupaten/Kota;5.1.02.04.001.00001;Belanja Perjalanan Dinas Biasa;45347500;25800750
2026;1.03.2.10.0.00.01.0000;DINAS PEKERJAAN UMUM DAN PENATAAN RUANG;1.03.2.10.0.00.01.0000;DINAS PEKERJAAN UMUM DAN PENATAAN RUANG;1.03.12.2.01.0005;Pelaksanaan Persetujuan Substansi RTRW Kabupaten/Kota;5.1.02.04.001.00003;Belanja Perjalanan Dinas Dalam Kota;256000;0
2026;1.03.2.10.0.00.01.0000;DINAS PEKERJAAN UMUM DAN PENATAAN RUANG;1.03.2.10.0.00.01.0000;DINAS PEKERJAAN UMUM DAN PENATAAN RUANG;1.03.12.2.01.0006;Pelaksanaan Persetujuan Substansi RDTR Kabupaten/Kota;5.1.02.01.001.00024;Belanja Alat/Bahan untuk Kegiatan Kantor-Alat Tulis Kantor;4561975;3000000
2026;1.03.2.10.0.00.01.0000;DINAS PEKERJAAN UMUM DAN PENATAAN RUANG;1.03.2.10.0.00.01.0000;DINAS PEKERJAAN UMUM DAN PENATAAN RUANG;1.03.12.2.01.0006;Pelaksanaan Persetujuan Substansi RDTR Kabupaten/Kota;5.1.02.01.001.00025;Belanja Alat/Bahan untuk Kegiatan Kantor- Kertas dan Cover;1827400;861360
2026;1.03.2.10.0.00.01.0000;DINAS PEKERJAAN UMUM DAN PENATAAN RUANG;1.03.2.10.0.00.01.0000;DINAS PEKERJAAN UMUM DAN PENATAAN RUANG;1.03.12.2.01.0006;Pelaksanaan Persetujuan Substansi RDTR Kabupaten/Kota;5.1.02.01.001.00029;Belanja Alat/Bahan untuk Kegiatan Kantor-Bahan Komputer;571400;119880
2026;1.03.2.10.0.00.01.0000;DINAS PEKERJAAN UMUM DAN PENATAAN RUANG;1.03.2.10.0.00.01.0000;DINAS PEKERJAAN UMUM DAN PENATAAN RUANG;1.03.12.2.01.0006;Pelaksanaan Persetujuan Substansi RDTR Kabupaten/Kota;5.1.02.01.001.00052;Belanja Makanan dan Minuman Rapat;8610000;0
2026;1.03.2.10.0.00.01.0000;DINAS PEKERJAAN UMUM DAN PENATAAN RUANG;1.03.2.10.0.00.01.0000;DINAS PEKERJAAN UMUM DAN PENATAAN RUANG;1.03.12.2.01.0006;Pelaksanaan Persetujuan Substansi RDTR Kabupaten/Kota;5.1.02.02.001.00003;Honorarium Narasumber atau Pembahas, Moderator, Pembawa Acara, dan Panitia;10450000;0
2026;1.03.2.10.0.00.01.0000;DINAS PEKERJAAN UMUM DAN PENATAAN RUANG;1.03.2.10.0.00.01.0000;DINAS PEKERJAAN UMUM DAN PENATAAN RUANG;1.03.12.2.01.0006;Pelaksanaan Persetujuan Substansi RDTR Kabupaten/Kota;5.1.02.02.008.00013;Belanja Jasa Konsultansi Perencanaan Rekayasa-Jasa Desain Rekayasa Lainnya;29440125;0
2026;1.03.2.10.0.00.01.0000;DINAS PEKERJAAN UMUM DAN PENATAAN RUANG;1.03.2.10.0.00.01.0000;DINAS PEKERJAAN UMUM DAN PENATAAN RUANG;1.03.12.2.01.0006;Pelaksanaan Persetujuan Substansi RDTR Kabupaten/Kota;5.1.02.02.008.00027;Belanja Jasa Konsultansi Spesialis-Jasa Pembuatan Peta;25000000;18437500
2026;1.03.2.10.0.00.01.0000;DINAS PEKERJAAN UMUM DAN PENATAAN RUANG;1.03.2.10.0.00.01.0000;DINAS PEKERJAAN UMUM DAN PENATAAN RUANG;1.03.12.2.01.0006;Pelaksanaan Persetujuan Substansi RDTR Kabupaten/Kota;5.1.02.04.001.00001;Belanja Perjalanan Dinas Biasa;18119100;2525000
2026;1.03.2.10.0.00.01.0000;DINAS PEKERJAAN UMUM DAN PENATAAN RUANG;1.03.2.10.0.00.01.0000;DINAS PEKERJAAN UMUM DAN PENATAAN RUANG;1.03.12.2.01.0006;Pelaksanaan Persetujuan Substansi RDTR Kabupaten/Kota;5.1.02.04.001.00003;Belanja Perjalanan Dinas Dalam Kota;1420000;0
2026;1.03.2.10.0.00.01.0000;DINAS PEKERJAAN UMUM DAN PENATAAN RUANG;1.03.2.10.0.00.01.0000;DINAS PEKERJAAN UMUM DAN PENATAAN RUANG;2.10.04.2.01.0004;Mediasi Penyelesaian Kasus Pertanahan dalam 1 (satu) Daerah Kabupaten/Kota;5.1.02.01.001.00001;Belanja Bahan-Bahan Bangunan dan Konstruksi;2160000;0
2026;1.03.2.10.0.00.01.0000;DINAS PEKERJAAN UMUM DAN PENATAAN RUANG;1.03.2.10.0.00.01.0000;DINAS PEKERJAAN UMUM DAN PENATAAN RUANG;2.10.04.2.01.0004;Mediasi Penyelesaian Kasus Pertanahan dalam 1 (satu) Daerah Kabupaten/Kota;5.1.02.01.001.00004;Belanja Bahan-Bahan Bakar dan Pelumas;0;0
2026;1.03.2.10.0.00.01.0000;DINAS PEKERJAAN UMUM DAN PENATAAN RUANG;1.03.2.10.0.00.01.0000;DINAS PEKERJAAN UMUM DAN PENATAAN RUANG;2.10.04.2.01.0004;Mediasi Penyelesaian Kasus Pertanahan dalam 1 (satu) Daerah Kabupaten/Kota;5.1.02.01.001.00024;Belanja Alat/Bahan untuk Kegiatan Kantor-Alat Tulis Kantor;4687300;2313462
2026;1.03.2.10.0.00.01.0000;DINAS PEKERJAAN UMUM DAN PENATAAN RUANG;1.03.2.10.0.00.01.0000;DINAS PEKERJAAN UMUM DAN PENATAAN RUANG;2.10.04.2.01.0004;Mediasi Penyelesaian Kasus Pertanahan dalam 1 (satu) Daerah Kabupaten/Kota;5.1.02.01.001.00025;Belanja Alat/Bahan untuk Kegiatan Kantor- Kertas dan Cover;7060600;2453100
2026;1.03.2.10.0.00.01.0000;DINAS PEKERJAAN UMUM DAN PENATAAN RUANG;1.03.2.10.0.00.01.0000;DINAS PEKERJAAN UMUM DAN PENATAAN RUANG;2.10.04.2.01.0004;Mediasi Penyelesaian Kasus Pertanahan dalam 1 (satu) Daerah Kabupaten/Kota;5.1.02.01.001.00029;Belanja Alat/Bahan untuk Kegiatan Kantor-Bahan Komputer;3092700;1187700
2026;1.03.2.10.0.00.01.0000;DINAS PEKERJAAN UMUM DAN PENATAAN RUANG;1.03.2.10.0.00.01.0000;DINAS PEKERJAAN UMUM DAN PENATAAN RUANG;2.10.04.2.01.0004;Mediasi Penyelesaian Kasus Pertanahan dalam 1 (satu) Daerah Kabupaten/Kota;5.1.02.01.001.00052;Belanja Makanan dan Minuman Rapat;12686800;1768800
2026;1.03.2.10.0.00.01.0000;DINAS PEKERJAAN UMUM DAN PENATAAN RUANG;1.03.2.10.0.00.01.0000;DINAS PEKERJAAN UMUM DAN PENATAAN RUANG;2.10.04.2.01.0004;Mediasi Penyelesaian Kasus Pertanahan dalam 1 (satu) Daerah Kabupaten/Kota;5.1.02.02.001.00003;Honorarium Narasumber atau Pembahas, Moderator, Pembawa Acara, dan Panitia;12000000;0
2026;1.03.2.10.0.00.01.0000;DINAS PEKERJAAN UMUM DAN PENATAAN RUANG;1.03.2.10.0.00.01.0000;DINAS PEKERJAAN UMUM DAN PENATAAN RUANG;2.10.04.2.01.0004;Mediasi Penyelesaian Kasus Pertanahan dalam 1 (satu) Daerah Kabupaten/Kota;5.1.02.02.001.00004;Honorarium Tim Pelaksana Kegiatan dan Sekretariat Tim Pelaksana Kegiatan;10950000;0
2026;1.03.2.10.0.00.01.0000;DINAS PEKERJAAN UMUM DAN PENATAAN RUANG;1.03.2.10.0.00.01.0000;DINAS PEKERJAAN UMUM DAN PENATAAN RUANG;2.10.04.2.01.0004;Mediasi Penyelesaian Kasus Pertanahan dalam 1 (satu) Daerah Kabupaten/Kota;5.1.02.02.001.00053;Belanja Jasa Pengukuran Tanah;0;0
2026;1.03.2.10.0.00.01.0000;DINAS PEKERJAAN UMUM DAN PENATAAN RUANG;1.03.2.10.0.00.01.0000;DINAS PEKERJAAN UMUM DAN PENATAAN RUANG;2.10.04.2.01.0004;Mediasi Penyelesaian Kasus Pertanahan dalam 1 (satu) Daerah Kabupaten/Kota;5.1.02.04.001.00001;Belanja Perjalanan Dinas Biasa;93594000;41685754
2026;1.03.2.10.0.00.01.0000;DINAS PEKERJAAN UMUM DAN PENATAAN RUANG;1.03.2.10.0.00.01.0000;DINAS PEKERJAAN UMUM DAN PENATAAN RUANG;2.10.04.2.01.0004;Mediasi Penyelesaian Kasus Pertanahan dalam 1 (satu) Daerah Kabupaten/Kota;5.1.02.04.001.00003;Belanja Perjalanan Dinas Dalam Kota;49940000;1483500
2026;1.03.2.10.0.00.01.0000;DINAS PEKERJAAN UMUM DAN PENATAAN RUANG;1.03.2.10.0.00.01.0000;DINAS PEKERJAAN UMUM DAN PENATAAN RUANG;2.10.10.2.01.0003;Koordinasi dan Sinkronisasi Pelaksanaan Konsolidasi Tanah Kabupaten/Kota;5.1.02.01.001.00001;Belanja Bahan-Bahan Bangunan dan Konstruksi;3600000;0
2026;1.03.2.10.0.00.01.0000;DINAS PEKERJAAN UMUM DAN PENATAAN RUANG;1.03.2.10.0.00.01.0000;DINAS PEKERJAAN UMUM DAN PENATAAN RUANG;2.10.10.2.01.0003;Koordinasi dan Sinkronisasi Pelaksanaan Konsolidasi Tanah Kabupaten/Kota;5.1.02.01.001.00004;Belanja Bahan-Bahan Bakar dan Pelumas;0;0
2026;1.03.2.10.0.00.01.0000;DINAS PEKERJAAN UMUM DAN PENATAAN RUANG;1.03.2.10.0.00.01.0000;DINAS PEKERJAAN UMUM DAN PENATAAN RUANG;2.10.10.2.01.0003;Koordinasi dan Sinkronisasi Pelaksanaan Konsolidasi Tanah Kabupaten/Kota;5.1.02.01.001.00024;Belanja Alat/Bahan untuk Kegiatan Kantor-Alat Tulis Kantor;1377000;915195
2026;1.03.2.10.0.00.01.0000;DINAS PEKERJAAN UMUM DAN PENATAAN RUANG;1.03.2.10.0.00.01.0000;DINAS PEKERJAAN UMUM DAN PENATAAN RUANG;2.10.10.2.01.0003;Koordinasi dan Sinkronisasi Pelaksanaan Konsolidasi Tanah Kabupaten/Kota;5.1.02.01.001.00025;Belanja Alat/Bahan untuk Kegiatan Kantor- Kertas dan Cover;2581000;1307580
2026;1.03.2.10.0.00.01.0000;DINAS PEKERJAAN UMUM DAN PENATAAN RUANG;1.03.2.10.0.00.01.0000;DINAS PEKERJAAN UMUM DAN PENATAAN RUANG;2.10.10.2.01.0003;Koordinasi dan Sinkronisasi Pelaksanaan Konsolidasi Tanah Kabupaten/Kota;5.1.02.01.001.00029;Belanja Alat/Bahan untuk Kegiatan Kantor-Bahan Komputer;1257000;719280
2026;1.03.2.10.0.00.01.0000;DINAS PEKERJAAN UMUM DAN PENATAAN RUANG;1.03.2.10.0.00.01.0000;DINAS PEKERJAAN UMUM DAN PENATAAN RUANG;2.10.10.2.01.0003;Koordinasi dan Sinkronisasi Pelaksanaan Konsolidasi Tanah Kabupaten/Kota;5.1.02.01.001.00052;Belanja Makanan dan Minuman Rapat;10825000;292600
2026;1.03.2.10.0.00.01.0000;DINAS PEKERJAAN UMUM DAN PENATAAN RUANG;1.03.2.10.0.00.01.0000;DINAS PEKERJAAN UMUM DAN PENATAAN RUANG;2.10.10.2.01.0003;Koordinasi dan Sinkronisasi Pelaksanaan Konsolidasi Tanah Kabupaten/Kota;5.1.02.02.001.00029;Belanja Jasa Tenaga Ahli;3500000;0
2026;1.03.2.10.0.00.01.0000;DINAS PEKERJAAN UMUM DAN PENATAAN RUANG;1.03.2.10.0.00.01.0000;DINAS PEKERJAAN UMUM DAN PENATAAN RUANG;2.10.10.2.01.0003;Koordinasi dan Sinkronisasi Pelaksanaan Konsolidasi Tanah Kabupaten/Kota;5.1.02.04.001.00003;Belanja Perjalanan Dinas Dalam Kota;40000000;1198000
;;;;;;;;;;
;;;;;;;;;;
;;;;;;;;;;
;;;;;;;;;;
;;;;;;;;;;
;;;;;;;;;;
;;;;;;;;;;
;;;;;;;;;;
;;;;;;;;;;
;;;;;;;;;;
;;;;;;;;;;
;;;;;;;;;;
;;;;;;;;;;
;;;;;;;;;;
;;;;;;;;;;
;;;;;;;;;;
;;;;;;;;;;
;;;;;;;;;;
;;;;;;;;;;
;;;;;;;;;;
;;;;;;;;;;
;;;;;;;;;;
;;;;;;;;;;
;;;;;;;;;;
;;;;;;;;;;
;;;;;;;;;;
;;;;;;;;;;
;;;;;;;;;;
;;;;;;;;;;
;;;;;;;;;;
;;;;;;;;;;
;;;;;;;;;;
;;;;;;;;;;
;;;;;;;;;;
;;;;;;;;;;
;;;;;;;;;;
;;;;;;;;;;
;;;;;;;;;;
;;;;;;;;;;
;;;;;;;;;;
;;;;;;;;;;
;;;;;;;;;;
;;;;;;;;;;
;;;;;;;;;;
;;;;;;;;;;
;;;;;;;;;;
;;;;;;;;;;
;;;;;;;;;;
;;;;;;;;;;
;;;;;;;;;;
;;;;;;;;;;
;;;;;;;;;;
;;;;;;;;;;
;;;;;;;;;;
;;;;;;;;;;
;;;;;;;;;;
;;;;;;;;;;
;;;;;;;;;;
;;;;;;;;;;
;;;;;;;;;;
;;;;;;;;;;
;;;;;;;;;;
;;;;;;;;;;
;;;;;;;;;;
;;;;;;;;;;
;;;;;;;;;;
;;;;;;;;;;
;;;;;;;;;;
;;;;;;;;;;
;;;;;;;;;;
;;;;;;;;;;
;;;;;;;;;;
;;;;;;;;;;
;;;;;;;;;;
;;;;;;;;;;
;;;;;;;;;;
;;;;;;;;;;
;;;;;;;;;;
;;;;;;;;;;
;;;;;;;;;;
;;;;;;;;;;
;;;;;;;;;;
;;;;;;;;;;
;;;;;;;;;;
;;;;;;;;;;
;;;;;;;;;;
;;;;;;;;;;
;;;;;;;;;;
;;;;;;;;;;
;;;;;;;;;;
;;;;;;;;;;
;;;;;;;;;;
;;;;;;;;;;
;;;;;;;;;;
;;;;;;;;;;
;;;;;;;;;;
;;;;;;;;;;
;;;;;;;;;;
;;;;;;;;;;
;;;;;;;;;;
;;;;;;;;;;
;;;;;;;;;;
;;;;;;;;;;
;;;;;;;;;;
;;;;;;;;;;
;;;;;;;;;;
;;;;;;;;;;
;;;;;;;;;;
;;;;;;;;;;
;;;;;;;;;;
;;;;;;;;;;
;;;;;;;;;;
;;;;;;;;;;
;;;;;;;;;;
;;;;;;;;;;
;;;;;;;;;;
;;;;;;;;;;
;;;;;;;;;;
;;;;;;;;;;
;;;;;;;;;;
;;;;;;;;;;
;;;;;;;;;;
;;;;;;;;;;
;;;;;;;;;;
;;;;;;;;;;
;;;;;;;;;;
;;;;;;;;;;
;;;;;;;;;;
;;;;;;;;;;
;;;;;;;;;;
;;;;;;;;;;
;;;;;;;;;;
;;;;;;;;;;
;;;;;;;;;;
;;;;;;;;;;
;;;;;;;;;;
;;;;;;;;;;
;;;;;;;;;;
;;;;;;;;;;
;;;;;;;;;;
;;;;;;;;;;
;;;;;;;;;;
;;;;;;;;;;
;;;;;;;;;;
;;;;;;;;;;
;;;;;;;;;;
;;;;;;;;;;
;;;;;;;;;;
;;;;;;;;;;
;;;;;;;;;;
;;;;;;;;;;
;;;;;;;;;;
;;;;;;;;;;
;;;;;;;;;;
;;;;;;;;;;
;;;;;;;;;;
;;;;;;;;;;
;;;;;;;;;;
;;;;;;;;;;
;;;;;;;;;;
;;;;;;;;;;
;;;;;;;;;;
;;;;;;;;;;
;;;;;;;;;;
;;;;;;;;;;
;;;;;;;;;;
;;;;;;;;;;
;;;;;;;;;;
;;;;;;;;;;
;;;;;;;;;;
;;;;;;;;;;
;;;;;;;;;;
;;;;;;;;;;
;;;;;;;;;;
;;;;;;;;;;
;;;;;;;;;;
;;;;;;;;;;
;;;;;;;;;;
;;;;;;;;;;
;;;;;;;;;;
;;;;;;;;;;
;;;;;;;;;;
;;;;;;;;;;
;;;;;;;;;;
;;;;;;;;;;
;;;;;;;;;;
;;;;;;;;;;
;;;;;;;;;;
;;;;;;;;;;
;;;;;;;;;;
;;;;;;;;;;
;;;;;;;;;;
;;;;;;;;;;
;;;;;;;;;;
;;;;;;;;;;
;;;;;;;;;;
;;;;;;;;;;
;;;;;;;;;;
;;;;;;;;;;
;;;;;;;;;;
;;;;;;;;;;
;;;;;;;;;;
;;;;;;;;;;
;;;;;;;;;;
;;;;;;;;;;
;;;;;;;;;;
;;;;;;;;;;
;;;;;;;;;;
;;;;;;;;;;
;;;;;;;;;;
;;;;;;;;;;
;;;;;;;;;;
;;;;;;;;;;
;;;;;;;;;;
;;;;;;;;;;
;;;;;;;;;;
;;;;;;;;;;
;;;;;;;;;;
;;;;;;;;;;
;;;;;;;;;;
;;;;;;;;;;
;;;;;;;;;;
;;;;;;;;;;
;;;;;;;;;;
;;;;;;;;;;
;;;;;;;;;;
;;;;;;;;;;
;;;;;;;;;;
;;;;;;;;;;
;;;;;;;;;;
;;;;;;;;;;
;;;;;;;;;;
;;;;;;;;;;
;;;;;;;;;;
;;;;;;;;;;
;;;;;;;;;;
;;;;;;;;;;
;;;;;;;;;;
;;;;;;;;;;
;;;;;;;;;;
;;;;;;;;;;
;;;;;;;;;;
;;;;;;;;;;
;;;;;;;;;;
;;;;;;;;;;
;;;;;;;;;;
;;;;;;;;;;
;;;;;;;;;;
;;;;;;;;;;
;;;;;;;;;;
;;;;;;;;;;
;;;;;;;;;;
;;;;;;;;;;
;;;;;;;;;;
;;;;;;;;;;
;;;;;;;;;;
;;;;;;;;;;
;;;;;;;;;;
;;;;;;;;;;
;;;;;;;;;;
;;;;;;;;;;
;;;;;;;;;;
;;;;;;;;;;
;;;;;;;;;;
;;;;;;;;;;
;;;;;;;;;;
;;;;;;;;;;
;;;;;;;;;;
;;;;;;;;;;
;;;;;;;;;;
;;;;;;;;;;
;;;;;;;;;;
;;;;;;;;;;
;;;;;;;;;;
;;;;;;;;;;
;;;;;;;;;;
;;;;;;;;;;
;;;;;;;;;;
;;;;;;;;;;
;;;;;;;;;;
;;;;;;;;;;
;;;;;;;;;;
;;;;;;;;;;
;;;;;;;;;;
;;;;;;;;;;
;;;;;;;;;;
;;;;;;;;;;
;;;;;;;;;;
;;;;;;;;;;
;;;;;;;;;;
;;;;;;;;;;
;;;;;;;;;;
;;;;;;;;;;
;;;;;;;;;;
;;;;;;;;;;
;;;;;;;;;;
;;;;;;;;;;
;;;;;;;;;;
;;;;;;;;;;
;;;;;;;;;;
;;;;;;;;;;
;;;;;;;;;;
;;;;;;;;;;
;;;;;;;;;;
;;;;;;;;;;
;;;;;;;;;;
;;;;;;;;;;
;;;;;;;;;;
;;;;;;;;;;
;;;;;;;;;;
;;;;;;;;;;
;;;;;;;;;;
;;;;;;;;;;
;;;;;;;;;;
;;;;;;;;;;
;;;;;;;;;;
;;;;;;;;;;
;;;;;;;;;;
;;;;;;;;;;
;;;;;;;;;;
;;;;;;;;;;
;;;;;;;;;;
;;;;;;;;;;
;;;;;;;;;;
;;;;;;;;;;
;;;;;;;;;;
;;;;;;;;;;
;;;;;;;;;;
;;;;;;;;;;
;;;;;;;;;;
;;;;;;;;;;
;;;;;;;;;;
;;;;;;;;;;
;;;;;;;;;;
;;;;;;;;;;
;;;;;;;;;;
;;;;;;;;;;
;;;;;;;;;;
;;;;;;;;;;
;;;;;;;;;;
;;;;;;;;;;
;;;;;;;;;;
;;;;;;;;;;
;;;;;;;;;;
;;;;;;;;;;
;;;;;;;;;;
;;;;;;;;;;
;;;;;;;;;;
;;;;;;;;;;
;;;;;;;;;;
;;;;;;;;;;
;;;;;;;;;;
;;;;;;;;;;
;;;;;;;;;;
;;;;;;;;;;
;;;;;;;;;;
;;;;;;;;;;
;;;;;;;;;;
;;;;;;;;;;
;;;;;;;;;;
;;;;;;;;;;
;;;;;;;;;;
;;;;;;;;;;
;;;;;;;;;;
;;;;;;;;;;
;;;;;;;;;;
;;;;;;;;;;
;;;;;;;;;;
;;;;;;;;;;
;;;;;;;;;;
;;;;;;;;;;
;;;;;;;;;;
;;;;;;;;;;
;;;;;;;;;;
;;;;;;;;;;
;;;;;;;;;;
;;;;;;;;;;
;;;;;;;;;;
;;;;;;;;;;
;;;;;;;;;;
;;;;;;;;;;
;;;;;;;;;;
;;;;;;;;;;
;;;;;;;;;;
;;;;;;;;;;
;;;;;;;;;;
;;;;;;;;;;
;;;;;;;;;;
;;;;;;;;;;
;;;;;;;;;;
;;;;;;;;;;
;;;;;;;;;;
;;;;;;;;;;
;;;;;;;;;;
;;;;;;;;;;
;;;;;;;;;;
;;;;;;;;;;
;;;;;;;;;;
;;;;;;;;;;
;;;;;;;;;;
;;;;;;;;;;
;;;;;;;;;;
;;;;;;;;;;
;;;;;;;;;;
;;;;;;;;;;
;;;;;;;;;;
;;;;;;;;;;
;;;;;;;;;;
;;;;;;;;;;
;;;;;;;;;;
;;;;;;;;;;
;;;;;;;;;;
;;;;;;;;;;
;;;;;;;;;;
;;;;;;;;;;
;;;;;;;;;;
;;;;;;;;;;
;;;;;;;;;;
;;;;;;;;;;
;;;;;;;;;;
;;;;;;;;;;
;;;;;;;;;;
;;;;;;;;;;
;;;;;;;;;;
;;;;;;;;;;
;;;;;;;;;;
;;;;;;;;;;
;;;;;;;;;;
;;;;;;;;;;
;;;;;;;;;;
;;;;;;;;;;
;;;;;;;;;;
;;;;;;;;;;
;;;;;;;;;;
;;;;;;;;;;
;;;;;;;;;;
;;;;;;;;;;
;;;;;;;;;;
;;;;;;;;;;
;;;;;;;;;;
;;;;;;;;;;
;;;;;;;;;;
;;;;;;;;;;
;;;;;;;;;;
