tahun;Kode_Subunit;Nama_Subunit;Kode_Subgiat;Nama_Subgiat;Kode_Skpd;Nama_Skpd;Kode_Rekening;Nama_Rekening;Realisasi;Anggaran
2026;1.05.0.00.0.00.02.0000;BADAN PENANGGULANGAN BENCANA DAERAH;1.05.01.2.01.0001;Penyusunan Dokumen Perencanaan Perangkat Daerah;1.05.0.00.0.00.02.0000;BADAN PENANGGULANGAN BENCANA DAERAH;5.1.02.01.001.00052;Belanja Makanan dan Minuman Rapat;0;1000000
2026;1.05.0.00.0.00.02.0000;BADAN PENANGGULANGAN BENCANA DAERAH;1.05.01.2.01.0002;Koordinasi dan Penyusunan Dokumen RKA-SKPD;1.05.0.00.0.00.02.0000;BADAN PENANGGULANGAN BENCANA DAERAH;5.1.02.01.001.00052;Belanja Makanan dan Minuman Rapat;0;1000000
2026;1.05.0.00.0.00.02.0000;BADAN PENANGGULANGAN BENCANA DAERAH;1.05.01.2.01.0006;Koordinasi dan Penyusunan Laporan Capaian Kinerja dan Ikhtisar Realisasi Kinerja SKPD;1.05.0.00.0.00.02.0000;BADAN PENANGGULANGAN BENCANA DAERAH;5.1.02.01.001.00052;Belanja Makanan dan Minuman Rapat;0;1000000
2026;1.05.0.00.0.00.02.0000;BADAN PENANGGULANGAN BENCANA DAERAH;1.05.01.2.01.0007;Evaluasi Kinerja Perangkat Daerah;1.05.0.00.0.00.02.0000;BADAN PENANGGULANGAN BENCANA DAERAH;5.1.02.01.001.00052;Belanja Makanan dan Minuman Rapat;0;1000000
2026;1.05.0.00.0.00.02.0000;BADAN PENANGGULANGAN BENCANA DAERAH;1.05.01.2.02.0001;Penyediaan Gaji dan Tunjangan ASN;1.05.0.00.0.00.02.0000;BADAN PENANGGULANGAN BENCANA DAERAH;5.1.01.01.001.00001;Belanja Gaji Pokok PNS;710506650;1218170771
2026;1.05.0.00.0.00.02.0000;BADAN PENANGGULANGAN BENCANA DAERAH;1.05.01.2.02.0001;Penyediaan Gaji dan Tunjangan ASN;1.05.0.00.0.00.02.0000;BADAN PENANGGULANGAN BENCANA DAERAH;5.1.01.01.001.00002;Belanja Gaji Pokok PPPK;672671148;1183474000
2026;1.05.0.00.0.00.02.0000;BADAN PENANGGULANGAN BENCANA DAERAH;1.05.01.2.02.0001;Penyediaan Gaji dan Tunjangan ASN;1.05.0.00.0.00.02.0000;BADAN PENANGGULANGAN BENCANA DAERAH;5.1.01.01.002.00001;Belanja Tunjangan Keluarga PNS;53783342;113049451
2026;1.05.0.00.0.00.02.0000;BADAN PENANGGULANGAN BENCANA DAERAH;1.05.01.2.02.0001;Penyediaan Gaji dan Tunjangan ASN;1.05.0.00.0.00.02.0000;BADAN PENANGGULANGAN BENCANA DAERAH;5.1.01.01.002.00002;Belanja Tunjangan Keluarga PPPK;60093936;106375316
2026;1.05.0.00.0.00.02.0000;BADAN PENANGGULANGAN BENCANA DAERAH;1.05.01.2.02.0001;Penyediaan Gaji dan Tunjangan ASN;1.05.0.00.0.00.02.0000;BADAN PENANGGULANGAN BENCANA DAERAH;5.1.01.01.003.00001;Belanja Tunjangan Jabatan PNS;72300000;155051750
2026;1.05.0.00.0.00.02.0000;BADAN PENANGGULANGAN BENCANA DAERAH;1.05.01.2.02.0001;Penyediaan Gaji dan Tunjangan ASN;1.05.0.00.0.00.02.0000;BADAN PENANGGULANGAN BENCANA DAERAH;5.1.01.01.005.00001;Belanja Tunjangan Fungsional Umum PNS;14805000;23673750
2026;1.05.0.00.0.00.02.0000;BADAN PENANGGULANGAN BENCANA DAERAH;1.05.01.2.02.0001;Penyediaan Gaji dan Tunjangan ASN;1.05.0.00.0.00.02.0000;BADAN PENANGGULANGAN BENCANA DAERAH;5.1.01.01.005.00002;Belanja Tunjangan Fungsional Umum PPPK;44393328;78264250
2026;1.05.0.00.0.00.02.0000;BADAN PENANGGULANGAN BENCANA DAERAH;1.05.01.2.02.0001;Penyediaan Gaji dan Tunjangan ASN;1.05.0.00.0.00.02.0000;BADAN PENANGGULANGAN BENCANA DAERAH;5.1.01.01.006.00001;Belanja Tunjangan Beras PNS;31864800;59134551
2026;1.05.0.00.0.00.02.0000;BADAN PENANGGULANGAN BENCANA DAERAH;1.05.01.2.02.0001;Penyediaan Gaji dan Tunjangan ASN;1.05.0.00.0.00.02.0000;BADAN PENANGGULANGAN BENCANA DAERAH;5.1.01.01.006.00002;Belanja Tunjangan Beras PPPK;48261895;85216614
2026;1.05.0.00.0.00.02.0000;BADAN PENANGGULANGAN BENCANA DAERAH;1.05.01.2.02.0001;Penyediaan Gaji dan Tunjangan ASN;1.05.0.00.0.00.02.0000;BADAN PENANGGULANGAN BENCANA DAERAH;5.1.01.01.007.00001;Belanja Tunjangan PPh/Tunjangan Khusus PNS;1939206;17442908
2026;1.05.0.00.0.00.02.0000;BADAN PENANGGULANGAN BENCANA DAERAH;1.05.01.2.02.0001;Penyediaan Gaji dan Tunjangan ASN;1.05.0.00.0.00.02.0000;BADAN PENANGGULANGAN BENCANA DAERAH;5.1.01.01.008.00001;Belanja Pembulatan Gaji PNS;10723;21183
2026;1.05.0.00.0.00.02.0000;BADAN PENANGGULANGAN BENCANA DAERAH;1.05.01.2.02.0001;Penyediaan Gaji dan Tunjangan ASN;1.05.0.00.0.00.02.0000;BADAN PENANGGULANGAN BENCANA DAERAH;5.1.01.01.008.00002;Belanja Pembulatan Gaji PPPK;14186;26386
2026;1.05.0.00.0.00.02.0000;BADAN PENANGGULANGAN BENCANA DAERAH;1.05.01.2.02.0001;Penyediaan Gaji dan Tunjangan ASN;1.05.0.00.0.00.02.0000;BADAN PENANGGULANGAN BENCANA DAERAH;5.1.01.01.009.00001;Belanja Iuran Jaminan Kesehatan PNS;37083587;131155137
2026;1.05.0.00.0.00.02.0000;BADAN PENANGGULANGAN BENCANA DAERAH;1.05.01.2.02.0001;Penyediaan Gaji dan Tunjangan ASN;1.05.0.00.0.00.02.0000;BADAN PENANGGULANGAN BENCANA DAERAH;5.1.01.01.009.00002;Belanja Iuran Jaminan Kesehatan PPPK;26682466;54719650
2026;1.05.0.00.0.00.02.0000;BADAN PENANGGULANGAN BENCANA DAERAH;1.05.01.2.02.0001;Penyediaan Gaji dan Tunjangan ASN;1.05.0.00.0.00.02.0000;BADAN PENANGGULANGAN BENCANA DAERAH;5.1.01.01.010.00001;Belanja Iuran Jaminan Kecelakaan Kerja PNS;1335911;3430296
2026;1.05.0.00.0.00.02.0000;BADAN PENANGGULANGAN BENCANA DAERAH;1.05.01.2.02.0001;Penyediaan Gaji dan Tunjangan ASN;1.05.0.00.0.00.02.0000;BADAN PENANGGULANGAN BENCANA DAERAH;5.1.01.01.010.00002;Belanja Iuran Jaminan Kecelakaan Kerja PPPK;1385538;2931011
2026;1.05.0.00.0.00.02.0000;BADAN PENANGGULANGAN BENCANA DAERAH;1.05.01.2.02.0001;Penyediaan Gaji dan Tunjangan ASN;1.05.0.00.0.00.02.0000;BADAN PENANGGULANGAN BENCANA DAERAH;5.1.01.01.011.00001;Belanja Iuran Jaminan Kematian PNS;4007756;10290893
2026;1.05.0.00.0.00.02.0000;BADAN PENANGGULANGAN BENCANA DAERAH;1.05.01.2.02.0001;Penyediaan Gaji dan Tunjangan ASN;1.05.0.00.0.00.02.0000;BADAN PENANGGULANGAN BENCANA DAERAH;5.1.01.01.011.00002;Belanja Iuran Jaminan Kematian PPPK;4156404;8370502
2026;1.05.0.00.0.00.02.0000;BADAN PENANGGULANGAN BENCANA DAERAH;1.05.01.2.02.0001;Penyediaan Gaji dan Tunjangan ASN;1.05.0.00.0.00.02.0000;BADAN PENANGGULANGAN BENCANA DAERAH;5.1.01.01.012.00001;Belanja Iuran Simpanan Peserta Tabungan Perumahan Rakyat PNS;0;6090853
2026;1.05.0.00.0.00.02.0000;BADAN PENANGGULANGAN BENCANA DAERAH;1.05.01.2.02.0001;Penyediaan Gaji dan Tunjangan ASN;1.05.0.00.0.00.02.0000;BADAN PENANGGULANGAN BENCANA DAERAH;5.1.01.02.001.00001;Tambahan Penghasilan berdasarkan Beban Kerja PNS;342599459;784193679
2026;1.05.0.00.0.00.02.0000;BADAN PENANGGULANGAN BENCANA DAERAH;1.05.01.2.02.0001;Penyediaan Gaji dan Tunjangan ASN;1.05.0.00.0.00.02.0000;BADAN PENANGGULANGAN BENCANA DAERAH;5.1.01.02.003.00001;Tambahan Penghasilan berdasarkan Kondisi Kerja PNS;2720000;30286667
2026;1.05.0.00.0.00.02.0000;BADAN PENANGGULANGAN BENCANA DAERAH;1.05.01.2.02.0001;Penyediaan Gaji dan Tunjangan ASN;1.05.0.00.0.00.02.0000;BADAN PENANGGULANGAN BENCANA DAERAH;5.1.02.02.001.00080;Belanja Honorarium Penanggungjawaban Pengelola Keuangan;12835000;35160000
2026;1.05.0.00.0.00.02.0000;BADAN PENANGGULANGAN BENCANA DAERAH;1.05.01.2.02.0003;Pelaksanaan Penatausahaan dan Pengujian/Verifikasi Keuangan SKPD;1.05.0.00.0.00.02.0000;BADAN PENANGGULANGAN BENCANA DAERAH;5.1.02.01.001.00052;Belanja Makanan dan Minuman Rapat;0;1000000
2026;1.05.0.00.0.00.02.0000;BADAN PENANGGULANGAN BENCANA DAERAH;1.05.01.2.02.0005;Koordinasi dan Penyusunan Laporan Keuangan Akhir Tahun SKPD;1.05.0.00.0.00.02.0000;BADAN PENANGGULANGAN BENCANA DAERAH;5.1.02.01.001.00052;Belanja Makanan dan Minuman Rapat;0;1000000
2026;1.05.0.00.0.00.02.0000;BADAN PENANGGULANGAN BENCANA DAERAH;1.05.01.2.02.0007;Koordinasi dan Penyusunan Laporan Keuangan Bulanan/ Triwulanan/ Semesteran SKPD;1.05.0.00.0.00.02.0000;BADAN PENANGGULANGAN BENCANA DAERAH;5.1.02.01.001.00052;Belanja Makanan dan Minuman Rapat;0;1000000
2026;1.05.0.00.0.00.02.0000;BADAN PENANGGULANGAN BENCANA DAERAH;1.05.01.2.06.0001;Penyediaan Komponen Instalasi Listrik/Penerangan Bangunan Kantor;1.05.0.00.0.00.02.0000;BADAN PENANGGULANGAN BENCANA DAERAH;5.1.02.01.001.00031;Belanja Alat/Bahan untuk Kegiatan Kantor-Alat Listrik;564435;604000
2026;1.05.0.00.0.00.02.0000;BADAN PENANGGULANGAN BENCANA DAERAH;1.05.01.2.06.0004;Penyediaan Bahan Logistik Kantor;1.05.0.00.0.00.02.0000;BADAN PENANGGULANGAN BENCANA DAERAH;5.1.02.01.001.00024;Belanja Alat/Bahan untuk Kegiatan Kantor-Alat Tulis Kantor;1400210;4384650
2026;1.05.0.00.0.00.02.0000;BADAN PENANGGULANGAN BENCANA DAERAH;1.05.01.2.06.0004;Penyediaan Bahan Logistik Kantor;1.05.0.00.0.00.02.0000;BADAN PENANGGULANGAN BENCANA DAERAH;5.1.02.01.001.00025;Belanja Alat/Bahan untuk Kegiatan Kantor- Kertas dan Cover;6590625;6952500
2026;1.05.0.00.0.00.02.0000;BADAN PENANGGULANGAN BENCANA DAERAH;1.05.01.2.06.0004;Penyediaan Bahan Logistik Kantor;1.05.0.00.0.00.02.0000;BADAN PENANGGULANGAN BENCANA DAERAH;5.1.02.01.001.00027;Belanja Alat/Bahan untuk Kegiatan Kantor-Benda Pos;500000;570000
2026;1.05.0.00.0.00.02.0000;BADAN PENANGGULANGAN BENCANA DAERAH;1.05.01.2.06.0004;Penyediaan Bahan Logistik Kantor;1.05.0.00.0.00.02.0000;BADAN PENANGGULANGAN BENCANA DAERAH;5.1.02.01.001.00029;Belanja Alat/Bahan untuk Kegiatan Kantor-Bahan Komputer;4447326;5154200
2026;1.05.0.00.0.00.02.0000;BADAN PENANGGULANGAN BENCANA DAERAH;1.05.01.2.06.0004;Penyediaan Bahan Logistik Kantor;1.05.0.00.0.00.02.0000;BADAN PENANGGULANGAN BENCANA DAERAH;5.1.02.01.001.00030;Belanja Alat/Bahan untuk Kegiatan Kantor-Perabot Kantor;1016338;1476500
2026;1.05.0.00.0.00.02.0000;BADAN PENANGGULANGAN BENCANA DAERAH;1.05.01.2.06.0009;Penyelenggaraan Rapat Koordinasi dan Konsultasi SKPD;1.05.0.00.0.00.02.0000;BADAN PENANGGULANGAN BENCANA DAERAH;5.1.02.01.001.00004;Belanja Bahan-Bahan Bakar dan Pelumas;0;0
2026;1.05.0.00.0.00.02.0000;BADAN PENANGGULANGAN BENCANA DAERAH;1.05.01.2.06.0009;Penyelenggaraan Rapat Koordinasi dan Konsultasi SKPD;1.05.0.00.0.00.02.0000;BADAN PENANGGULANGAN BENCANA DAERAH;5.1.02.01.001.00053;Belanja Makanan dan Minuman Jamuan Tamu;0;4179500
2026;1.05.0.00.0.00.02.0000;BADAN PENANGGULANGAN BENCANA DAERAH;1.05.01.2.06.0009;Penyelenggaraan Rapat Koordinasi dan Konsultasi SKPD;1.05.0.00.0.00.02.0000;BADAN PENANGGULANGAN BENCANA DAERAH;5.1.02.04.001.00001;Belanja Perjalanan Dinas Biasa;17916475;33250000
2026;1.05.0.00.0.00.02.0000;BADAN PENANGGULANGAN BENCANA DAERAH;1.05.01.2.06.0009;Penyelenggaraan Rapat Koordinasi dan Konsultasi SKPD;1.05.0.00.0.00.02.0000;BADAN PENANGGULANGAN BENCANA DAERAH;5.1.02.04.001.00003;Belanja Perjalanan Dinas Dalam Kota;418000;6048000
2026;1.05.0.00.0.00.02.0000;BADAN PENANGGULANGAN BENCANA DAERAH;1.05.01.2.08.0002;Penyediaan Jasa Komunikasi, Sumber Daya Air dan Listrik;1.05.0.00.0.00.02.0000;BADAN PENANGGULANGAN BENCANA DAERAH;5.1.02.02.001.00059;Belanja Tagihan Telepon;3318270;12000000
2026;1.05.0.00.0.00.02.0000;BADAN PENANGGULANGAN BENCANA DAERAH;1.05.01.2.08.0002;Penyediaan Jasa Komunikasi, Sumber Daya Air dan Listrik;1.05.0.00.0.00.02.0000;BADAN PENANGGULANGAN BENCANA DAERAH;5.1.02.02.001.00060;Belanja Tagihan Air;2775500;4800000
2026;1.05.0.00.0.00.02.0000;BADAN PENANGGULANGAN BENCANA DAERAH;1.05.01.2.08.0002;Penyediaan Jasa Komunikasi, Sumber Daya Air dan Listrik;1.05.0.00.0.00.02.0000;BADAN PENANGGULANGAN BENCANA DAERAH;5.1.02.02.001.00061;Belanja Tagihan Listrik;13776197;25741064
2026;1.05.0.00.0.00.02.0000;BADAN PENANGGULANGAN BENCANA DAERAH;1.05.01.2.08.0004;Penyediaan Jasa Pelayanan Umum Kantor;1.05.0.00.0.00.02.0000;BADAN PENANGGULANGAN BENCANA DAERAH;5.1.02.02.001.00030;Belanja Jasa Tenaga Kebersihan;18027764;35930316
2026;1.05.0.00.0.00.02.0000;BADAN PENANGGULANGAN BENCANA DAERAH;1.05.01.2.08.0004;Penyediaan Jasa Pelayanan Umum Kantor;1.05.0.00.0.00.02.0000;BADAN PENANGGULANGAN BENCANA DAERAH;5.1.02.02.001.00086;Belanja jasa Pegawai Pemerintah dengan Perjanjian Kerja (PPPK) Paruh Waktu pada jabatan tenaga tekni;6150000;12300000
2026;1.05.0.00.0.00.02.0000;BADAN PENANGGULANGAN BENCANA DAERAH;1.05.01.2.08.0004;Penyediaan Jasa Pelayanan Umum Kantor;1.05.0.00.0.00.02.0000;BADAN PENANGGULANGAN BENCANA DAERAH;5.1.02.02.002.00006;Belanja Iuran Jaminan Kecelakaan Kerja bagi Non ASN;0;61332
2026;1.05.0.00.0.00.02.0000;BADAN PENANGGULANGAN BENCANA DAERAH;1.05.01.2.08.0004;Penyediaan Jasa Pelayanan Umum Kantor;1.05.0.00.0.00.02.0000;BADAN PENANGGULANGAN BENCANA DAERAH;5.1.02.02.002.00007;Belanja Iuran Jaminan Kematian bagi Non ASN;0;76668
2026;1.05.0.00.0.00.02.0000;BADAN PENANGGULANGAN BENCANA DAERAH;1.05.01.2.08.0004;Penyediaan Jasa Pelayanan Umum Kantor;1.05.0.00.0.00.02.0000;BADAN PENANGGULANGAN BENCANA DAERAH;5.1.02.02.002.00017;Belanja Iuran Jaminan Kesehatan bagi PPPK Paruh Waktu pada Jabatan Tenaga Teknis;0;1018544
2026;1.05.0.00.0.00.02.0000;BADAN PENANGGULANGAN BENCANA DAERAH;1.05.01.2.09.0002;Penyediaan Jasa Pemeliharaan, Biaya Pemeliharaan, Pajak dan Perizinan Kendaraan Dinas Operasional atau Lapangan;1.05.0.00.0.00.02.0000;BADAN PENANGGULANGAN BENCANA DAERAH;5.1.02.03.002.00035;Belanja Pemeliharaan Alat Angkutan-Alat Angkutan Darat Bermotor-Kendaraan Dinas Bermotor Perorangan;2590200;20000000
2026;1.05.0.00.0.00.02.0000;BADAN PENANGGULANGAN BENCANA DAERAH;1.05.01.2.09.0002;Penyediaan Jasa Pemeliharaan, Biaya Pemeliharaan, Pajak dan Perizinan Kendaraan Dinas Operasional atau Lapangan;1.05.0.00.0.00.02.0000;BADAN PENANGGULANGAN BENCANA DAERAH;5.1.02.03.002.00043;Belanja Pemeliharaan Alat Angkutan-Alat Angkutan Darat Bermotor-Alat Angkutan Darat Bermotor Lainnya;38070400;84500000
2026;1.05.0.00.0.00.02.0000;BADAN PENANGGULANGAN BENCANA DAERAH;1.05.01.2.09.0006;Pemeliharaan Peralatan dan Mesin Lainnya;1.05.0.00.0.00.02.0000;BADAN PENANGGULANGAN BENCANA DAERAH;5.1.02.03.002.00056;Belanja Pemeliharaan Alat Angkutan-Alat Angkutan Apung Tak Bermotor-Alat Angkutan Apung Tak Bermotor;129000;10500000
2026;1.05.0.00.0.00.02.0000;BADAN PENANGGULANGAN BENCANA DAERAH;1.05.01.2.09.0006;Pemeliharaan Peralatan dan Mesin Lainnya;1.05.0.00.0.00.02.0000;BADAN PENANGGULANGAN BENCANA DAERAH;5.1.02.03.002.00064;Belanja Pemeliharaan Alat Bengkel dan Alat Ukur-Alat Bengkel Bermesin-Perkakas Bengkel Kayu;1229400;10500000
2026;1.05.0.00.0.00.02.0000;BADAN PENANGGULANGAN BENCANA DAERAH;1.05.01.2.09.0006;Pemeliharaan Peralatan dan Mesin Lainnya;1.05.0.00.0.00.02.0000;BADAN PENANGGULANGAN BENCANA DAERAH;5.1.02.03.002.00121;Belanja Pemeliharaan Alat Kantor dan Rumah Tangga-Alat Rumah Tangga-Alat Pendingin;3496500;5490000
2026;1.05.0.00.0.00.02.0000;BADAN PENANGGULANGAN BENCANA DAERAH;1.05.01.2.09.0006;Pemeliharaan Peralatan dan Mesin Lainnya;1.05.0.00.0.00.02.0000;BADAN PENANGGULANGAN BENCANA DAERAH;5.1.02.03.002.00411;Belanja Pemeliharaan Komputer-Peralatan Komputer-Peralatan Komputer Lainnya;4080000;5600000
2026;1.05.0.00.0.00.02.0000;BADAN PENANGGULANGAN BENCANA DAERAH;1.05.03.2.01.0007;Sosialisasi, Komunikasi, Informasi dan Edukasi (KIE) Rawan Bencana Kabupaten/Kota (Per Jenis Ancaman Bencana);1.05.0.00.0.00.02.0000;BADAN PENANGGULANGAN BENCANA DAERAH;5.1.02.01.001.00004;Belanja Bahan-Bahan Bakar dan Pelumas;0;0
2026;1.05.0.00.0.00.02.0000;BADAN PENANGGULANGAN BENCANA DAERAH;1.05.03.2.01.0007;Sosialisasi, Komunikasi, Informasi dan Edukasi (KIE) Rawan Bencana Kabupaten/Kota (Per Jenis Ancaman Bencana);1.05.0.00.0.00.02.0000;BADAN PENANGGULANGAN BENCANA DAERAH;5.1.02.01.001.00024;Belanja Alat/Bahan untuk Kegiatan Kantor-Alat Tulis Kantor;36563;36600
2026;1.05.0.00.0.00.02.0000;BADAN PENANGGULANGAN BENCANA DAERAH;1.05.03.2.01.0007;Sosialisasi, Komunikasi, Informasi dan Edukasi (KIE) Rawan Bencana Kabupaten/Kota (Per Jenis Ancaman Bencana);1.05.0.00.0.00.02.0000;BADAN PENANGGULANGAN BENCANA DAERAH;5.1.02.01.001.00025;Belanja Alat/Bahan untuk Kegiatan Kantor- Kertas dan Cover;863136;1164800
2026;1.05.0.00.0.00.02.0000;BADAN PENANGGULANGAN BENCANA DAERAH;1.05.03.2.01.0007;Sosialisasi, Komunikasi, Informasi dan Edukasi (KIE) Rawan Bencana Kabupaten/Kota (Per Jenis Ancaman Bencana);1.05.0.00.0.00.02.0000;BADAN PENANGGULANGAN BENCANA DAERAH;5.1.02.04.001.00001;Belanja Perjalanan Dinas Biasa;563500;5847500
2026;1.05.0.00.0.00.02.0000;BADAN PENANGGULANGAN BENCANA DAERAH;1.05.03.2.01.0007;Sosialisasi, Komunikasi, Informasi dan Edukasi (KIE) Rawan Bencana Kabupaten/Kota (Per Jenis Ancaman Bencana);1.05.0.00.0.00.02.0000;BADAN PENANGGULANGAN BENCANA DAERAH;5.1.02.04.001.00003;Belanja Perjalanan Dinas Dalam Kota;0;5040000
2026;1.05.0.00.0.00.02.0000;BADAN PENANGGULANGAN BENCANA DAERAH;1.05.03.2.02.0015;Penyediaan Peralatan Perlindungan dan Kesiapsiagaan Terhadap Bencana kabupaten/kota;1.05.0.00.0.00.02.0000;BADAN PENANGGULANGAN BENCANA DAERAH;5.1.02.01.001.00032;Belanja Alat/Bahan untuk Kegiatan Kantor-Perlengkapan Dinas;0;5577900
2026;1.05.0.00.0.00.02.0000;BADAN PENANGGULANGAN BENCANA DAERAH;1.05.03.2.02.0015;Penyediaan Peralatan Perlindungan dan Kesiapsiagaan Terhadap Bencana kabupaten/kota;1.05.0.00.0.00.02.0000;BADAN PENANGGULANGAN BENCANA DAERAH;5.2.02.02.004.00003;Belanja Modal Alat Angkutan Apung Tak Bermotor Khusus;0;47000000
2026;1.05.0.00.0.00.02.0000;BADAN PENANGGULANGAN BENCANA DAERAH;1.05.03.2.02.0015;Penyediaan Peralatan Perlindungan dan Kesiapsiagaan Terhadap Bencana kabupaten/kota;1.05.0.00.0.00.02.0000;BADAN PENANGGULANGAN BENCANA DAERAH;5.2.02.03.001.00006;Belanja Modal Perkakas Bengkel Kayu;0;32000000
2026;1.05.0.00.0.00.02.0000;BADAN PENANGGULANGAN BENCANA DAERAH;1.05.03.2.02.0015;Penyediaan Peralatan Perlindungan dan Kesiapsiagaan Terhadap Bencana kabupaten/kota;1.05.0.00.0.00.02.0000;BADAN PENANGGULANGAN BENCANA DAERAH;5.2.02.05.002.00003;Belanja Modal Alat Pembersih;0;2875000
2026;1.05.0.00.0.00.02.0000;BADAN PENANGGULANGAN BENCANA DAERAH;1.05.03.2.02.0015;Penyediaan Peralatan Perlindungan dan Kesiapsiagaan Terhadap Bencana kabupaten/kota;1.05.0.00.0.00.02.0000;BADAN PENANGGULANGAN BENCANA DAERAH;5.2.02.05.002.00006;Belanja Modal Alat Rumah Tangga Lainnya (Home Use);0;7950000
2026;1.05.0.00.0.00.02.0000;BADAN PENANGGULANGAN BENCANA DAERAH;1.05.03.2.02.0015;Penyediaan Peralatan Perlindungan dan Kesiapsiagaan Terhadap Bencana kabupaten/kota;1.05.0.00.0.00.02.0000;BADAN PENANGGULANGAN BENCANA DAERAH;5.2.02.05.002.00007;Belanja Modal Alat Pemadam Kebakaran;0;7500000
2026;1.05.0.00.0.00.02.0000;BADAN PENANGGULANGAN BENCANA DAERAH;1.05.03.2.02.0015;Penyediaan Peralatan Perlindungan dan Kesiapsiagaan Terhadap Bencana kabupaten/kota;1.05.0.00.0.00.02.0000;BADAN PENANGGULANGAN BENCANA DAERAH;5.2.02.17.001.00019;Belanja Modal Transport and Storage Equipment for Liquid;0;2000000
2026;1.05.0.00.0.00.02.0000;BADAN PENANGGULANGAN BENCANA DAERAH;1.05.03.2.02.0018;Gladi Kesiapsiagaan Terhadap Bencana kabupaten/kota;1.05.0.00.0.00.02.0000;BADAN PENANGGULANGAN BENCANA DAERAH;5.1.02.01.001.00024;Belanja Alat/Bahan untuk Kegiatan Kantor-Alat Tulis Kantor;1249638;1531800
2026;1.05.0.00.0.00.02.0000;BADAN PENANGGULANGAN BENCANA DAERAH;1.05.03.2.02.0018;Gladi Kesiapsiagaan Terhadap Bencana kabupaten/kota;1.05.0.00.0.00.02.0000;BADAN PENANGGULANGAN BENCANA DAERAH;5.1.02.01.001.00052;Belanja Makanan dan Minuman Rapat;0;3830000
2026;1.05.0.00.0.00.02.0000;BADAN PENANGGULANGAN BENCANA DAERAH;1.05.03.2.02.0026;Pengendalian Operasi dan Penyediaan Sarana Prasarana Kesiapsiagaan Terhadap Bencana Kabupaten/Kota;1.05.0.00.0.00.02.0000;BADAN PENANGGULANGAN BENCANA DAERAH;5.1.02.01.001.00004;Belanja Bahan-Bahan Bakar dan Pelumas;0;0
2026;1.05.0.00.0.00.02.0000;BADAN PENANGGULANGAN BENCANA DAERAH;1.05.03.2.02.0026;Pengendalian Operasi dan Penyediaan Sarana Prasarana Kesiapsiagaan Terhadap Bencana Kabupaten/Kota;1.05.0.00.0.00.02.0000;BADAN PENANGGULANGAN BENCANA DAERAH;5.1.02.01.001.00024;Belanja Alat/Bahan untuk Kegiatan Kantor-Alat Tulis Kantor;1458540;1460000
2026;1.05.0.00.0.00.02.0000;BADAN PENANGGULANGAN BENCANA DAERAH;1.05.03.2.02.0026;Pengendalian Operasi dan Penyediaan Sarana Prasarana Kesiapsiagaan Terhadap Bencana Kabupaten/Kota;1.05.0.00.0.00.02.0000;BADAN PENANGGULANGAN BENCANA DAERAH;5.1.02.01.001.00052;Belanja Makanan dan Minuman Rapat;0;2872500
2026;1.05.0.00.0.00.02.0000;BADAN PENANGGULANGAN BENCANA DAERAH;1.05.03.2.02.0026;Pengendalian Operasi dan Penyediaan Sarana Prasarana Kesiapsiagaan Terhadap Bencana Kabupaten/Kota;1.05.0.00.0.00.02.0000;BADAN PENANGGULANGAN BENCANA DAERAH;5.1.02.04.001.00003;Belanja Perjalanan Dinas Dalam Kota;0;504000
2026;1.05.0.00.0.00.02.0000;BADAN PENANGGULANGAN BENCANA DAERAH;1.05.03.2.02.0028;Pelatihan Pencegahan dan Mitigasi Bencana Kabupaten/Kota;1.05.0.00.0.00.02.0000;BADAN PENANGGULANGAN BENCANA DAERAH;5.1.02.01.001.00004;Belanja Bahan-Bahan Bakar dan Pelumas;0;0
2026;1.05.0.00.0.00.02.0000;BADAN PENANGGULANGAN BENCANA DAERAH;1.05.03.2.02.0028;Pelatihan Pencegahan dan Mitigasi Bencana Kabupaten/Kota;1.05.0.00.0.00.02.0000;BADAN PENANGGULANGAN BENCANA DAERAH;5.1.02.01.001.00024;Belanja Alat/Bahan untuk Kegiatan Kantor-Alat Tulis Kantor;166500;166500
2026;1.05.0.00.0.00.02.0000;BADAN PENANGGULANGAN BENCANA DAERAH;1.05.03.2.02.0028;Pelatihan Pencegahan dan Mitigasi Bencana Kabupaten/Kota;1.05.0.00.0.00.02.0000;BADAN PENANGGULANGAN BENCANA DAERAH;5.1.02.01.001.00052;Belanja Makanan dan Minuman Rapat;0;5594400
2026;1.05.0.00.0.00.02.0000;BADAN PENANGGULANGAN BENCANA DAERAH;1.05.03.2.02.0028;Pelatihan Pencegahan dan Mitigasi Bencana Kabupaten/Kota;1.05.0.00.0.00.02.0000;BADAN PENANGGULANGAN BENCANA DAERAH;5.1.02.02.001.00003;Honorarium Narasumber atau Pembahas, Moderator, Pembawa Acara, dan Panitia;0;9990000
2026;1.05.0.00.0.00.02.0000;BADAN PENANGGULANGAN BENCANA DAERAH;1.05.03.2.02.0028;Pelatihan Pencegahan dan Mitigasi Bencana Kabupaten/Kota;1.05.0.00.0.00.02.0000;BADAN PENANGGULANGAN BENCANA DAERAH;5.1.02.04.001.00001;Belanja Perjalanan Dinas Biasa;0;6290000
2026;1.05.0.00.0.00.02.0000;BADAN PENANGGULANGAN BENCANA DAERAH;1.05.03.2.02.0028;Pelatihan Pencegahan dan Mitigasi Bencana Kabupaten/Kota;1.05.0.00.0.00.02.0000;BADAN PENANGGULANGAN BENCANA DAERAH;5.1.02.04.001.00003;Belanja Perjalanan Dinas Dalam Kota;1055200;5040000
2026;1.05.0.00.0.00.02.0000;BADAN PENANGGULANGAN BENCANA DAERAH;1.05.03.2.03.0002;Respon Cepat Darurat Bencana Kabupaten/Kota;1.05.0.00.0.00.02.0000;BADAN PENANGGULANGAN BENCANA DAERAH;5.1.02.01.001.00004;Belanja Bahan-Bahan Bakar dan Pelumas;0;0
2026;1.05.0.00.0.00.02.0000;BADAN PENANGGULANGAN BENCANA DAERAH;1.05.03.2.03.0002;Respon Cepat Darurat Bencana Kabupaten/Kota;1.05.0.00.0.00.02.0000;BADAN PENANGGULANGAN BENCANA DAERAH;5.1.02.04.001.00003;Belanja Perjalanan Dinas Dalam Kota;1422600;7140000
2026;1.05.0.00.0.00.02.0000;BADAN PENANGGULANGAN BENCANA DAERAH;1.05.03.2.03.0003;Pencarian, Pertolongan dan Evakuasi Korban Bencana Kabupaten/Kota;1.05.0.00.0.00.02.0000;BADAN PENANGGULANGAN BENCANA DAERAH;5.1.02.01.001.00004;Belanja Bahan-Bahan Bakar dan Pelumas;0;0
2026;1.05.0.00.0.00.02.0000;BADAN PENANGGULANGAN BENCANA DAERAH;1.05.03.2.03.0003;Pencarian, Pertolongan dan Evakuasi Korban Bencana Kabupaten/Kota;1.05.0.00.0.00.02.0000;BADAN PENANGGULANGAN BENCANA DAERAH;5.1.02.01.001.00024;Belanja Alat/Bahan untuk Kegiatan Kantor-Alat Tulis Kantor;276000;317400
2026;1.05.0.00.0.00.02.0000;BADAN PENANGGULANGAN BENCANA DAERAH;1.05.03.2.03.0003;Pencarian, Pertolongan dan Evakuasi Korban Bencana Kabupaten/Kota;1.05.0.00.0.00.02.0000;BADAN PENANGGULANGAN BENCANA DAERAH;5.1.02.01.001.00025;Belanja Alat/Bahan untuk Kegiatan Kantor- Kertas dan Cover;888000;1059200
2026;1.05.0.00.0.00.02.0000;BADAN PENANGGULANGAN BENCANA DAERAH;1.05.03.2.03.0003;Pencarian, Pertolongan dan Evakuasi Korban Bencana Kabupaten/Kota;1.05.0.00.0.00.02.0000;BADAN PENANGGULANGAN BENCANA DAERAH;5.1.02.01.001.00029;Belanja Alat/Bahan untuk Kegiatan Kantor-Bahan Komputer;580000;740000
2026;1.05.0.00.0.00.02.0000;BADAN PENANGGULANGAN BENCANA DAERAH;1.05.03.2.03.0003;Pencarian, Pertolongan dan Evakuasi Korban Bencana Kabupaten/Kota;1.05.0.00.0.00.02.0000;BADAN PENANGGULANGAN BENCANA DAERAH;5.1.02.01.001.00058;Belanja Makanan dan Minuman Aktivitas Lapangan;0;4500000
2026;1.05.0.00.0.00.02.0000;BADAN PENANGGULANGAN BENCANA DAERAH;1.05.03.2.03.0003;Pencarian, Pertolongan dan Evakuasi Korban Bencana Kabupaten/Kota;1.05.0.00.0.00.02.0000;BADAN PENANGGULANGAN BENCANA DAERAH;5.1.02.04.001.00001;Belanja Perjalanan Dinas Biasa;2020000;3440000
2026;1.05.0.00.0.00.02.0000;BADAN PENANGGULANGAN BENCANA DAERAH;1.05.03.2.03.0003;Pencarian, Pertolongan dan Evakuasi Korban Bencana Kabupaten/Kota;1.05.0.00.0.00.02.0000;BADAN PENANGGULANGAN BENCANA DAERAH;5.1.02.04.001.00003;Belanja Perjalanan Dinas Dalam Kota;3733200;16800000
2026;1.05.0.00.0.00.02.0000;BADAN PENANGGULANGAN BENCANA DAERAH;1.05.03.2.03.0009;Penyediaan Logistik Penyelamatan dan Evakuasi Korban Bencana Kabupaten/Kota;1.05.0.00.0.00.02.0000;BADAN PENANGGULANGAN BENCANA DAERAH;5.1.02.01.001.00004;Belanja Bahan-Bahan Bakar dan Pelumas;0;0
2026;1.05.0.00.0.00.02.0000;BADAN PENANGGULANGAN BENCANA DAERAH;1.05.03.2.03.0009;Penyediaan Logistik Penyelamatan dan Evakuasi Korban Bencana Kabupaten/Kota;1.05.0.00.0.00.02.0000;BADAN PENANGGULANGAN BENCANA DAERAH;5.1.02.01.001.00024;Belanja Alat/Bahan untuk Kegiatan Kantor-Alat Tulis Kantor;109000;127000
2026;1.05.0.00.0.00.02.0000;BADAN PENANGGULANGAN BENCANA DAERAH;1.05.03.2.03.0009;Penyediaan Logistik Penyelamatan dan Evakuasi Korban Bencana Kabupaten/Kota;1.05.0.00.0.00.02.0000;BADAN PENANGGULANGAN BENCANA DAERAH;5.1.02.01.001.00025;Belanja Alat/Bahan untuk Kegiatan Kantor- Kertas dan Cover;222000;264800
2026;1.05.0.00.0.00.02.0000;BADAN PENANGGULANGAN BENCANA DAERAH;1.05.03.2.03.0009;Penyediaan Logistik Penyelamatan dan Evakuasi Korban Bencana Kabupaten/Kota;1.05.0.00.0.00.02.0000;BADAN PENANGGULANGAN BENCANA DAERAH;5.1.02.01.001.00029;Belanja Alat/Bahan untuk Kegiatan Kantor-Bahan Komputer;290000;370000
2026;1.05.0.00.0.00.02.0000;BADAN PENANGGULANGAN BENCANA DAERAH;1.05.03.2.03.0009;Penyediaan Logistik Penyelamatan dan Evakuasi Korban Bencana Kabupaten/Kota;1.05.0.00.0.00.02.0000;BADAN PENANGGULANGAN BENCANA DAERAH;5.1.02.01.001.00039;Belanja Barang untuk Dijual/Diserahkan kepada Masyarakat;75529950;500000000
2026;1.05.0.00.0.00.02.0000;BADAN PENANGGULANGAN BENCANA DAERAH;1.05.03.2.03.0009;Penyediaan Logistik Penyelamatan dan Evakuasi Korban Bencana Kabupaten/Kota;1.05.0.00.0.00.02.0000;BADAN PENANGGULANGAN BENCANA DAERAH;5.1.02.04.001.00001;Belanja Perjalanan Dinas Biasa;850000;5160000
2026;1.05.0.00.0.00.02.0000;BADAN PENANGGULANGAN BENCANA DAERAH;1.05.03.2.03.0009;Penyediaan Logistik Penyelamatan dan Evakuasi Korban Bencana Kabupaten/Kota;1.05.0.00.0.00.02.0000;BADAN PENANGGULANGAN BENCANA DAERAH;5.1.02.04.001.00003;Belanja Perjalanan Dinas Dalam Kota;1410000;7140000
2026;1.05.0.00.0.00.02.0000;BADAN PENANGGULANGAN BENCANA DAERAH;1.05.03.2.03.0010;Respon Cepat Bencana Non Alam Epidemi/Wabah Penyakit;1.05.0.00.0.00.02.0000;BADAN PENANGGULANGAN BENCANA DAERAH;5.1.02.01.001.00052;Belanja Makanan dan Minuman Rapat;0;1250000
2026;1.05.0.00.0.00.02.0000;BADAN PENANGGULANGAN BENCANA DAERAH;1.05.03.2.03.0012;Aktivasi Sistem Komando Penanganan Darurat Bencana;1.05.0.00.0.00.02.0000;BADAN PENANGGULANGAN BENCANA DAERAH;5.1.02.01.001.00052;Belanja Makanan dan Minuman Rapat;0;1250000
2026;1.05.0.00.0.00.02.0000;BADAN PENANGGULANGAN BENCANA DAERAH;1.05.03.2.04.0004;Pengelolaan dan Pemanfaatan Sistem Informasi Kebencanaan;1.05.0.00.0.00.02.0000;BADAN PENANGGULANGAN BENCANA DAERAH;5.1.02.01.001.00004;Belanja Bahan-Bahan Bakar dan Pelumas;0;0
2026;1.05.0.00.0.00.02.0000;BADAN PENANGGULANGAN BENCANA DAERAH;1.05.03.2.04.0004;Pengelolaan dan Pemanfaatan Sistem Informasi Kebencanaan;1.05.0.00.0.00.02.0000;BADAN PENANGGULANGAN BENCANA DAERAH;5.1.02.01.001.00024;Belanja Alat/Bahan untuk Kegiatan Kantor-Alat Tulis Kantor;480000;480000
2026;1.05.0.00.0.00.02.0000;BADAN PENANGGULANGAN BENCANA DAERAH;1.05.03.2.04.0004;Pengelolaan dan Pemanfaatan Sistem Informasi Kebencanaan;1.05.0.00.0.00.02.0000;BADAN PENANGGULANGAN BENCANA DAERAH;5.1.02.01.001.00025;Belanja Alat/Bahan untuk Kegiatan Kantor- Kertas dan Cover;52900;244200
2026;1.05.0.00.0.00.02.0000;BADAN PENANGGULANGAN BENCANA DAERAH;1.05.03.2.04.0004;Pengelolaan dan Pemanfaatan Sistem Informasi Kebencanaan;1.05.0.00.0.00.02.0000;BADAN PENANGGULANGAN BENCANA DAERAH;5.1.02.01.001.00029;Belanja Alat/Bahan untuk Kegiatan Kantor-Bahan Komputer;321900;321900
2026;1.05.0.00.0.00.02.0000;BADAN PENANGGULANGAN BENCANA DAERAH;1.05.03.2.04.0004;Pengelolaan dan Pemanfaatan Sistem Informasi Kebencanaan;1.05.0.00.0.00.02.0000;BADAN PENANGGULANGAN BENCANA DAERAH;5.1.02.04.001.00003;Belanja Perjalanan Dinas Dalam Kota;0;2520000
2026;1.05.0.00.0.00.02.0000;BADAN PENANGGULANGAN BENCANA DAERAH;1.05.03.2.04.0010;Koordinasi penanganan Pascabencana Kabupaten/Kota;1.05.0.00.0.00.02.0000;BADAN PENANGGULANGAN BENCANA DAERAH;5.1.02.01.001.00004;Belanja Bahan-Bahan Bakar dan Pelumas;0;0
2026;1.05.0.00.0.00.02.0000;BADAN PENANGGULANGAN BENCANA DAERAH;1.05.03.2.04.0010;Koordinasi penanganan Pascabencana Kabupaten/Kota;1.05.0.00.0.00.02.0000;BADAN PENANGGULANGAN BENCANA DAERAH;5.1.02.01.001.00024;Belanja Alat/Bahan untuk Kegiatan Kantor-Alat Tulis Kantor;1548000;1549900
2026;1.05.0.00.0.00.02.0000;BADAN PENANGGULANGAN BENCANA DAERAH;1.05.03.2.04.0010;Koordinasi penanganan Pascabencana Kabupaten/Kota;1.05.0.00.0.00.02.0000;BADAN PENANGGULANGAN BENCANA DAERAH;5.1.02.01.001.00025;Belanja Alat/Bahan untuk Kegiatan Kantor- Kertas dan Cover;1123500;1404500
2026;1.05.0.00.0.00.02.0000;BADAN PENANGGULANGAN BENCANA DAERAH;1.05.03.2.04.0010;Koordinasi penanganan Pascabencana Kabupaten/Kota;1.05.0.00.0.00.02.0000;BADAN PENANGGULANGAN BENCANA DAERAH;5.1.02.01.001.00029;Belanja Alat/Bahan untuk Kegiatan Kantor-Bahan Komputer;799800;822400
2026;1.05.0.00.0.00.02.0000;BADAN PENANGGULANGAN BENCANA DAERAH;1.05.03.2.04.0010;Koordinasi penanganan Pascabencana Kabupaten/Kota;1.05.0.00.0.00.02.0000;BADAN PENANGGULANGAN BENCANA DAERAH;5.1.02.01.001.00052;Belanja Makanan dan Minuman Rapat;0;2681000
2026;1.05.0.00.0.00.02.0000;BADAN PENANGGULANGAN BENCANA DAERAH;1.05.03.2.04.0010;Koordinasi penanganan Pascabencana Kabupaten/Kota;1.05.0.00.0.00.02.0000;BADAN PENANGGULANGAN BENCANA DAERAH;5.1.02.04.001.00001;Belanja Perjalanan Dinas Biasa;8350226;14492500
2026;1.05.0.00.0.00.02.0000;BADAN PENANGGULANGAN BENCANA DAERAH;1.05.03.2.04.0010;Koordinasi penanganan Pascabencana Kabupaten/Kota;1.05.0.00.0.00.02.0000;BADAN PENANGGULANGAN BENCANA DAERAH;5.1.02.04.001.00003;Belanja Perjalanan Dinas Dalam Kota;0;420000
2026;2.09.3.25.0.00.01.0000;DINAS PANGAN DAN PERIKANAN;2.09.01.2.01.0001;Penyusunan Dokumen Perencanaan Perangkat Daerah;2.09.3.25.0.00.01.0000;DINAS PANGAN DAN PERIKANAN;5.1.02.01.001.00052;Belanja Makanan dan Minuman Rapat;159600;359100
2026;2.09.3.25.0.00.01.0000;DINAS PANGAN DAN PERIKANAN;2.09.01.2.01.0001;Penyusunan Dokumen Perencanaan Perangkat Daerah;2.09.3.25.0.00.01.0000;DINAS PANGAN DAN PERIKANAN;5.1.02.04.001.00001;Belanja Perjalanan Dinas Biasa;845000;2920000
2026;2.09.3.25.0.00.01.0000;DINAS PANGAN DAN PERIKANAN;2.09.01.2.01.0001;Penyusunan Dokumen Perencanaan Perangkat Daerah;2.09.3.25.0.00.01.0000;DINAS PANGAN DAN PERIKANAN;5.1.02.04.001.00003;Belanja Perjalanan Dinas Dalam Kota;500000;1596000
2026;2.09.3.25.0.00.01.0000;DINAS PANGAN DAN PERIKANAN;2.09.01.2.02.0001;Penyediaan Gaji dan Tunjangan ASN;2.09.3.25.0.00.01.0000;DINAS PANGAN DAN PERIKANAN;5.1.01.01.001.00001;Belanja Gaji Pokok PNS;981762980;1561066900
2026;2.09.3.25.0.00.01.0000;DINAS PANGAN DAN PERIKANAN;2.09.01.2.02.0001;Penyediaan Gaji dan Tunjangan ASN;2.09.3.25.0.00.01.0000;DINAS PANGAN DAN PERIKANAN;5.1.01.01.001.00002;Belanja Gaji Pokok PPPK;391644972;689917146
2026;2.09.3.25.0.00.01.0000;DINAS PANGAN DAN PERIKANAN;2.09.01.2.02.0001;Penyediaan Gaji dan Tunjangan ASN;2.09.3.25.0.00.01.0000;DINAS PANGAN DAN PERIKANAN;5.1.01.01.002.00001;Belanja Tunjangan Keluarga PNS;87917002;157094013
2026;2.09.3.25.0.00.01.0000;DINAS PANGAN DAN PERIKANAN;2.09.01.2.02.0001;Penyediaan Gaji dan Tunjangan ASN;2.09.3.25.0.00.01.0000;DINAS PANGAN DAN PERIKANAN;5.1.01.01.002.00002;Belanja Tunjangan Keluarga PPPK;32683037;57661859
2026;2.09.3.25.0.00.01.0000;DINAS PANGAN DAN PERIKANAN;2.09.01.2.02.0001;Penyediaan Gaji dan Tunjangan ASN;2.09.3.25.0.00.01.0000;DINAS PANGAN DAN PERIKANAN;5.1.01.01.003.00001;Belanja Tunjangan Jabatan PNS;80445000;140701750
2026;2.09.3.25.0.00.01.0000;DINAS PANGAN DAN PERIKANAN;2.09.01.2.02.0001;Penyediaan Gaji dan Tunjangan ASN;2.09.3.25.0.00.01.0000;DINAS PANGAN DAN PERIKANAN;5.1.01.01.004.00001;Belanja Tunjangan Fungsional PNS;38880000;61992000
2026;2.09.3.25.0.00.01.0000;DINAS PANGAN DAN PERIKANAN;2.09.01.2.02.0001;Penyediaan Gaji dan Tunjangan ASN;2.09.3.25.0.00.01.0000;DINAS PANGAN DAN PERIKANAN;5.1.01.01.005.00001;Belanja Tunjangan Fungsional Umum PNS;17415000;29249000
2026;2.09.3.25.0.00.01.0000;DINAS PANGAN DAN PERIKANAN;2.09.01.2.02.0001;Penyediaan Gaji dan Tunjangan ASN;2.09.3.25.0.00.01.0000;DINAS PANGAN DAN PERIKANAN;5.1.01.01.005.00002;Belanja Tunjangan Fungsional Umum PPPK;26521248;46855520
2026;2.09.3.25.0.00.01.0000;DINAS PANGAN DAN PERIKANAN;2.09.01.2.02.0001;Penyediaan Gaji dan Tunjangan ASN;2.09.3.25.0.00.01.0000;DINAS PANGAN DAN PERIKANAN;5.1.01.01.006.00001;Belanja Tunjangan Beras PNS;49390440;84937797
2026;2.09.3.25.0.00.01.0000;DINAS PANGAN DAN PERIKANAN;2.09.01.2.02.0001;Penyediaan Gaji dan Tunjangan ASN;2.09.3.25.0.00.01.0000;DINAS PANGAN DAN PERIKANAN;5.1.01.01.006.00002;Belanja Tunjangan Beras PPPK;29215435;51961350
2026;2.09.3.25.0.00.01.0000;DINAS PANGAN DAN PERIKANAN;2.09.01.2.02.0001;Penyediaan Gaji dan Tunjangan ASN;2.09.3.25.0.00.01.0000;DINAS PANGAN DAN PERIKANAN;5.1.01.01.007.00001;Belanja Tunjangan PPh/Tunjangan Khusus PNS;5779249;35524004
2026;2.09.3.25.0.00.01.0000;DINAS PANGAN DAN PERIKANAN;2.09.01.2.02.0001;Penyediaan Gaji dan Tunjangan ASN;2.09.3.25.0.00.01.0000;DINAS PANGAN DAN PERIKANAN;5.1.01.01.008.00001;Belanja Pembulatan Gaji PNS;11565;25572
2026;2.09.3.25.0.00.01.0000;DINAS PANGAN DAN PERIKANAN;2.09.01.2.02.0001;Penyediaan Gaji dan Tunjangan ASN;2.09.3.25.0.00.01.0000;DINAS PANGAN DAN PERIKANAN;5.1.01.01.008.00002;Belanja Pembulatan Gaji PPPK;8477;21246
2026;2.09.3.25.0.00.01.0000;DINAS PANGAN DAN PERIKANAN;2.09.01.2.02.0001;Penyediaan Gaji dan Tunjangan ASN;2.09.3.25.0.00.01.0000;DINAS PANGAN DAN PERIKANAN;5.1.01.01.009.00001;Belanja Iuran Jaminan Kesehatan PNS;51604199;141203768
2026;2.09.3.25.0.00.01.0000;DINAS PANGAN DAN PERIKANAN;2.09.01.2.02.0001;Penyediaan Gaji dan Tunjangan ASN;2.09.3.25.0.00.01.0000;DINAS PANGAN DAN PERIKANAN;5.1.01.01.009.00002;Belanja Iuran Jaminan Kesehatan PPPK;15491189;31802495
2026;2.09.3.25.0.00.01.0000;DINAS PANGAN DAN PERIKANAN;2.09.01.2.02.0001;Penyediaan Gaji dan Tunjangan ASN;2.09.3.25.0.00.01.0000;DINAS PANGAN DAN PERIKANAN;5.1.01.01.010.00001;Belanja Iuran Jaminan Kecelakaan Kerja PNS;1815076;3991708
2026;2.09.3.25.0.00.01.0000;DINAS PANGAN DAN PERIKANAN;2.09.01.2.02.0001;Penyediaan Gaji dan Tunjangan ASN;2.09.3.25.0.00.01.0000;DINAS PANGAN DAN PERIKANAN;5.1.01.01.010.00002;Belanja Iuran Jaminan Kecelakaan Kerja PPPK;807730;1710337
2026;2.09.3.25.0.00.01.0000;DINAS PANGAN DAN PERIKANAN;2.09.01.2.02.0001;Penyediaan Gaji dan Tunjangan ASN;2.09.3.25.0.00.01.0000;DINAS PANGAN DAN PERIKANAN;5.1.01.01.011.00001;Belanja Iuran Jaminan Kematian PNS;5445220;11925067
2026;2.09.3.25.0.00.01.0000;DINAS PANGAN DAN PERIKANAN;2.09.01.2.02.0001;Penyediaan Gaji dan Tunjangan ASN;2.09.3.25.0.00.01.0000;DINAS PANGAN DAN PERIKANAN;5.1.01.01.011.00002;Belanja Iuran Jaminan Kematian PPPK;2423064;4923501
2026;2.09.3.25.0.00.01.0000;DINAS PANGAN DAN PERIKANAN;2.09.01.2.02.0001;Penyediaan Gaji dan Tunjangan ASN;2.09.3.25.0.00.01.0000;DINAS PANGAN DAN PERIKANAN;5.1.01.01.012.00001;Belanja Iuran Simpanan Peserta Tabungan Perumahan Rakyat PNS;0;8305335
2026;2.09.3.25.0.00.01.0000;DINAS PANGAN DAN PERIKANAN;2.09.01.2.02.0001;Penyediaan Gaji dan Tunjangan ASN;2.09.3.25.0.00.01.0000;DINAS PANGAN DAN PERIKANAN;5.1.01.01.012.00002;Belanja Iuran Simpanan Peserta Tabungan Perumahan Rakyat PPPK;0;3449586
2026;2.09.3.25.0.00.01.0000;DINAS PANGAN DAN PERIKANAN;2.09.01.2.02.0001;Penyediaan Gaji dan Tunjangan ASN;2.09.3.25.0.00.01.0000;DINAS PANGAN DAN PERIKANAN;5.1.01.02.001.00001;Tambahan Penghasilan berdasarkan Beban Kerja PNS;483600750;928832729
2026;2.09.3.25.0.00.01.0000;DINAS PANGAN DAN PERIKANAN;2.09.01.2.02.0001;Penyediaan Gaji dan Tunjangan ASN;2.09.3.25.0.00.01.0000;DINAS PANGAN DAN PERIKANAN;5.1.01.02.003.00001;Tambahan Penghasilan berdasarkan Kondisi Kerja PNS;13600000;26705142
2026;2.09.3.25.0.00.01.0000;DINAS PANGAN DAN PERIKANAN;2.09.01.2.02.0001;Penyediaan Gaji dan Tunjangan ASN;2.09.3.25.0.00.01.0000;DINAS PANGAN DAN PERIKANAN;5.1.02.02.001.00080;Belanja Honorarium Penanggungjawaban Pengelola Keuangan;12450000;28200000
2026;2.09.3.25.0.00.01.0000;DINAS PANGAN DAN PERIKANAN;2.09.01.2.02.0007;Koordinasi dan Penyusunan Laporan Keuangan Bulanan/ Triwulanan/ Semesteran SKPD;2.09.3.25.0.00.01.0000;DINAS PANGAN DAN PERIKANAN;5.1.02.01.001.00024;Belanja Alat/Bahan untuk Kegiatan Kantor-Alat Tulis Kantor;0;436500
2026;2.09.3.25.0.00.01.0000;DINAS PANGAN DAN PERIKANAN;2.09.01.2.02.0007;Koordinasi dan Penyusunan Laporan Keuangan Bulanan/ Triwulanan/ Semesteran SKPD;2.09.3.25.0.00.01.0000;DINAS PANGAN DAN PERIKANAN;5.1.02.01.001.00025;Belanja Alat/Bahan untuk Kegiatan Kantor- Kertas dan Cover;0;198600
2026;2.09.3.25.0.00.01.0000;DINAS PANGAN DAN PERIKANAN;2.09.01.2.02.0007;Koordinasi dan Penyusunan Laporan Keuangan Bulanan/ Triwulanan/ Semesteran SKPD;2.09.3.25.0.00.01.0000;DINAS PANGAN DAN PERIKANAN;5.1.02.01.001.00052;Belanja Makanan dan Minuman Rapat;172900;612500
2026;2.09.3.25.0.00.01.0000;DINAS PANGAN DAN PERIKANAN;2.09.01.2.02.0007;Koordinasi dan Penyusunan Laporan Keuangan Bulanan/ Triwulanan/ Semesteran SKPD;2.09.3.25.0.00.01.0000;DINAS PANGAN DAN PERIKANAN;5.1.02.04.001.00003;Belanja Perjalanan Dinas Dalam Kota;1082000;1512000
2026;2.09.3.25.0.00.01.0000;DINAS PANGAN DAN PERIKANAN;2.09.01.2.06.0003;Penyediaan Peralatan Rumah Tangga;2.09.3.25.0.00.01.0000;DINAS PANGAN DAN PERIKANAN;5.1.02.01.001.00030;Belanja Alat/Bahan untuk Kegiatan Kantor-Perabot Kantor;1783000;4284450
2026;2.09.3.25.0.00.01.0000;DINAS PANGAN DAN PERIKANAN;2.09.01.2.06.0004;Penyediaan Bahan Logistik Kantor;2.09.3.25.0.00.01.0000;DINAS PANGAN DAN PERIKANAN;5.1.02.01.001.00010;Belanja Bahan-Isi Tabung Gas;0;600000
2026;2.09.3.25.0.00.01.0000;DINAS PANGAN DAN PERIKANAN;2.09.01.2.06.0004;Penyediaan Bahan Logistik Kantor;2.09.3.25.0.00.01.0000;DINAS PANGAN DAN PERIKANAN;5.1.02.01.001.00024;Belanja Alat/Bahan untuk Kegiatan Kantor-Alat Tulis Kantor;758000;1976600
2026;2.09.3.25.0.00.01.0000;DINAS PANGAN DAN PERIKANAN;2.09.01.2.06.0004;Penyediaan Bahan Logistik Kantor;2.09.3.25.0.00.01.0000;DINAS PANGAN DAN PERIKANAN;5.1.02.01.001.00025;Belanja Alat/Bahan untuk Kegiatan Kantor- Kertas dan Cover;1650000;5317800
2026;2.09.3.25.0.00.01.0000;DINAS PANGAN DAN PERIKANAN;2.09.01.2.06.0004;Penyediaan Bahan Logistik Kantor;2.09.3.25.0.00.01.0000;DINAS PANGAN DAN PERIKANAN;5.1.02.01.001.00027;Belanja Alat/Bahan untuk Kegiatan Kantor-Benda Pos;530000;1030000
2026;2.09.3.25.0.00.01.0000;DINAS PANGAN DAN PERIKANAN;2.09.01.2.06.0004;Penyediaan Bahan Logistik Kantor;2.09.3.25.0.00.01.0000;DINAS PANGAN DAN PERIKANAN;5.1.02.01.001.00029;Belanja Alat/Bahan untuk Kegiatan Kantor-Bahan Komputer;370000;700900
2026;2.09.3.25.0.00.01.0000;DINAS PANGAN DAN PERIKANAN;2.09.01.2.06.0004;Penyediaan Bahan Logistik Kantor;2.09.3.25.0.00.01.0000;DINAS PANGAN DAN PERIKANAN;5.1.02.01.001.00031;Belanja Alat/Bahan untuk Kegiatan Kantor-Alat Listrik;0;425000
2026;2.09.3.25.0.00.01.0000;DINAS PANGAN DAN PERIKANAN;2.09.01.2.06.0005;Penyediaan Barang Cetakan dan Penggandaan;2.09.3.25.0.00.01.0000;DINAS PANGAN DAN PERIKANAN;5.1.02.01.001.00024;Belanja Alat/Bahan untuk Kegiatan Kantor-Alat Tulis Kantor;802800;4521400
2026;2.09.3.25.0.00.01.0000;DINAS PANGAN DAN PERIKANAN;2.09.01.2.06.0008;Fasilitasi Kunjungan Tamu;2.09.3.25.0.00.01.0000;DINAS PANGAN DAN PERIKANAN;5.1.02.01.001.00053;Belanja Makanan dan Minuman Jamuan Tamu;1108000;2323600
2026;2.09.3.25.0.00.01.0000;DINAS PANGAN DAN PERIKANAN;2.09.01.2.06.0009;Penyelenggaraan Rapat Koordinasi dan Konsultasi SKPD;2.09.3.25.0.00.01.0000;DINAS PANGAN DAN PERIKANAN;5.1.02.01.001.00052;Belanja Makanan dan Minuman Rapat;600000;2405000
2026;2.09.3.25.0.00.01.0000;DINAS PANGAN DAN PERIKANAN;2.09.01.2.06.0009;Penyelenggaraan Rapat Koordinasi dan Konsultasi SKPD;2.09.3.25.0.00.01.0000;DINAS PANGAN DAN PERIKANAN;5.1.02.04.001.00001;Belanja Perjalanan Dinas Biasa;4727500;15460000
2026;2.09.3.25.0.00.01.0000;DINAS PANGAN DAN PERIKANAN;2.09.01.2.06.0009;Penyelenggaraan Rapat Koordinasi dan Konsultasi SKPD;2.09.3.25.0.00.01.0000;DINAS PANGAN DAN PERIKANAN;5.1.02.04.001.00003;Belanja Perjalanan Dinas Dalam Kota;2378900;2688000
2026;2.09.3.25.0.00.01.0000;DINAS PANGAN DAN PERIKANAN;2.09.01.2.08.0002;Penyediaan Jasa Komunikasi, Sumber Daya Air dan Listrik;2.09.3.25.0.00.01.0000;DINAS PANGAN DAN PERIKANAN;5.1.02.02.001.00061;Belanja Tagihan Listrik;4476406;9755312
2026;2.09.3.25.0.00.01.0000;DINAS PANGAN DAN PERIKANAN;2.09.01.2.08.0002;Penyediaan Jasa Komunikasi, Sumber Daya Air dan Listrik;2.09.3.25.0.00.01.0000;DINAS PANGAN DAN PERIKANAN;5.1.02.02.001.00063;Belanja Kawat/Faksimili/Internet/TV Berlangganan;407724;5244960
2026;2.09.3.25.0.00.01.0000;DINAS PANGAN DAN PERIKANAN;2.09.01.2.09.0001;Penyediaan Jasa Pemeliharaan, Biaya Pemeliharaan, dan Pajak Kendaraan Perorangan Dinas atau Kendaraan Dinas Jabatan;2.09.3.25.0.00.01.0000;DINAS PANGAN DAN PERIKANAN;5.1.02.03.002.00035;Belanja Pemeliharaan Alat Angkutan-Alat Angkutan Darat Bermotor-Kendaraan Dinas Bermotor Perorangan;18808700;23000000
2026;2.09.3.25.0.00.01.0000;DINAS PANGAN DAN PERIKANAN;2.09.01.2.09.0002;Penyediaan Jasa Pemeliharaan, Biaya Pemeliharaan, Pajak dan Perizinan Kendaraan Dinas Operasional atau Lapangan;2.09.3.25.0.00.01.0000;DINAS PANGAN DAN PERIKANAN;5.1.02.03.002.00043;Belanja Pemeliharaan Alat Angkutan-Alat Angkutan Darat Bermotor-Alat Angkutan Darat Bermotor Lainnya;9640208;23500000
2026;2.09.3.25.0.00.01.0000;DINAS PANGAN DAN PERIKANAN;2.09.01.2.09.0006;Pemeliharaan Peralatan dan Mesin Lainnya;2.09.3.25.0.00.01.0000;DINAS PANGAN DAN PERIKANAN;5.1.02.03.002.00411;Belanja Pemeliharaan Komputer-Peralatan Komputer-Peralatan Komputer Lainnya;1550000;5720000
2026;2.09.3.25.0.00.01.0000;DINAS PANGAN DAN PERIKANAN;2.09.03.2.01.0003;Koordinasi, Sinkronisasi dan Pelaksanaan Distribusi Pangan Pokok dan Pangan Lainnya;2.09.3.25.0.00.01.0000;DINAS PANGAN DAN PERIKANAN;5.1.02.04.001.00003;Belanja Perjalanan Dinas Dalam Kota;119000;532000
2026;2.09.3.25.0.00.01.0000;DINAS PANGAN DAN PERIKANAN;2.09.03.2.01.0008;Stabilisasi Pasokan dan Harga Pangan Tingkat Produsen dan Konsumen di Kabupaten/Kota;2.09.3.25.0.00.01.0000;DINAS PANGAN DAN PERIKANAN;5.1.02.04.001.00003;Belanja Perjalanan Dinas Dalam Kota;1038000;2058000
2026;2.09.3.25.0.00.01.0000;DINAS PANGAN DAN PERIKANAN;2.09.03.2.01.0010;Pengembangan Kelembagaan Distribusi Pangan Kabupaten/kota;2.09.3.25.0.00.01.0000;DINAS PANGAN DAN PERIKANAN;5.1.02.04.001.00003;Belanja Perjalanan Dinas Dalam Kota;329000;616000
2026;2.09.3.25.0.00.01.0000;DINAS PANGAN DAN PERIKANAN;2.09.03.2.01.0016;Penyusunan Neraca Bahan Makanan (NBM);2.09.3.25.0.00.01.0000;DINAS PANGAN DAN PERIKANAN;5.1.02.01.001.00024;Belanja Alat/Bahan untuk Kegiatan Kantor-Alat Tulis Kantor;0;419600
2026;2.09.3.25.0.00.01.0000;DINAS PANGAN DAN PERIKANAN;2.09.03.2.01.0016;Penyusunan Neraca Bahan Makanan (NBM);2.09.3.25.0.00.01.0000;DINAS PANGAN DAN PERIKANAN;5.1.02.01.001.00025;Belanja Alat/Bahan untuk Kegiatan Kantor- Kertas dan Cover;0;200100
2026;2.09.3.25.0.00.01.0000;DINAS PANGAN DAN PERIKANAN;2.09.03.2.01.0016;Penyusunan Neraca Bahan Makanan (NBM);2.09.3.25.0.00.01.0000;DINAS PANGAN DAN PERIKANAN;5.1.02.01.001.00029;Belanja Alat/Bahan untuk Kegiatan Kantor-Bahan Komputer;0;83250
2026;2.09.3.25.0.00.01.0000;DINAS PANGAN DAN PERIKANAN;2.09.03.2.01.0016;Penyusunan Neraca Bahan Makanan (NBM);2.09.3.25.0.00.01.0000;DINAS PANGAN DAN PERIKANAN;5.1.02.04.001.00001;Belanja Perjalanan Dinas Biasa;1014000;1755000
2026;2.09.3.25.0.00.01.0000;DINAS PANGAN DAN PERIKANAN;2.09.03.2.04.0001;Penyusunan dan Penetapan Target Konsumsi Pangan Per Kapita Per Tahun;2.09.3.25.0.00.01.0000;DINAS PANGAN DAN PERIKANAN;5.1.02.01.001.00024;Belanja Alat/Bahan untuk Kegiatan Kantor-Alat Tulis Kantor;127600;633600
2026;2.09.3.25.0.00.01.0000;DINAS PANGAN DAN PERIKANAN;2.09.03.2.04.0001;Penyusunan dan Penetapan Target Konsumsi Pangan Per Kapita Per Tahun;2.09.3.25.0.00.01.0000;DINAS PANGAN DAN PERIKANAN;5.1.02.01.001.00025;Belanja Alat/Bahan untuk Kegiatan Kantor- Kertas dan Cover;217050;217050
2026;2.09.3.25.0.00.01.0000;DINAS PANGAN DAN PERIKANAN;2.09.03.2.04.0001;Penyusunan dan Penetapan Target Konsumsi Pangan Per Kapita Per Tahun;2.09.3.25.0.00.01.0000;DINAS PANGAN DAN PERIKANAN;5.1.02.01.001.00029;Belanja Alat/Bahan untuk Kegiatan Kantor-Bahan Komputer;166500;166500
2026;2.09.3.25.0.00.01.0000;DINAS PANGAN DAN PERIKANAN;2.09.03.2.04.0001;Penyusunan dan Penetapan Target Konsumsi Pangan Per Kapita Per Tahun;2.09.3.25.0.00.01.0000;DINAS PANGAN DAN PERIKANAN;5.1.02.01.001.00052;Belanja Makanan dan Minuman Rapat;0;766000
2026;2.09.3.25.0.00.01.0000;DINAS PANGAN DAN PERIKANAN;2.09.03.2.04.0002;Pemberdayaan Masyarakat dalam Penganekaragaman Konsumsi Pangan Berbasis Sumber Daya Lokal;2.09.3.25.0.00.01.0000;DINAS PANGAN DAN PERIKANAN;5.1.02.04.001.00001;Belanja Perjalanan Dinas Biasa;1933022;3352500
2026;2.09.3.25.0.00.01.0000;DINAS PANGAN DAN PERIKANAN;2.09.03.2.04.0002;Pemberdayaan Masyarakat dalam Penganekaragaman Konsumsi Pangan Berbasis Sumber Daya Lokal;2.09.3.25.0.00.01.0000;DINAS PANGAN DAN PERIKANAN;5.1.02.04.001.00003;Belanja Perjalanan Dinas Dalam Kota;1369000;2884000
2026;2.09.3.25.0.00.01.0000;DINAS PANGAN DAN PERIKANAN;2.09.03.2.04.0003;Koordinasi dan Sinkronisasi Pemantauan dan Evaluasi Konsumsi per Kapita per Tahun;2.09.3.25.0.00.01.0000;DINAS PANGAN DAN PERIKANAN;5.1.02.04.001.00001;Belanja Perjalanan Dinas Biasa;0;1060000
2026;2.09.3.25.0.00.01.0000;DINAS PANGAN DAN PERIKANAN;2.09.03.2.04.0003;Koordinasi dan Sinkronisasi Pemantauan dan Evaluasi Konsumsi per Kapita per Tahun;2.09.3.25.0.00.01.0000;DINAS PANGAN DAN PERIKANAN;5.1.02.04.001.00003;Belanja Perjalanan Dinas Dalam Kota;0;882000
2026;2.09.3.25.0.00.01.0000;DINAS PANGAN DAN PERIKANAN;2.09.04.2.01.0001;Penyusunan, Pemutakhiran dan Analisis Peta Ketahanan dan Kerentanan Pangan;2.09.3.25.0.00.01.0000;DINAS PANGAN DAN PERIKANAN;5.1.02.04.001.00001;Belanja Perjalanan Dinas Biasa;0;3430000
2026;2.09.3.25.0.00.01.0000;DINAS PANGAN DAN PERIKANAN;2.09.04.2.02.0002;Pelaksanaan Pengadaan, Pengelolaan, dan Penyaluran Cadangan Pangan pada Kerawanan Pangan yang Mencakup dalam 1 (satu) Daerah Kabupaten/Kota;2.09.3.25.0.00.01.0000;DINAS PANGAN DAN PERIKANAN;5.1.02.01.001.00043;Belanja Natura dan Pakan-Natura;0;139550000
2026;2.09.3.25.0.00.01.0000;DINAS PANGAN DAN PERIKANAN;2.09.04.2.02.0002;Pelaksanaan Pengadaan, Pengelolaan, dan Penyaluran Cadangan Pangan pada Kerawanan Pangan yang Mencakup dalam 1 (satu) Daerah Kabupaten/Kota;2.09.3.25.0.00.01.0000;DINAS PANGAN DAN PERIKANAN;5.1.02.04.001.00001;Belanja Perjalanan Dinas Biasa;1780000;4862500
2026;2.09.3.25.0.00.01.0000;DINAS PANGAN DAN PERIKANAN;2.09.04.2.02.0002;Pelaksanaan Pengadaan, Pengelolaan, dan Penyaluran Cadangan Pangan pada Kerawanan Pangan yang Mencakup dalam 1 (satu) Daerah Kabupaten/Kota;2.09.3.25.0.00.01.0000;DINAS PANGAN DAN PERIKANAN;5.1.02.04.001.00003;Belanja Perjalanan Dinas Dalam Kota;536000;3542000
2026;2.09.3.25.0.00.01.0000;DINAS PANGAN DAN PERIKANAN;2.09.04.2.02.0003;Koordinasi dan Sinkronisasi Penanganan Kerawanan Pangan dan Gizi Kabupaten/Kota;2.09.3.25.0.00.01.0000;DINAS PANGAN DAN PERIKANAN;5.1.02.04.001.00003;Belanja Perjalanan Dinas Dalam Kota;221000;1029000
2026;2.09.3.25.0.00.01.0000;DINAS PANGAN DAN PERIKANAN;2.09.05.2.01.0004;Rekomendasi Keamanan Pangan Segar Asal Tumbuhan Daerah Kabupaten/Kota;2.09.3.25.0.00.01.0000;DINAS PANGAN DAN PERIKANAN;5.1.02.01.001.00024;Belanja Alat/Bahan untuk Kegiatan Kantor-Alat Tulis Kantor;356800;356800
2026;2.09.3.25.0.00.01.0000;DINAS PANGAN DAN PERIKANAN;2.09.05.2.01.0004;Rekomendasi Keamanan Pangan Segar Asal Tumbuhan Daerah Kabupaten/Kota;2.09.3.25.0.00.01.0000;DINAS PANGAN DAN PERIKANAN;5.1.02.01.001.00025;Belanja Alat/Bahan untuk Kegiatan Kantor- Kertas dan Cover;295050;295050
2026;2.09.3.25.0.00.01.0000;DINAS PANGAN DAN PERIKANAN;2.09.05.2.01.0004;Rekomendasi Keamanan Pangan Segar Asal Tumbuhan Daerah Kabupaten/Kota;2.09.3.25.0.00.01.0000;DINAS PANGAN DAN PERIKANAN;5.1.02.01.001.00029;Belanja Alat/Bahan untuk Kegiatan Kantor-Bahan Komputer;83250;83250
2026;2.09.3.25.0.00.01.0000;DINAS PANGAN DAN PERIKANAN;2.09.05.2.01.0004;Rekomendasi Keamanan Pangan Segar Asal Tumbuhan Daerah Kabupaten/Kota;2.09.3.25.0.00.01.0000;DINAS PANGAN DAN PERIKANAN;5.1.02.04.001.00001;Belanja Perjalanan Dinas Biasa;981843;2537500
2026;2.09.3.25.0.00.01.0000;DINAS PANGAN DAN PERIKANAN;2.09.05.2.01.0004;Rekomendasi Keamanan Pangan Segar Asal Tumbuhan Daerah Kabupaten/Kota;2.09.3.25.0.00.01.0000;DINAS PANGAN DAN PERIKANAN;5.1.02.04.001.00003;Belanja Perjalanan Dinas Dalam Kota;490000;1106000
2026;2.09.3.25.0.00.01.0000;DINAS PANGAN DAN PERIKANAN;2.09.05.2.01.0006;Rekomendasi Perizinan keamanan pangan segar asal tumbuhan;2.09.3.25.0.00.01.0000;DINAS PANGAN DAN PERIKANAN;5.1.02.04.001.00001;Belanja Perjalanan Dinas Biasa;640000;1395000
2026;2.09.3.25.0.00.01.0000;DINAS PANGAN DAN PERIKANAN;2.09.05.2.01.0006;Rekomendasi Perizinan keamanan pangan segar asal tumbuhan;2.09.3.25.0.00.01.0000;DINAS PANGAN DAN PERIKANAN;5.1.02.04.001.00003;Belanja Perjalanan Dinas Dalam Kota;210000;770000
2026;2.09.3.25.0.00.01.0000;DINAS PANGAN DAN PERIKANAN;3.25.01.2.01.0007;Evaluasi Kinerja Perangkat Daerah;2.09.3.25.0.00.01.0000;DINAS PANGAN DAN PERIKANAN;5.1.02.01.001.00052;Belanja Makanan dan Minuman Rapat;399000;585200
2026;2.09.3.25.0.00.01.0000;DINAS PANGAN DAN PERIKANAN;3.25.01.2.01.0007;Evaluasi Kinerja Perangkat Daerah;2.09.3.25.0.00.01.0000;DINAS PANGAN DAN PERIKANAN;5.1.02.04.001.00003;Belanja Perjalanan Dinas Dalam Kota;422500;1596000
2026;2.09.3.25.0.00.01.0000;DINAS PANGAN DAN PERIKANAN;3.25.03.2.01.0001;Penyediaan Data dan Informasi Sumber Daya Ikan;2.09.3.25.0.00.01.0000;DINAS PANGAN DAN PERIKANAN;5.1.02.01.001.00024;Belanja Alat/Bahan untuk Kegiatan Kantor-Alat Tulis Kantor;0;297200
2026;2.09.3.25.0.00.01.0000;DINAS PANGAN DAN PERIKANAN;3.25.03.2.01.0001;Penyediaan Data dan Informasi Sumber Daya Ikan;2.09.3.25.0.00.01.0000;DINAS PANGAN DAN PERIKANAN;5.1.02.01.001.00025;Belanja Alat/Bahan untuk Kegiatan Kantor- Kertas dan Cover;0;1265100
2026;2.09.3.25.0.00.01.0000;DINAS PANGAN DAN PERIKANAN;3.25.03.2.01.0001;Penyediaan Data dan Informasi Sumber Daya Ikan;2.09.3.25.0.00.01.0000;DINAS PANGAN DAN PERIKANAN;5.1.02.01.001.00029;Belanja Alat/Bahan untuk Kegiatan Kantor-Bahan Komputer;0;593350
2026;2.09.3.25.0.00.01.0000;DINAS PANGAN DAN PERIKANAN;3.25.03.2.01.0001;Penyediaan Data dan Informasi Sumber Daya Ikan;2.09.3.25.0.00.01.0000;DINAS PANGAN DAN PERIKANAN;5.1.02.04.001.00001;Belanja Perjalanan Dinas Biasa;0;945000
2026;2.09.3.25.0.00.01.0000;DINAS PANGAN DAN PERIKANAN;3.25.03.2.01.0001;Penyediaan Data dan Informasi Sumber Daya Ikan;2.09.3.25.0.00.01.0000;DINAS PANGAN DAN PERIKANAN;5.1.02.04.001.00003;Belanja Perjalanan Dinas Dalam Kota;252000;812000
2026;2.09.3.25.0.00.01.0000;DINAS PANGAN DAN PERIKANAN;3.25.03.2.01.0004;Penyediaan Sarana Usaha Perikanan Tangkap;2.09.3.25.0.00.01.0000;DINAS PANGAN DAN PERIKANAN;5.1.02.01.001.00011;Belanja Bahan-Bahan/Bibit Ternak/Bibit Ikan;0;6300000
2026;2.09.3.25.0.00.01.0000;DINAS PANGAN DAN PERIKANAN;3.25.03.2.01.0004;Penyediaan Sarana Usaha Perikanan Tangkap;2.09.3.25.0.00.01.0000;DINAS PANGAN DAN PERIKANAN;5.1.02.04.001.00001;Belanja Perjalanan Dinas Biasa;0;0
2026;2.09.3.25.0.00.01.0000;DINAS PANGAN DAN PERIKANAN;3.25.03.2.01.0004;Penyediaan Sarana Usaha Perikanan Tangkap;2.09.3.25.0.00.01.0000;DINAS PANGAN DAN PERIKANAN;5.1.02.04.001.00003;Belanja Perjalanan Dinas Dalam Kota;0;2905000
2026;2.09.3.25.0.00.01.0000;DINAS PANGAN DAN PERIKANAN;3.25.04.2.02.0001;Pengembangan Kapasitas Pembudi Daya Ikan Kecil;2.09.3.25.0.00.01.0000;DINAS PANGAN DAN PERIKANAN;5.1.02.04.001.00001;Belanja Perjalanan Dinas Biasa;0;1085000
2026;2.09.3.25.0.00.01.0000;DINAS PANGAN DAN PERIKANAN;3.25.04.2.02.0001;Pengembangan Kapasitas Pembudi Daya Ikan Kecil;2.09.3.25.0.00.01.0000;DINAS PANGAN DAN PERIKANAN;5.1.02.04.001.00003;Belanja Perjalanan Dinas Dalam Kota;1441959;1442000
2026;2.09.3.25.0.00.01.0000;DINAS PANGAN DAN PERIKANAN;3.25.04.2.02.0004;Pemberian Pendampingan, Kemudahanan Akses Ilmu Pengetahuan, Teknologi dan Informasi, serta Penyelenggaraan Pendidikan dan Pelatihan;2.09.3.25.0.00.01.0000;DINAS PANGAN DAN PERIKANAN;5.1.02.04.001.00003;Belanja Perjalanan Dinas Dalam Kota;658556;2282000
2026;2.09.3.25.0.00.01.0000;DINAS PANGAN DAN PERIKANAN;3.25.04.2.04.0001;Penyediaan Data dan Informasi Pembudidayaan Ikan dalam 1 (Satu) Daerah Kabupaten/Kota;2.09.3.25.0.00.01.0000;DINAS PANGAN DAN PERIKANAN;5.1.02.04.001.00003;Belanja Perjalanan Dinas Dalam Kota;385000;1134000
2026;2.09.3.25.0.00.01.0000;DINAS PANGAN DAN PERIKANAN;3.25.04.2.04.0002;Penyediaan Prasarana Pembudidayaan Ikan dalam 1 (Satu) Daerah Kabupaten/Kota;2.09.3.25.0.00.01.0000;DINAS PANGAN DAN PERIKANAN;5.1.02.01.001.00008;Belanja Bahan-Bahan/Bibit Tanaman;0;1043800
2026;2.09.3.25.0.00.01.0000;DINAS PANGAN DAN PERIKANAN;3.25.04.2.04.0002;Penyediaan Prasarana Pembudidayaan Ikan dalam 1 (Satu) Daerah Kabupaten/Kota;2.09.3.25.0.00.01.0000;DINAS PANGAN DAN PERIKANAN;5.1.02.01.001.00011;Belanja Bahan-Bahan/Bibit Ternak/Bibit Ikan;0;250000
2026;2.09.3.25.0.00.01.0000;DINAS PANGAN DAN PERIKANAN;3.25.04.2.04.0002;Penyediaan Prasarana Pembudidayaan Ikan dalam 1 (Satu) Daerah Kabupaten/Kota;2.09.3.25.0.00.01.0000;DINAS PANGAN DAN PERIKANAN;5.1.02.01.001.00030;Belanja Alat/Bahan untuk Kegiatan Kantor-Perabot Kantor;0;1125000
2026;2.09.3.25.0.00.01.0000;DINAS PANGAN DAN PERIKANAN;3.25.04.2.04.0002;Penyediaan Prasarana Pembudidayaan Ikan dalam 1 (Satu) Daerah Kabupaten/Kota;2.09.3.25.0.00.01.0000;DINAS PANGAN DAN PERIKANAN;5.1.02.01.001.00043;Belanja Natura dan Pakan-Natura;0;169600
2026;2.09.3.25.0.00.01.0000;DINAS PANGAN DAN PERIKANAN;3.25.04.2.04.0002;Penyediaan Prasarana Pembudidayaan Ikan dalam 1 (Satu) Daerah Kabupaten/Kota;2.09.3.25.0.00.01.0000;DINAS PANGAN DAN PERIKANAN;5.1.02.04.001.00003;Belanja Perjalanan Dinas Dalam Kota;296700;630000
2026;2.09.3.25.0.00.01.0000;DINAS PANGAN DAN PERIKANAN;3.25.04.2.04.0004;Pengelolaan Kesehatan Ikan dan Lingkungan Budidaya dalam 1 (Satu) Daerah Kabupaten/Kota;2.09.3.25.0.00.01.0000;DINAS PANGAN DAN PERIKANAN;5.1.02.04.001.00001;Belanja Perjalanan Dinas Biasa;0;1170000
2026;2.09.3.25.0.00.01.0000;DINAS PANGAN DAN PERIKANAN;3.25.04.2.04.0004;Pengelolaan Kesehatan Ikan dan Lingkungan Budidaya dalam 1 (Satu) Daerah Kabupaten/Kota;2.09.3.25.0.00.01.0000;DINAS PANGAN DAN PERIKANAN;5.1.02.04.001.00003;Belanja Perjalanan Dinas Dalam Kota;35000;1162000
2026;2.09.3.25.0.00.01.0000;DINAS PANGAN DAN PERIKANAN;3.25.04.2.04.0009;Penjaminan Ketersediaan Sarana Pembudidayaan Ikan dalam 1 (Satu) Daerah Kabupaten/Kota;2.09.3.25.0.00.01.0000;DINAS PANGAN DAN PERIKANAN;5.1.02.01.001.00001;Belanja Bahan-Bahan Bangunan dan Konstruksi;0;495000
2026;2.09.3.25.0.00.01.0000;DINAS PANGAN DAN PERIKANAN;3.25.04.2.04.0009;Penjaminan Ketersediaan Sarana Pembudidayaan Ikan dalam 1 (Satu) Daerah Kabupaten/Kota;2.09.3.25.0.00.01.0000;DINAS PANGAN DAN PERIKANAN;5.1.02.01.001.00008;Belanja Bahan-Bahan/Bibit Tanaman;0;502600
2026;2.09.3.25.0.00.01.0000;DINAS PANGAN DAN PERIKANAN;3.25.04.2.04.0009;Penjaminan Ketersediaan Sarana Pembudidayaan Ikan dalam 1 (Satu) Daerah Kabupaten/Kota;2.09.3.25.0.00.01.0000;DINAS PANGAN DAN PERIKANAN;5.1.02.01.001.00011;Belanja Bahan-Bahan/Bibit Ternak/Bibit Ikan;0;38286000
2026;2.09.3.25.0.00.01.0000;DINAS PANGAN DAN PERIKANAN;3.25.04.2.04.0009;Penjaminan Ketersediaan Sarana Pembudidayaan Ikan dalam 1 (Satu) Daerah Kabupaten/Kota;2.09.3.25.0.00.01.0000;DINAS PANGAN DAN PERIKANAN;5.1.02.01.001.00030;Belanja Alat/Bahan untuk Kegiatan Kantor-Perabot Kantor;0;8265000
2026;2.09.3.25.0.00.01.0000;DINAS PANGAN DAN PERIKANAN;3.25.04.2.04.0009;Penjaminan Ketersediaan Sarana Pembudidayaan Ikan dalam 1 (Satu) Daerah Kabupaten/Kota;2.09.3.25.0.00.01.0000;DINAS PANGAN DAN PERIKANAN;5.1.02.01.001.00043;Belanja Natura dan Pakan-Natura;0;84800
2026;2.09.3.25.0.00.01.0000;DINAS PANGAN DAN PERIKANAN;3.25.04.2.04.0009;Penjaminan Ketersediaan Sarana Pembudidayaan Ikan dalam 1 (Satu) Daerah Kabupaten/Kota;2.09.3.25.0.00.01.0000;DINAS PANGAN DAN PERIKANAN;5.1.02.01.001.00044;Belanja Natura dan Pakan-Pakan;44469600;74956000
2026;2.09.3.25.0.00.01.0000;DINAS PANGAN DAN PERIKANAN;3.25.04.2.04.0009;Penjaminan Ketersediaan Sarana Pembudidayaan Ikan dalam 1 (Satu) Daerah Kabupaten/Kota;2.09.3.25.0.00.01.0000;DINAS PANGAN DAN PERIKANAN;5.1.02.04.001.00003;Belanja Perjalanan Dinas Dalam Kota;336000;1596000
2026;2.09.3.25.0.00.01.0000;DINAS PANGAN DAN PERIKANAN;3.25.04.2.04.0010;Pembinaan dan Pemantauan Pembudidayaan Ikan di Darat;2.09.3.25.0.00.01.0000;DINAS PANGAN DAN PERIKANAN;5.1.02.04.001.00003;Belanja Perjalanan Dinas Dalam Kota;385000;1967000
2026;2.09.3.25.0.00.01.0000;DINAS PANGAN DAN PERIKANAN;3.25.05.2.01.0007;Pengawasan usaha penangkapan ikan dan/atau usaha pengangkutan ikan sesuai kewenangan kabupaten/kota;2.09.3.25.0.00.01.0000;DINAS PANGAN DAN PERIKANAN;5.1.02.04.001.00003;Belanja Perjalanan Dinas Dalam Kota;238930;378000
2026;2.09.3.25.0.00.01.0000;DINAS PANGAN DAN PERIKANAN;3.25.06.2.01.0005;Penyediaan Data dan Informasi Usaha Pemasaran dan Pengolahan Hasil Perikanan dalam 1 (Satu) Daerah Kabupaten/Kota berdasarkan skala usaha dan risiko;2.09.3.25.0.00.01.0000;DINAS PANGAN DAN PERIKANAN;5.1.02.01.001.00024;Belanja Alat/Bahan untuk Kegiatan Kantor-Alat Tulis Kantor;227000;227000
2026;2.09.3.25.0.00.01.0000;DINAS PANGAN DAN PERIKANAN;3.25.06.2.01.0005;Penyediaan Data dan Informasi Usaha Pemasaran dan Pengolahan Hasil Perikanan dalam 1 (Satu) Daerah Kabupaten/Kota berdasarkan skala usaha dan risiko;2.09.3.25.0.00.01.0000;DINAS PANGAN DAN PERIKANAN;5.1.02.01.001.00025;Belanja Alat/Bahan untuk Kegiatan Kantor- Kertas dan Cover;383800;383800
2026;2.09.3.25.0.00.01.0000;DINAS PANGAN DAN PERIKANAN;3.25.06.2.01.0005;Penyediaan Data dan Informasi Usaha Pemasaran dan Pengolahan Hasil Perikanan dalam 1 (Satu) Daerah Kabupaten/Kota berdasarkan skala usaha dan risiko;2.09.3.25.0.00.01.0000;DINAS PANGAN DAN PERIKANAN;5.1.02.01.001.00029;Belanja Alat/Bahan untuk Kegiatan Kantor-Bahan Komputer;700900;700900
2026;2.09.3.25.0.00.01.0000;DINAS PANGAN DAN PERIKANAN;3.25.06.2.01.0005;Penyediaan Data dan Informasi Usaha Pemasaran dan Pengolahan Hasil Perikanan dalam 1 (Satu) Daerah Kabupaten/Kota berdasarkan skala usaha dan risiko;2.09.3.25.0.00.01.0000;DINAS PANGAN DAN PERIKANAN;5.1.02.04.001.00003;Belanja Perjalanan Dinas Dalam Kota;140210;2534000
2026;2.09.3.25.0.00.01.0000;DINAS PANGAN DAN PERIKANAN;3.25.06.2.02.0002;Pembinaan terhadap Penerapan Persyaratan Perizinan Berusaha Pada Usaha Pengolahan dan Pemasaran Hasil Perikanan sesuai Skala Usaha dan Risiko;2.09.3.25.0.00.01.0000;DINAS PANGAN DAN PERIKANAN;5.1.02.04.001.00003;Belanja Perjalanan Dinas Dalam Kota;112000;1400000
2026;2.09.3.25.0.00.01.0000;DINAS PANGAN DAN PERIKANAN;3.25.06.2.03.0001;Peningkatan Ketersediaan Ikan untuk Konsumsi dan Usaha Pengolahan dalam 1 (Satu) Daerah Kabupaten/Kota;2.09.3.25.0.00.01.0000;DINAS PANGAN DAN PERIKANAN;5.1.02.01.001.00043;Belanja Natura dan Pakan-Natura;6441500;6441500
2026;2.09.3.25.0.00.01.0000;DINAS PANGAN DAN PERIKANAN;3.25.06.2.03.0001;Peningkatan Ketersediaan Ikan untuk Konsumsi dan Usaha Pengolahan dalam 1 (Satu) Daerah Kabupaten/Kota;2.09.3.25.0.00.01.0000;DINAS PANGAN DAN PERIKANAN;5.1.02.04.001.00001;Belanja Perjalanan Dinas Biasa;1280000;2400000
2026;2.09.3.25.0.00.01.0000;DINAS PANGAN DAN PERIKANAN;3.25.06.2.03.0001;Peningkatan Ketersediaan Ikan untuk Konsumsi dan Usaha Pengolahan dalam 1 (Satu) Daerah Kabupaten/Kota;2.09.3.25.0.00.01.0000;DINAS PANGAN DAN PERIKANAN;5.1.02.04.001.00003;Belanja Perjalanan Dinas Dalam Kota;1010000;1260000
2026;2.09.3.25.0.00.01.0000;DINAS PANGAN DAN PERIKANAN;3.25.06.2.03.0002;Pemberian Fasilitas bagi Pelaku Usaha Perikanan Skala Mikro dan Kecil dalam 1 (Satu) Daerah Kabupaten/Kota;2.09.3.25.0.00.01.0000;DINAS PANGAN DAN PERIKANAN;5.1.02.04.001.00003;Belanja Perjalanan Dinas Dalam Kota;70000;735000
2026;2.17.3.30.3.31.01.0000;DINAS PERDAGANGAN, PERINDUSTRIAN, KOPERASI USAHA KECIL DAN MENENGAH;2.17.01.2.02.0001;Penyediaan Gaji dan Tunjangan ASN;2.17.3.30.3.31.01.0000;DINAS PERDAGANGAN, PERINDUSTRIAN, KOPERASI USAHA KECIL DAN MENENGAH;5.1.01.01.001.00001;Belanja Gaji Pokok PNS;1215250320;2016775313
2026;2.17.3.30.3.31.01.0000;DINAS PERDAGANGAN, PERINDUSTRIAN, KOPERASI USAHA KECIL DAN MENENGAH;2.17.01.2.02.0001;Penyediaan Gaji dan Tunjangan ASN;2.17.3.30.3.31.01.0000;DINAS PERDAGANGAN, PERINDUSTRIAN, KOPERASI USAHA KECIL DAN MENENGAH;5.1.01.01.001.00002;Belanja Gaji Pokok PPPK;501879211;831343320
2026;2.17.3.30.3.31.01.0000;DINAS PERDAGANGAN, PERINDUSTRIAN, KOPERASI USAHA KECIL DAN MENENGAH;2.17.01.2.02.0001;Penyediaan Gaji dan Tunjangan ASN;2.17.3.30.3.31.01.0000;DINAS PERDAGANGAN, PERINDUSTRIAN, KOPERASI USAHA KECIL DAN MENENGAH;5.1.01.01.002.00001;Belanja Tunjangan Keluarga PNS;112727640;193280201
2026;2.17.3.30.3.31.01.0000;DINAS PERDAGANGAN, PERINDUSTRIAN, KOPERASI USAHA KECIL DAN MENENGAH;2.17.01.2.02.0001;Penyediaan Gaji dan Tunjangan ASN;2.17.3.30.3.31.01.0000;DINAS PERDAGANGAN, PERINDUSTRIAN, KOPERASI USAHA KECIL DAN MENENGAH;5.1.01.01.002.00002;Belanja Tunjangan Keluarga PPPK;48158972;83872065
2026;2.17.3.30.3.31.01.0000;DINAS PERDAGANGAN, PERINDUSTRIAN, KOPERASI USAHA KECIL DAN MENENGAH;2.17.01.2.02.0001;Penyediaan Gaji dan Tunjangan ASN;2.17.3.30.3.31.01.0000;DINAS PERDAGANGAN, PERINDUSTRIAN, KOPERASI USAHA KECIL DAN MENENGAH;5.1.01.01.003.00001;Belanja Tunjangan Jabatan PNS;76865000;140324750
2026;2.17.3.30.3.31.01.0000;DINAS PERDAGANGAN, PERINDUSTRIAN, KOPERASI USAHA KECIL DAN MENENGAH;2.17.01.2.02.0001;Penyediaan Gaji dan Tunjangan ASN;2.17.3.30.3.31.01.0000;DINAS PERDAGANGAN, PERINDUSTRIAN, KOPERASI USAHA KECIL DAN MENENGAH;5.1.01.01.004.00001;Belanja Tunjangan Fungsional PNS;45271500;90517000
2026;2.17.3.30.3.31.01.0000;DINAS PERDAGANGAN, PERINDUSTRIAN, KOPERASI USAHA KECIL DAN MENENGAH;2.17.01.2.02.0001;Penyediaan Gaji dan Tunjangan ASN;2.17.3.30.3.31.01.0000;DINAS PERDAGANGAN, PERINDUSTRIAN, KOPERASI USAHA KECIL DAN MENENGAH;5.1.01.01.005.00001;Belanja Tunjangan Fungsional Umum PNS;32485000;55836250
2026;2.17.3.30.3.31.01.0000;DINAS PERDAGANGAN, PERINDUSTRIAN, KOPERASI USAHA KECIL DAN MENENGAH;2.17.01.2.02.0001;Penyediaan Gaji dan Tunjangan ASN;2.17.3.30.3.31.01.0000;DINAS PERDAGANGAN, PERINDUSTRIAN, KOPERASI USAHA KECIL DAN MENENGAH;5.1.01.01.005.00002;Belanja Tunjangan Fungsional Umum PPPK;32672496;57409500
2026;2.17.3.30.3.31.01.0000;DINAS PERDAGANGAN, PERINDUSTRIAN, KOPERASI USAHA KECIL DAN MENENGAH;2.17.01.2.02.0001;Penyediaan Gaji dan Tunjangan ASN;2.17.3.30.3.31.01.0000;DINAS PERDAGANGAN, PERINDUSTRIAN, KOPERASI USAHA KECIL DAN MENENGAH;5.1.01.01.006.00001;Belanja Tunjangan Beras PNS;65395260;110473693
2026;2.17.3.30.3.31.01.0000;DINAS PERDAGANGAN, PERINDUSTRIAN, KOPERASI USAHA KECIL DAN MENENGAH;2.17.01.2.02.0001;Penyediaan Gaji dan Tunjangan ASN;2.17.3.30.3.31.01.0000;DINAS PERDAGANGAN, PERINDUSTRIAN, KOPERASI USAHA KECIL DAN MENENGAH;5.1.01.01.006.00002;Belanja Tunjangan Beras PPPK;35799620;62413816
2026;2.17.3.30.3.31.01.0000;DINAS PERDAGANGAN, PERINDUSTRIAN, KOPERASI USAHA KECIL DAN MENENGAH;2.17.01.2.02.0001;Penyediaan Gaji dan Tunjangan ASN;2.17.3.30.3.31.01.0000;DINAS PERDAGANGAN, PERINDUSTRIAN, KOPERASI USAHA KECIL DAN MENENGAH;5.1.01.01.007.00001;Belanja Tunjangan PPh/Tunjangan Khusus PNS;5580573;40943928
2026;2.17.3.30.3.31.01.0000;DINAS PERDAGANGAN, PERINDUSTRIAN, KOPERASI USAHA KECIL DAN MENENGAH;2.17.01.2.02.0001;Penyediaan Gaji dan Tunjangan ASN;2.17.3.30.3.31.01.0000;DINAS PERDAGANGAN, PERINDUSTRIAN, KOPERASI USAHA KECIL DAN MENENGAH;5.1.01.01.008.00001;Belanja Pembulatan Gaji PNS;16940;76169
2026;2.17.3.30.3.31.01.0000;DINAS PERDAGANGAN, PERINDUSTRIAN, KOPERASI USAHA KECIL DAN MENENGAH;2.17.01.2.02.0001;Penyediaan Gaji dan Tunjangan ASN;2.17.3.30.3.31.01.0000;DINAS PERDAGANGAN, PERINDUSTRIAN, KOPERASI USAHA KECIL DAN MENENGAH;5.1.01.01.008.00002;Belanja Pembulatan Gaji PPPK;7556;22436
2026;2.17.3.30.3.31.01.0000;DINAS PERDAGANGAN, PERINDUSTRIAN, KOPERASI USAHA KECIL DAN MENENGAH;2.17.01.2.02.0001;Penyediaan Gaji dan Tunjangan ASN;2.17.3.30.3.31.01.0000;DINAS PERDAGANGAN, PERINDUSTRIAN, KOPERASI USAHA KECIL DAN MENENGAH;5.1.01.01.009.00001;Belanja Iuran Jaminan Kesehatan PNS;59422368;200175483
2026;2.17.3.30.3.31.01.0000;DINAS PERDAGANGAN, PERINDUSTRIAN, KOPERASI USAHA KECIL DAN MENENGAH;2.17.01.2.02.0001;Penyediaan Gaji dan Tunjangan ASN;2.17.3.30.3.31.01.0000;DINAS PERDAGANGAN, PERINDUSTRIAN, KOPERASI USAHA KECIL DAN MENENGAH;5.1.01.01.009.00002;Belanja Iuran Jaminan Kesehatan PPPK;19934315;41004991
2026;2.17.3.30.3.31.01.0000;DINAS PERDAGANGAN, PERINDUSTRIAN, KOPERASI USAHA KECIL DAN MENENGAH;2.17.01.2.02.0001;Penyediaan Gaji dan Tunjangan ASN;2.17.3.30.3.31.01.0000;DINAS PERDAGANGAN, PERINDUSTRIAN, KOPERASI USAHA KECIL DAN MENENGAH;5.1.01.01.010.00001;Belanja Iuran Jaminan Kecelakaan Kerja PNS;2246871;5687156
2026;2.17.3.30.3.31.01.0000;DINAS PERDAGANGAN, PERINDUSTRIAN, KOPERASI USAHA KECIL DAN MENENGAH;2.17.01.2.02.0001;Penyediaan Gaji dan Tunjangan ASN;2.17.3.30.3.31.01.0000;DINAS PERDAGANGAN, PERINDUSTRIAN, KOPERASI USAHA KECIL DAN MENENGAH;5.1.01.01.010.00002;Belanja Iuran Jaminan Kecelakaan Kerja PPPK;1030547;2120674
2026;2.17.3.30.3.31.01.0000;DINAS PERDAGANGAN, PERINDUSTRIAN, KOPERASI USAHA KECIL DAN MENENGAH;2.17.01.2.02.0001;Penyediaan Gaji dan Tunjangan ASN;2.17.3.30.3.31.01.0000;DINAS PERDAGANGAN, PERINDUSTRIAN, KOPERASI USAHA KECIL DAN MENENGAH;5.1.01.01.011.00001;Belanja Iuran Jaminan Kematian PNS;6740525;16761332
2026;2.17.3.30.3.31.01.0000;DINAS PERDAGANGAN, PERINDUSTRIAN, KOPERASI USAHA KECIL DAN MENENGAH;2.17.01.2.02.0001;Penyediaan Gaji dan Tunjangan ASN;2.17.3.30.3.31.01.0000;DINAS PERDAGANGAN, PERINDUSTRIAN, KOPERASI USAHA KECIL DAN MENENGAH;5.1.01.01.011.00002;Belanja Iuran Jaminan Kematian PPPK;3091494;6247001
2026;2.17.3.30.3.31.01.0000;DINAS PERDAGANGAN, PERINDUSTRIAN, KOPERASI USAHA KECIL DAN MENENGAH;2.17.01.2.02.0001;Penyediaan Gaji dan Tunjangan ASN;2.17.3.30.3.31.01.0000;DINAS PERDAGANGAN, PERINDUSTRIAN, KOPERASI USAHA KECIL DAN MENENGAH;5.1.01.01.012.00001;Belanja Iuran Simpanan Peserta Tabungan Perumahan Rakyat PNS;0;10433877
2026;2.17.3.30.3.31.01.0000;DINAS PERDAGANGAN, PERINDUSTRIAN, KOPERASI USAHA KECIL DAN MENENGAH;2.17.01.2.02.0001;Penyediaan Gaji dan Tunjangan ASN;2.17.3.30.3.31.01.0000;DINAS PERDAGANGAN, PERINDUSTRIAN, KOPERASI USAHA KECIL DAN MENENGAH;5.1.01.01.012.00002;Belanja Iuran Simpanan Peserta Tabungan Perumahan Rakyat PPPK;0;4406717
2026;2.17.3.30.3.31.01.0000;DINAS PERDAGANGAN, PERINDUSTRIAN, KOPERASI USAHA KECIL DAN MENENGAH;2.17.01.2.02.0001;Penyediaan Gaji dan Tunjangan ASN;2.17.3.30.3.31.01.0000;DINAS PERDAGANGAN, PERINDUSTRIAN, KOPERASI USAHA KECIL DAN MENENGAH;5.1.01.02.001.00001;Tambahan Penghasilan berdasarkan Beban Kerja PNS;479873031;1088349414
2026;2.17.3.30.3.31.01.0000;DINAS PERDAGANGAN, PERINDUSTRIAN, KOPERASI USAHA KECIL DAN MENENGAH;2.17.01.2.02.0001;Penyediaan Gaji dan Tunjangan ASN;2.17.3.30.3.31.01.0000;DINAS PERDAGANGAN, PERINDUSTRIAN, KOPERASI USAHA KECIL DAN MENENGAH;5.1.01.02.003.00001;Tambahan Penghasilan berdasarkan Kondisi Kerja PNS;13600000;30800000
2026;2.17.3.30.3.31.01.0000;DINAS PERDAGANGAN, PERINDUSTRIAN, KOPERASI USAHA KECIL DAN MENENGAH;2.17.01.2.02.0001;Penyediaan Gaji dan Tunjangan ASN;2.17.3.30.3.31.01.0000;DINAS PERDAGANGAN, PERINDUSTRIAN, KOPERASI USAHA KECIL DAN MENENGAH;5.1.02.02.001.00080;Belanja Honorarium Penanggungjawaban Pengelola Keuangan;13520000;31800000
2026;2.17.3.30.3.31.01.0000;DINAS PERDAGANGAN, PERINDUSTRIAN, KOPERASI USAHA KECIL DAN MENENGAH;2.17.01.2.02.0001;Penyediaan Gaji dan Tunjangan ASN;2.17.3.30.3.31.01.0000;DINAS PERDAGANGAN, PERINDUSTRIAN, KOPERASI USAHA KECIL DAN MENENGAH;5.1.02.02.001.00088;Belanja jasa Pegawai Pemerintah dengan Perjanjian Kerja (PPPK) Paruh Waktu pada jabatan operator lay;6003571;12300000
2026;2.17.3.30.3.31.01.0000;DINAS PERDAGANGAN, PERINDUSTRIAN, KOPERASI USAHA KECIL DAN MENENGAH;2.17.01.2.02.0001;Penyediaan Gaji dan Tunjangan ASN;2.17.3.30.3.31.01.0000;DINAS PERDAGANGAN, PERINDUSTRIAN, KOPERASI USAHA KECIL DAN MENENGAH;5.1.02.02.001.00090;Belanja jasa Pegawai Pemerintah dengan Perjanjian Kerja (PPPK) Paruh Waktu pada jabatan penata layan;15104762;31200000
2026;2.17.3.30.3.31.01.0000;DINAS PERDAGANGAN, PERINDUSTRIAN, KOPERASI USAHA KECIL DAN MENENGAH;2.17.01.2.02.0001;Penyediaan Gaji dan Tunjangan ASN;2.17.3.30.3.31.01.0000;DINAS PERDAGANGAN, PERINDUSTRIAN, KOPERASI USAHA KECIL DAN MENENGAH;5.1.02.02.002.00006;Belanja Iuran Jaminan Kecelakaan Kerja bagi Non ASN;91998;183996
2026;2.17.3.30.3.31.01.0000;DINAS PERDAGANGAN, PERINDUSTRIAN, KOPERASI USAHA KECIL DAN MENENGAH;2.17.01.2.02.0001;Penyediaan Gaji dan Tunjangan ASN;2.17.3.30.3.31.01.0000;DINAS PERDAGANGAN, PERINDUSTRIAN, KOPERASI USAHA KECIL DAN MENENGAH;5.1.02.02.002.00007;Belanja Iuran Jaminan Kematian bagi Non ASN;115002;230004
2026;2.17.3.30.3.31.01.0000;DINAS PERDAGANGAN, PERINDUSTRIAN, KOPERASI USAHA KECIL DAN MENENGAH;2.17.01.2.02.0001;Penyediaan Gaji dan Tunjangan ASN;2.17.3.30.3.31.01.0000;DINAS PERDAGANGAN, PERINDUSTRIAN, KOPERASI USAHA KECIL DAN MENENGAH;5.1.02.02.002.00019;Belanja Iuran Jaminan Kesehatan bagi PPPK Paruh Waktu pada Jabatan Operator Layanan Operasional;0;1018544
2026;2.17.3.30.3.31.01.0000;DINAS PERDAGANGAN, PERINDUSTRIAN, KOPERASI USAHA KECIL DAN MENENGAH;2.17.01.2.02.0001;Penyediaan Gaji dan Tunjangan ASN;2.17.3.30.3.31.01.0000;DINAS PERDAGANGAN, PERINDUSTRIAN, KOPERASI USAHA KECIL DAN MENENGAH;5.1.02.02.002.00021;Belanja Iuran Jaminan Kesehatan bagi PPPK Paruh Waktu pada Jabatan Penata Layanan Operasional;0;2037088
2026;2.17.3.30.3.31.01.0000;DINAS PERDAGANGAN, PERINDUSTRIAN, KOPERASI USAHA KECIL DAN MENENGAH;2.17.01.2.06.0004;Penyediaan Bahan Logistik Kantor;2.17.3.30.3.31.01.0000;DINAS PERDAGANGAN, PERINDUSTRIAN, KOPERASI USAHA KECIL DAN MENENGAH;5.1.02.01.001.00024;Belanja Alat/Bahan untuk Kegiatan Kantor-Alat Tulis Kantor;3213905;7054500
2026;2.17.3.30.3.31.01.0000;DINAS PERDAGANGAN, PERINDUSTRIAN, KOPERASI USAHA KECIL DAN MENENGAH;2.17.01.2.06.0004;Penyediaan Bahan Logistik Kantor;2.17.3.30.3.31.01.0000;DINAS PERDAGANGAN, PERINDUSTRIAN, KOPERASI USAHA KECIL DAN MENENGAH;5.1.02.01.001.00025;Belanja Alat/Bahan untuk Kegiatan Kantor- Kertas dan Cover;1791096;2647200
2026;2.17.3.30.3.31.01.0000;DINAS PERDAGANGAN, PERINDUSTRIAN, KOPERASI USAHA KECIL DAN MENENGAH;2.17.01.2.06.0004;Penyediaan Bahan Logistik Kantor;2.17.3.30.3.31.01.0000;DINAS PERDAGANGAN, PERINDUSTRIAN, KOPERASI USAHA KECIL DAN MENENGAH;5.1.02.01.001.00027;Belanja Alat/Bahan untuk Kegiatan Kantor-Benda Pos;550000;1000000
2026;2.17.3.30.3.31.01.0000;DINAS PERDAGANGAN, PERINDUSTRIAN, KOPERASI USAHA KECIL DAN MENENGAH;2.17.01.2.06.0004;Penyediaan Bahan Logistik Kantor;2.17.3.30.3.31.01.0000;DINAS PERDAGANGAN, PERINDUSTRIAN, KOPERASI USAHA KECIL DAN MENENGAH;5.1.02.01.001.00029;Belanja Alat/Bahan untuk Kegiatan Kantor-Bahan Komputer;1383227;2308750
2026;2.17.3.30.3.31.01.0000;DINAS PERDAGANGAN, PERINDUSTRIAN, KOPERASI USAHA KECIL DAN MENENGAH;2.17.01.2.06.0009;Penyelenggaraan Rapat Koordinasi dan Konsultasi SKPD;2.17.3.30.3.31.01.0000;DINAS PERDAGANGAN, PERINDUSTRIAN, KOPERASI USAHA KECIL DAN MENENGAH;5.1.02.04.001.00001;Belanja Perjalanan Dinas Biasa;4620000;12965000
2026;2.17.3.30.3.31.01.0000;DINAS PERDAGANGAN, PERINDUSTRIAN, KOPERASI USAHA KECIL DAN MENENGAH;2.17.01.2.06.0009;Penyelenggaraan Rapat Koordinasi dan Konsultasi SKPD;2.17.3.30.3.31.01.0000;DINAS PERDAGANGAN, PERINDUSTRIAN, KOPERASI USAHA KECIL DAN MENENGAH;5.1.02.04.001.00003;Belanja Perjalanan Dinas Dalam Kota;0;1932000
2026;2.17.3.30.3.31.01.0000;DINAS PERDAGANGAN, PERINDUSTRIAN, KOPERASI USAHA KECIL DAN MENENGAH;2.17.01.2.07.0006;Pengadaan Peralatan dan Mesin Lainnya;2.17.3.30.3.31.01.0000;DINAS PERDAGANGAN, PERINDUSTRIAN, KOPERASI USAHA KECIL DAN MENENGAH;5.2.02.05.002.00006;Belanja Modal Alat Rumah Tangga Lainnya (Home Use);3851700;3855000
2026;2.17.3.30.3.31.01.0000;DINAS PERDAGANGAN, PERINDUSTRIAN, KOPERASI USAHA KECIL DAN MENENGAH;2.17.01.2.08.0002;Penyediaan Jasa Komunikasi, Sumber Daya Air dan Listrik;2.17.3.30.3.31.01.0000;DINAS PERDAGANGAN, PERINDUSTRIAN, KOPERASI USAHA KECIL DAN MENENGAH;5.1.02.02.001.00059;Belanja Tagihan Telepon;2862350;3000000
2026;2.17.3.30.3.31.01.0000;DINAS PERDAGANGAN, PERINDUSTRIAN, KOPERASI USAHA KECIL DAN MENENGAH;2.17.01.2.08.0002;Penyediaan Jasa Komunikasi, Sumber Daya Air dan Listrik;2.17.3.30.3.31.01.0000;DINAS PERDAGANGAN, PERINDUSTRIAN, KOPERASI USAHA KECIL DAN MENENGAH;5.1.02.02.001.00060;Belanja Tagihan Air;14702100;33351268
2026;2.17.3.30.3.31.01.0000;DINAS PERDAGANGAN, PERINDUSTRIAN, KOPERASI USAHA KECIL DAN MENENGAH;2.17.01.2.08.0002;Penyediaan Jasa Komunikasi, Sumber Daya Air dan Listrik;2.17.3.30.3.31.01.0000;DINAS PERDAGANGAN, PERINDUSTRIAN, KOPERASI USAHA KECIL DAN MENENGAH;5.1.02.02.001.00061;Belanja Tagihan Listrik;32237286;103972754
2026;2.17.3.30.3.31.01.0000;DINAS PERDAGANGAN, PERINDUSTRIAN, KOPERASI USAHA KECIL DAN MENENGAH;2.17.01.2.08.0002;Penyediaan Jasa Komunikasi, Sumber Daya Air dan Listrik;2.17.3.30.3.31.01.0000;DINAS PERDAGANGAN, PERINDUSTRIAN, KOPERASI USAHA KECIL DAN MENENGAH;5.1.02.02.001.00063;Belanja Kawat/Faksimili/Internet/TV Berlangganan;5247680;8991360
2026;2.17.3.30.3.31.01.0000;DINAS PERDAGANGAN, PERINDUSTRIAN, KOPERASI USAHA KECIL DAN MENENGAH;2.17.01.2.08.0003;Penyediaan Jasa Peralatan dan Perlengkapan Kantor;2.17.3.30.3.31.01.0000;DINAS PERDAGANGAN, PERINDUSTRIAN, KOPERASI USAHA KECIL DAN MENENGAH;5.1.02.03.002.00411;Belanja Pemeliharaan Komputer-Peralatan Komputer-Peralatan Komputer Lainnya;3035000;9410000
2026;2.17.3.30.3.31.01.0000;DINAS PERDAGANGAN, PERINDUSTRIAN, KOPERASI USAHA KECIL DAN MENENGAH;2.17.01.2.09.0002;Penyediaan Jasa Pemeliharaan, Biaya Pemeliharaan, Pajak dan Perizinan Kendaraan Dinas Operasional atau Lapangan;2.17.3.30.3.31.01.0000;DINAS PERDAGANGAN, PERINDUSTRIAN, KOPERASI USAHA KECIL DAN MENENGAH;5.1.02.01.004.00035;Belanja Peralatan dan Mesin-Alat Angkutan-Alat Angkutan Darat Bermotor-Kendaraan Dinas Bermotor Pero;8522000;15000000
2026;2.17.3.30.3.31.01.0000;DINAS PERDAGANGAN, PERINDUSTRIAN, KOPERASI USAHA KECIL DAN MENENGAH;2.17.01.2.09.0002;Penyediaan Jasa Pemeliharaan, Biaya Pemeliharaan, Pajak dan Perizinan Kendaraan Dinas Operasional atau Lapangan;2.17.3.30.3.31.01.0000;DINAS PERDAGANGAN, PERINDUSTRIAN, KOPERASI USAHA KECIL DAN MENENGAH;5.1.02.03.002.00043;Belanja Pemeliharaan Alat Angkutan-Alat Angkutan Darat Bermotor-Alat Angkutan Darat Bermotor Lainnya;14710200;30000000
2026;2.17.3.30.3.31.01.0000;DINAS PERDAGANGAN, PERINDUSTRIAN, KOPERASI USAHA KECIL DAN MENENGAH;2.17.01.2.09.0011;Pemeliharaan/Rehabilitasi Sarana dan Prasarana Pendukung Gedung Kantor atau Bangunan Lainnya;2.17.3.30.3.31.01.0000;DINAS PERDAGANGAN, PERINDUSTRIAN, KOPERASI USAHA KECIL DAN MENENGAH;5.1.02.03.002.00121;Belanja Pemeliharaan Alat Kantor dan Rumah Tangga-Alat Rumah Tangga-Alat Pendingin;820000;3050000
2026;2.17.3.30.3.31.01.0000;DINAS PERDAGANGAN, PERINDUSTRIAN, KOPERASI USAHA KECIL DAN MENENGAH;2.17.03.2.01.0003;Penguatan Tata Kelola Kelembagaan Koperasi;2.17.3.30.3.31.01.0000;DINAS PERDAGANGAN, PERINDUSTRIAN, KOPERASI USAHA KECIL DAN MENENGAH;5.1.02.01.001.00025;Belanja Alat/Bahan untuk Kegiatan Kantor- Kertas dan Cover;598901;635200
2026;2.17.3.30.3.31.01.0000;DINAS PERDAGANGAN, PERINDUSTRIAN, KOPERASI USAHA KECIL DAN MENENGAH;2.17.03.2.01.0003;Penguatan Tata Kelola Kelembagaan Koperasi;2.17.3.30.3.31.01.0000;DINAS PERDAGANGAN, PERINDUSTRIAN, KOPERASI USAHA KECIL DAN MENENGAH;5.1.02.01.001.00029;Belanja Alat/Bahan untuk Kegiatan Kantor-Bahan Komputer;77589;97000
2026;2.17.3.30.3.31.01.0000;DINAS PERDAGANGAN, PERINDUSTRIAN, KOPERASI USAHA KECIL DAN MENENGAH;2.17.03.2.01.0003;Penguatan Tata Kelola Kelembagaan Koperasi;2.17.3.30.3.31.01.0000;DINAS PERDAGANGAN, PERINDUSTRIAN, KOPERASI USAHA KECIL DAN MENENGAH;5.1.02.04.001.00003;Belanja Perjalanan Dinas Dalam Kota;366000;1260000
2026;2.17.3.30.3.31.01.0000;DINAS PERDAGANGAN, PERINDUSTRIAN, KOPERASI USAHA KECIL DAN MENENGAH;2.17.04.2.01.0001;Pelaksanaan Penilaian Kesehatan KSP/USP Koperasi Kewenangan Kabupaten/Kota;2.17.3.30.3.31.01.0000;DINAS PERDAGANGAN, PERINDUSTRIAN, KOPERASI USAHA KECIL DAN MENENGAH;5.1.02.01.001.00025;Belanja Alat/Bahan untuk Kegiatan Kantor- Kertas dan Cover;0;728000
2026;2.17.3.30.3.31.01.0000;DINAS PERDAGANGAN, PERINDUSTRIAN, KOPERASI USAHA KECIL DAN MENENGAH;2.17.04.2.01.0001;Pelaksanaan Penilaian Kesehatan KSP/USP Koperasi Kewenangan Kabupaten/Kota;2.17.3.30.3.31.01.0000;DINAS PERDAGANGAN, PERINDUSTRIAN, KOPERASI USAHA KECIL DAN MENENGAH;5.1.02.01.001.00029;Belanja Alat/Bahan untuk Kegiatan Kantor-Bahan Komputer;0;1687800
2026;2.17.3.30.3.31.01.0000;DINAS PERDAGANGAN, PERINDUSTRIAN, KOPERASI USAHA KECIL DAN MENENGAH;2.17.04.2.01.0001;Pelaksanaan Penilaian Kesehatan KSP/USP Koperasi Kewenangan Kabupaten/Kota;2.17.3.30.3.31.01.0000;DINAS PERDAGANGAN, PERINDUSTRIAN, KOPERASI USAHA KECIL DAN MENENGAH;5.1.02.04.001.00001;Belanja Perjalanan Dinas Biasa;0;4140000
2026;2.17.3.30.3.31.01.0000;DINAS PERDAGANGAN, PERINDUSTRIAN, KOPERASI USAHA KECIL DAN MENENGAH;2.17.04.2.01.0001;Pelaksanaan Penilaian Kesehatan KSP/USP Koperasi Kewenangan Kabupaten/Kota;2.17.3.30.3.31.01.0000;DINAS PERDAGANGAN, PERINDUSTRIAN, KOPERASI USAHA KECIL DAN MENENGAH;5.1.02.04.001.00003;Belanja Perjalanan Dinas Dalam Kota;140000;13440000
2026;2.17.3.30.3.31.01.0000;DINAS PERDAGANGAN, PERINDUSTRIAN, KOPERASI USAHA KECIL DAN MENENGAH;2.17.06.2.01.0004;Fasilitasi Kemitraan Koperasi yang Keanggotaannya Daerah Kabupaten/Kota;2.17.3.30.3.31.01.0000;DINAS PERDAGANGAN, PERINDUSTRIAN, KOPERASI USAHA KECIL DAN MENENGAH;5.1.02.01.001.00024;Belanja Alat/Bahan untuk Kegiatan Kantor-Alat Tulis Kantor;0;1857200
2026;2.17.3.30.3.31.01.0000;DINAS PERDAGANGAN, PERINDUSTRIAN, KOPERASI USAHA KECIL DAN MENENGAH;2.17.06.2.01.0004;Fasilitasi Kemitraan Koperasi yang Keanggotaannya Daerah Kabupaten/Kota;2.17.3.30.3.31.01.0000;DINAS PERDAGANGAN, PERINDUSTRIAN, KOPERASI USAHA KECIL DAN MENENGAH;5.1.02.01.001.00025;Belanja Alat/Bahan untuk Kegiatan Kantor- Kertas dan Cover;0;1621600
2026;2.17.3.30.3.31.01.0000;DINAS PERDAGANGAN, PERINDUSTRIAN, KOPERASI USAHA KECIL DAN MENENGAH;2.17.06.2.01.0004;Fasilitasi Kemitraan Koperasi yang Keanggotaannya Daerah Kabupaten/Kota;2.17.3.30.3.31.01.0000;DINAS PERDAGANGAN, PERINDUSTRIAN, KOPERASI USAHA KECIL DAN MENENGAH;5.1.02.01.001.00029;Belanja Alat/Bahan untuk Kegiatan Kantor-Bahan Komputer;0;1609700
2026;2.17.3.30.3.31.01.0000;DINAS PERDAGANGAN, PERINDUSTRIAN, KOPERASI USAHA KECIL DAN MENENGAH;2.17.06.2.01.0004;Fasilitasi Kemitraan Koperasi yang Keanggotaannya Daerah Kabupaten/Kota;2.17.3.30.3.31.01.0000;DINAS PERDAGANGAN, PERINDUSTRIAN, KOPERASI USAHA KECIL DAN MENENGAH;5.1.02.01.001.00052;Belanja Makanan dan Minuman Rapat;2190000;11823600
2026;2.17.3.30.3.31.01.0000;DINAS PERDAGANGAN, PERINDUSTRIAN, KOPERASI USAHA KECIL DAN MENENGAH;2.17.06.2.01.0004;Fasilitasi Kemitraan Koperasi yang Keanggotaannya Daerah Kabupaten/Kota;2.17.3.30.3.31.01.0000;DINAS PERDAGANGAN, PERINDUSTRIAN, KOPERASI USAHA KECIL DAN MENENGAH;5.1.02.02.001.00003;Honorarium Narasumber atau Pembahas, Moderator, Pembawa Acara, dan Panitia;0;40000000
2026;2.17.3.30.3.31.01.0000;DINAS PERDAGANGAN, PERINDUSTRIAN, KOPERASI USAHA KECIL DAN MENENGAH;2.17.06.2.01.0004;Fasilitasi Kemitraan Koperasi yang Keanggotaannya Daerah Kabupaten/Kota;2.17.3.30.3.31.01.0000;DINAS PERDAGANGAN, PERINDUSTRIAN, KOPERASI USAHA KECIL DAN MENENGAH;5.1.02.02.005.00009;Belanja Sewa Bangunan Gedung Tempat Pertemuan;0;2000000
2026;2.17.3.30.3.31.01.0000;DINAS PERDAGANGAN, PERINDUSTRIAN, KOPERASI USAHA KECIL DAN MENENGAH;2.17.06.2.01.0004;Fasilitasi Kemitraan Koperasi yang Keanggotaannya Daerah Kabupaten/Kota;2.17.3.30.3.31.01.0000;DINAS PERDAGANGAN, PERINDUSTRIAN, KOPERASI USAHA KECIL DAN MENENGAH;5.1.02.04.001.00001;Belanja Perjalanan Dinas Biasa;8332000;33927500
2026;2.17.3.30.3.31.01.0000;DINAS PERDAGANGAN, PERINDUSTRIAN, KOPERASI USAHA KECIL DAN MENENGAH;2.17.06.2.01.0004;Fasilitasi Kemitraan Koperasi yang Keanggotaannya Daerah Kabupaten/Kota;2.17.3.30.3.31.01.0000;DINAS PERDAGANGAN, PERINDUSTRIAN, KOPERASI USAHA KECIL DAN MENENGAH;5.1.02.04.001.00003;Belanja Perjalanan Dinas Dalam Kota;6953900;33180000
2026;2.17.3.30.3.31.01.0000;DINAS PERDAGANGAN, PERINDUSTRIAN, KOPERASI USAHA KECIL DAN MENENGAH;2.17.07.2.01.0002;Pemberdayaan Melalui Kemitraan Usaha Mikro;2.17.3.30.3.31.01.0000;DINAS PERDAGANGAN, PERINDUSTRIAN, KOPERASI USAHA KECIL DAN MENENGAH;5.1.02.04.001.00003;Belanja Perjalanan Dinas Dalam Kota;5707000;17990000
2026;2.17.3.30.3.31.01.0000;DINAS PERDAGANGAN, PERINDUSTRIAN, KOPERASI USAHA KECIL DAN MENENGAH;2.17.08.2.01.0002;Pengembangan Usaha Mikro;2.17.3.30.3.31.01.0000;DINAS PERDAGANGAN, PERINDUSTRIAN, KOPERASI USAHA KECIL DAN MENENGAH;5.1.02.01.001.00025;Belanja Alat/Bahan untuk Kegiatan Kantor- Kertas dan Cover;598901;635200
2026;2.17.3.30.3.31.01.0000;DINAS PERDAGANGAN, PERINDUSTRIAN, KOPERASI USAHA KECIL DAN MENENGAH;2.17.08.2.01.0002;Pengembangan Usaha Mikro;2.17.3.30.3.31.01.0000;DINAS PERDAGANGAN, PERINDUSTRIAN, KOPERASI USAHA KECIL DAN MENENGAH;5.1.02.01.001.00029;Belanja Alat/Bahan untuk Kegiatan Kantor-Bahan Komputer;77589;97000
2026;2.17.3.30.3.31.01.0000;DINAS PERDAGANGAN, PERINDUSTRIAN, KOPERASI USAHA KECIL DAN MENENGAH;2.17.08.2.01.0002;Pengembangan Usaha Mikro;2.17.3.30.3.31.01.0000;DINAS PERDAGANGAN, PERINDUSTRIAN, KOPERASI USAHA KECIL DAN MENENGAH;5.1.02.04.001.00003;Belanja Perjalanan Dinas Dalam Kota;392000;2772000
2026;2.17.3.30.3.31.01.0000;DINAS PERDAGANGAN, PERINDUSTRIAN, KOPERASI USAHA KECIL DAN MENENGAH;3.30.03.2.01.0001;Penyediaan Sarana Distribusi Perdagangan;2.17.3.30.3.31.01.0000;DINAS PERDAGANGAN, PERINDUSTRIAN, KOPERASI USAHA KECIL DAN MENENGAH;5.1.02.02.008.00002;Belanja Jasa Konsultansi Perencanaan Arsitektur-Jasa Desain Arsitektural;0;0
2026;2.17.3.30.3.31.01.0000;DINAS PERDAGANGAN, PERINDUSTRIAN, KOPERASI USAHA KECIL DAN MENENGAH;3.30.03.2.01.0001;Penyediaan Sarana Distribusi Perdagangan;2.17.3.30.3.31.01.0000;DINAS PERDAGANGAN, PERINDUSTRIAN, KOPERASI USAHA KECIL DAN MENENGAH;5.1.02.02.008.00018;Belanja Jasa Konsultansi Pengawasan Arsitektur;0;0
2026;2.17.3.30.3.31.01.0000;DINAS PERDAGANGAN, PERINDUSTRIAN, KOPERASI USAHA KECIL DAN MENENGAH;3.30.03.2.01.0001;Penyediaan Sarana Distribusi Perdagangan;2.17.3.30.3.31.01.0000;DINAS PERDAGANGAN, PERINDUSTRIAN, KOPERASI USAHA KECIL DAN MENENGAH;5.1.02.04.001.00003;Belanja Perjalanan Dinas Dalam Kota;433300;2184000
2026;2.17.3.30.3.31.01.0000;DINAS PERDAGANGAN, PERINDUSTRIAN, KOPERASI USAHA KECIL DAN MENENGAH;3.30.03.2.01.0001;Penyediaan Sarana Distribusi Perdagangan;2.17.3.30.3.31.01.0000;DINAS PERDAGANGAN, PERINDUSTRIAN, KOPERASI USAHA KECIL DAN MENENGAH;5.2.03.01.001.00012;Belanja Modal Bangunan Gedung Pertokoan/Koperasi/Pasar;0;158908000
2026;2.17.3.30.3.31.01.0000;DINAS PERDAGANGAN, PERINDUSTRIAN, KOPERASI USAHA KECIL DAN MENENGAH;3.30.03.2.01.0002;Fasilitasi Pengelolaan Sarana Distribusi Perdagangan;2.17.3.30.3.31.01.0000;DINAS PERDAGANGAN, PERINDUSTRIAN, KOPERASI USAHA KECIL DAN MENENGAH;5.1.02.01.001.00025;Belanja Alat/Bahan untuk Kegiatan Kantor- Kertas dan Cover;1033965;1118000
2026;2.17.3.30.3.31.01.0000;DINAS PERDAGANGAN, PERINDUSTRIAN, KOPERASI USAHA KECIL DAN MENENGAH;3.30.03.2.01.0002;Fasilitasi Pengelolaan Sarana Distribusi Perdagangan;2.17.3.30.3.31.01.0000;DINAS PERDAGANGAN, PERINDUSTRIAN, KOPERASI USAHA KECIL DAN MENENGAH;5.1.02.01.001.00029;Belanja Alat/Bahan untuk Kegiatan Kantor-Bahan Komputer;369197;452100
2026;2.17.3.30.3.31.01.0000;DINAS PERDAGANGAN, PERINDUSTRIAN, KOPERASI USAHA KECIL DAN MENENGAH;3.30.03.2.01.0002;Fasilitasi Pengelolaan Sarana Distribusi Perdagangan;2.17.3.30.3.31.01.0000;DINAS PERDAGANGAN, PERINDUSTRIAN, KOPERASI USAHA KECIL DAN MENENGAH;5.1.02.01.001.00030;Belanja Alat/Bahan untuk Kegiatan Kantor-Perabot Kantor;2753300;2753300
2026;2.17.3.30.3.31.01.0000;DINAS PERDAGANGAN, PERINDUSTRIAN, KOPERASI USAHA KECIL DAN MENENGAH;3.30.03.2.01.0002;Fasilitasi Pengelolaan Sarana Distribusi Perdagangan;2.17.3.30.3.31.01.0000;DINAS PERDAGANGAN, PERINDUSTRIAN, KOPERASI USAHA KECIL DAN MENENGAH;5.1.02.02.001.00030;Belanja Jasa Tenaga Kebersihan;0;0
2026;2.17.3.30.3.31.01.0000;DINAS PERDAGANGAN, PERINDUSTRIAN, KOPERASI USAHA KECIL DAN MENENGAH;3.30.03.2.01.0002;Fasilitasi Pengelolaan Sarana Distribusi Perdagangan;2.17.3.30.3.31.01.0000;DINAS PERDAGANGAN, PERINDUSTRIAN, KOPERASI USAHA KECIL DAN MENENGAH;5.1.02.03.003.00001;Belanja Pemeliharaan Bangunan Gedung-Bangunan Gedung Tempat Kerja-Bangunan Gedung Kantor;24211000;48578500
2026;2.17.3.30.3.31.01.0000;DINAS PERDAGANGAN, PERINDUSTRIAN, KOPERASI USAHA KECIL DAN MENENGAH;3.30.03.2.02.0001;Pembinaan dan Pengendalian Pengelola Sarana Distribusi Perdagangan;2.17.3.30.3.31.01.0000;DINAS PERDAGANGAN, PERINDUSTRIAN, KOPERASI USAHA KECIL DAN MENENGAH;5.1.02.04.001.00003;Belanja Perjalanan Dinas Dalam Kota;100000;1092000
2026;2.17.3.30.3.31.01.0000;DINAS PERDAGANGAN, PERINDUSTRIAN, KOPERASI USAHA KECIL DAN MENENGAH;3.30.04.2.01.0001;Koordinasi dan Sinkronisasi Ketersediaan Barang Kebutuhan Pokok dan Barang Penting di Tingkat Agen dan Pasar Rakyat;2.17.3.30.3.31.01.0000;DINAS PERDAGANGAN, PERINDUSTRIAN, KOPERASI USAHA KECIL DAN MENENGAH;5.1.02.04.001.00003;Belanja Perjalanan Dinas Dalam Kota;0;1092000
2026;2.17.3.30.3.31.01.0000;DINAS PERDAGANGAN, PERINDUSTRIAN, KOPERASI USAHA KECIL DAN MENENGAH;3.30.04.2.02.0002;Pemantauan Harga dan Stok Barang Kebutuhan Pokok dan Barang Penting pada Pasar Rakyat yang Terintegrasi dalam Sistem Informasi Perdagangan;2.17.3.30.3.31.01.0000;DINAS PERDAGANGAN, PERINDUSTRIAN, KOPERASI USAHA KECIL DAN MENENGAH;5.1.02.04.001.00003;Belanja Perjalanan Dinas Dalam Kota;265900;1092000
2026;2.17.3.30.3.31.01.0000;DINAS PERDAGANGAN, PERINDUSTRIAN, KOPERASI USAHA KECIL DAN MENENGAH;3.30.04.2.02.0003;Pelaksanaan Operasi Pasar Reguler dan Pasar Khusus yang Berdampak dalam 1 (Satu) Kabupaten/Kota;2.17.3.30.3.31.01.0000;DINAS PERDAGANGAN, PERINDUSTRIAN, KOPERASI USAHA KECIL DAN MENENGAH;5.1.02.04.001.00003;Belanja Perjalanan Dinas Dalam Kota;120000;1540000
2026;2.17.3.30.3.31.01.0000;DINAS PERDAGANGAN, PERINDUSTRIAN, KOPERASI USAHA KECIL DAN MENENGAH;3.30.04.2.03.0002;Pengawasan Pengadaan Pupuk dan Pestisida Bersubsidi;2.17.3.30.3.31.01.0000;DINAS PERDAGANGAN, PERINDUSTRIAN, KOPERASI USAHA KECIL DAN MENENGAH;5.1.02.04.001.00003;Belanja Perjalanan Dinas Dalam Kota;0;1092000
2026;2.17.3.30.3.31.01.0000;DINAS PERDAGANGAN, PERINDUSTRIAN, KOPERASI USAHA KECIL DAN MENENGAH;3.30.06.2.01.0001;Pelaksanaan Metrologi Legal, Berupa Tera, Tera Ulang;2.17.3.30.3.31.01.0000;DINAS PERDAGANGAN, PERINDUSTRIAN, KOPERASI USAHA KECIL DAN MENENGAH;5.1.02.01.001.00004;Belanja Bahan-Bahan Bakar dan Pelumas;0;0
2026;2.17.3.30.3.31.01.0000;DINAS PERDAGANGAN, PERINDUSTRIAN, KOPERASI USAHA KECIL DAN MENENGAH;3.30.06.2.01.0001;Pelaksanaan Metrologi Legal, Berupa Tera, Tera Ulang;2.17.3.30.3.31.01.0000;DINAS PERDAGANGAN, PERINDUSTRIAN, KOPERASI USAHA KECIL DAN MENENGAH;5.1.02.01.001.00024;Belanja Alat/Bahan untuk Kegiatan Kantor-Alat Tulis Kantor;444000;744000
2026;2.17.3.30.3.31.01.0000;DINAS PERDAGANGAN, PERINDUSTRIAN, KOPERASI USAHA KECIL DAN MENENGAH;3.30.06.2.01.0001;Pelaksanaan Metrologi Legal, Berupa Tera, Tera Ulang;2.17.3.30.3.31.01.0000;DINAS PERDAGANGAN, PERINDUSTRIAN, KOPERASI USAHA KECIL DAN MENENGAH;5.1.02.01.001.00025;Belanja Alat/Bahan untuk Kegiatan Kantor- Kertas dan Cover;263736;291200
2026;2.17.3.30.3.31.01.0000;DINAS PERDAGANGAN, PERINDUSTRIAN, KOPERASI USAHA KECIL DAN MENENGAH;3.30.06.2.01.0001;Pelaksanaan Metrologi Legal, Berupa Tera, Tera Ulang;2.17.3.30.3.31.01.0000;DINAS PERDAGANGAN, PERINDUSTRIAN, KOPERASI USAHA KECIL DAN MENENGAH;5.1.02.04.001.00001;Belanja Perjalanan Dinas Biasa;647500;4910000
2026;2.17.3.30.3.31.01.0000;DINAS PERDAGANGAN, PERINDUSTRIAN, KOPERASI USAHA KECIL DAN MENENGAH;3.30.06.2.01.0001;Pelaksanaan Metrologi Legal, Berupa Tera, Tera Ulang;2.17.3.30.3.31.01.0000;DINAS PERDAGANGAN, PERINDUSTRIAN, KOPERASI USAHA KECIL DAN MENENGAH;5.1.02.04.001.00003;Belanja Perjalanan Dinas Dalam Kota;850000;7644000
2026;2.17.3.30.3.31.01.0000;DINAS PERDAGANGAN, PERINDUSTRIAN, KOPERASI USAHA KECIL DAN MENENGAH;3.30.06.2.01.0002;Pengawasan/Penyuluhan Metrologi Legal;2.17.3.30.3.31.01.0000;DINAS PERDAGANGAN, PERINDUSTRIAN, KOPERASI USAHA KECIL DAN MENENGAH;5.1.02.01.001.00004;Belanja Bahan-Bahan Bakar dan Pelumas;0;0
2026;2.17.3.30.3.31.01.0000;DINAS PERDAGANGAN, PERINDUSTRIAN, KOPERASI USAHA KECIL DAN MENENGAH;3.30.06.2.01.0002;Pengawasan/Penyuluhan Metrologi Legal;2.17.3.30.3.31.01.0000;DINAS PERDAGANGAN, PERINDUSTRIAN, KOPERASI USAHA KECIL DAN MENENGAH;5.1.02.01.001.00024;Belanja Alat/Bahan untuk Kegiatan Kantor-Alat Tulis Kantor;230702;323409
2026;2.17.3.30.3.31.01.0000;DINAS PERDAGANGAN, PERINDUSTRIAN, KOPERASI USAHA KECIL DAN MENENGAH;3.30.06.2.01.0002;Pengawasan/Penyuluhan Metrologi Legal;2.17.3.30.3.31.01.0000;DINAS PERDAGANGAN, PERINDUSTRIAN, KOPERASI USAHA KECIL DAN MENENGAH;5.1.02.01.001.00025;Belanja Alat/Bahan untuk Kegiatan Kantor- Kertas dan Cover;338661;396802
2026;2.17.3.30.3.31.01.0000;DINAS PERDAGANGAN, PERINDUSTRIAN, KOPERASI USAHA KECIL DAN MENENGAH;3.30.06.2.01.0002;Pengawasan/Penyuluhan Metrologi Legal;2.17.3.30.3.31.01.0000;DINAS PERDAGANGAN, PERINDUSTRIAN, KOPERASI USAHA KECIL DAN MENENGAH;5.1.02.01.001.00029;Belanja Alat/Bahan untuk Kegiatan Kantor-Bahan Komputer;332445;382900
2026;2.17.3.30.3.31.01.0000;DINAS PERDAGANGAN, PERINDUSTRIAN, KOPERASI USAHA KECIL DAN MENENGAH;3.30.06.2.01.0002;Pengawasan/Penyuluhan Metrologi Legal;2.17.3.30.3.31.01.0000;DINAS PERDAGANGAN, PERINDUSTRIAN, KOPERASI USAHA KECIL DAN MENENGAH;5.1.02.04.001.00003;Belanja Perjalanan Dinas Dalam Kota;216500;3360000
2026;2.17.3.30.3.31.01.0000;DINAS PERDAGANGAN, PERINDUSTRIAN, KOPERASI USAHA KECIL DAN MENENGAH;3.30.07.2.01.0005;Pelaksanaan Promosi Penggunaan Produk Dalam Negeri di Tingkat Kabupaten/Kota;2.17.3.30.3.31.01.0000;DINAS PERDAGANGAN, PERINDUSTRIAN, KOPERASI USAHA KECIL DAN MENENGAH;5.1.02.04.001.00003;Belanja Perjalanan Dinas Dalam Kota;0;1092000
2026;2.17.3.30.3.31.01.0000;DINAS PERDAGANGAN, PERINDUSTRIAN, KOPERASI USAHA KECIL DAN MENENGAH;3.31.02.2.01.0003;Koordinasi, Sinkronisasi, dan Pelaksanaan Pembangunan Sumber Daya Industri;2.17.3.30.3.31.01.0000;DINAS PERDAGANGAN, PERINDUSTRIAN, KOPERASI USAHA KECIL DAN MENENGAH;5.1.02.04.001.00001;Belanja Perjalanan Dinas Biasa;461500;3735000
2026;2.17.3.30.3.31.01.0000;DINAS PERDAGANGAN, PERINDUSTRIAN, KOPERASI USAHA KECIL DAN MENENGAH;3.31.02.2.01.0003;Koordinasi, Sinkronisasi, dan Pelaksanaan Pembangunan Sumber Daya Industri;2.17.3.30.3.31.01.0000;DINAS PERDAGANGAN, PERINDUSTRIAN, KOPERASI USAHA KECIL DAN MENENGAH;5.1.02.04.001.00003;Belanja Perjalanan Dinas Dalam Kota;0;1260000
2026;2.17.3.30.3.31.01.0000;DINAS PERDAGANGAN, PERINDUSTRIAN, KOPERASI USAHA KECIL DAN MENENGAH;3.31.02.2.01.0004;Koordinasi, Sinkronisasi, dan Pelaksanaan Pembangunan Sarana dan Prasarana Industri;2.17.3.30.3.31.01.0000;DINAS PERDAGANGAN, PERINDUSTRIAN, KOPERASI USAHA KECIL DAN MENENGAH;5.1.02.04.001.00001;Belanja Perjalanan Dinas Biasa;0;4875000
2026;2.17.3.30.3.31.01.0000;DINAS PERDAGANGAN, PERINDUSTRIAN, KOPERASI USAHA KECIL DAN MENENGAH;3.31.02.2.01.0004;Koordinasi, Sinkronisasi, dan Pelaksanaan Pembangunan Sarana dan Prasarana Industri;2.17.3.30.3.31.01.0000;DINAS PERDAGANGAN, PERINDUSTRIAN, KOPERASI USAHA KECIL DAN MENENGAH;5.1.02.04.001.00003;Belanja Perjalanan Dinas Dalam Kota;0;2520000
2026;2.17.3.30.3.31.01.0000;DINAS PERDAGANGAN, PERINDUSTRIAN, KOPERASI USAHA KECIL DAN MENENGAH;3.31.02.2.01.0005;Koordinasi, Sinkronisasi, dan Pelaksanaan Pemberdayaan Industri dan Peran Serta Masyarakat;2.17.3.30.3.31.01.0000;DINAS PERDAGANGAN, PERINDUSTRIAN, KOPERASI USAHA KECIL DAN MENENGAH;5.1.02.01.001.00024;Belanja Alat/Bahan untuk Kegiatan Kantor-Alat Tulis Kantor;0;2860000
2026;2.17.3.30.3.31.01.0000;DINAS PERDAGANGAN, PERINDUSTRIAN, KOPERASI USAHA KECIL DAN MENENGAH;3.31.02.2.01.0005;Koordinasi, Sinkronisasi, dan Pelaksanaan Pemberdayaan Industri dan Peran Serta Masyarakat;2.17.3.30.3.31.01.0000;DINAS PERDAGANGAN, PERINDUSTRIAN, KOPERASI USAHA KECIL DAN MENENGAH;5.1.02.01.001.00025;Belanja Alat/Bahan untuk Kegiatan Kantor- Kertas dan Cover;1520145;1522200
2026;2.17.3.30.3.31.01.0000;DINAS PERDAGANGAN, PERINDUSTRIAN, KOPERASI USAHA KECIL DAN MENENGAH;3.31.02.2.01.0005;Koordinasi, Sinkronisasi, dan Pelaksanaan Pemberdayaan Industri dan Peran Serta Masyarakat;2.17.3.30.3.31.01.0000;DINAS PERDAGANGAN, PERINDUSTRIAN, KOPERASI USAHA KECIL DAN MENENGAH;5.1.02.01.001.00029;Belanja Alat/Bahan untuk Kegiatan Kantor-Bahan Komputer;1378687;1401800
2026;2.17.3.30.3.31.01.0000;DINAS PERDAGANGAN, PERINDUSTRIAN, KOPERASI USAHA KECIL DAN MENENGAH;3.31.02.2.01.0005;Koordinasi, Sinkronisasi, dan Pelaksanaan Pemberdayaan Industri dan Peran Serta Masyarakat;2.17.3.30.3.31.01.0000;DINAS PERDAGANGAN, PERINDUSTRIAN, KOPERASI USAHA KECIL DAN MENENGAH;5.1.02.01.001.00030;Belanja Alat/Bahan untuk Kegiatan Kantor-Perabot Kantor;17393250;17394000
2026;2.17.3.30.3.31.01.0000;DINAS PERDAGANGAN, PERINDUSTRIAN, KOPERASI USAHA KECIL DAN MENENGAH;3.31.02.2.01.0005;Koordinasi, Sinkronisasi, dan Pelaksanaan Pemberdayaan Industri dan Peran Serta Masyarakat;2.17.3.30.3.31.01.0000;DINAS PERDAGANGAN, PERINDUSTRIAN, KOPERASI USAHA KECIL DAN MENENGAH;5.1.02.01.001.00032;Belanja Alat/Bahan untuk Kegiatan Kantor-Perlengkapan Dinas;0;34500000
2026;2.17.3.30.3.31.01.0000;DINAS PERDAGANGAN, PERINDUSTRIAN, KOPERASI USAHA KECIL DAN MENENGAH;3.31.02.2.01.0005;Koordinasi, Sinkronisasi, dan Pelaksanaan Pemberdayaan Industri dan Peran Serta Masyarakat;2.17.3.30.3.31.01.0000;DINAS PERDAGANGAN, PERINDUSTRIAN, KOPERASI USAHA KECIL DAN MENENGAH;5.1.02.01.001.00036;Belanja Alat/Bahan untuk Kegiatan Kantor-Alat/Bahan untuk Kegiatan Kantor Lainnya;57500000;0
2026;2.17.3.30.3.31.01.0000;DINAS PERDAGANGAN, PERINDUSTRIAN, KOPERASI USAHA KECIL DAN MENENGAH;3.31.02.2.01.0005;Koordinasi, Sinkronisasi, dan Pelaksanaan Pemberdayaan Industri dan Peran Serta Masyarakat;2.17.3.30.3.31.01.0000;DINAS PERDAGANGAN, PERINDUSTRIAN, KOPERASI USAHA KECIL DAN MENENGAH;5.1.02.01.001.00043;Belanja Natura dan Pakan-Natura;47091216;0
2026;2.17.3.30.3.31.01.0000;DINAS PERDAGANGAN, PERINDUSTRIAN, KOPERASI USAHA KECIL DAN MENENGAH;3.31.02.2.01.0005;Koordinasi, Sinkronisasi, dan Pelaksanaan Pemberdayaan Industri dan Peran Serta Masyarakat;2.17.3.30.3.31.01.0000;DINAS PERDAGANGAN, PERINDUSTRIAN, KOPERASI USAHA KECIL DAN MENENGAH;5.1.02.01.001.00052;Belanja Makanan dan Minuman Rapat;0;5665000
2026;2.17.3.30.3.31.01.0000;DINAS PERDAGANGAN, PERINDUSTRIAN, KOPERASI USAHA KECIL DAN MENENGAH;3.31.02.2.01.0005;Koordinasi, Sinkronisasi, dan Pelaksanaan Pemberdayaan Industri dan Peran Serta Masyarakat;2.17.3.30.3.31.01.0000;DINAS PERDAGANGAN, PERINDUSTRIAN, KOPERASI USAHA KECIL DAN MENENGAH;5.1.02.02.001.00048;Belanja Jasa Kontribusi Asosiasi;0;15000000
2026;2.17.3.30.3.31.01.0000;DINAS PERDAGANGAN, PERINDUSTRIAN, KOPERASI USAHA KECIL DAN MENENGAH;3.31.02.2.01.0005;Koordinasi, Sinkronisasi, dan Pelaksanaan Pemberdayaan Industri dan Peran Serta Masyarakat;2.17.3.30.3.31.01.0000;DINAS PERDAGANGAN, PERINDUSTRIAN, KOPERASI USAHA KECIL DAN MENENGAH;5.1.02.04.001.00001;Belanja Perjalanan Dinas Biasa;86000317;234155000
2026;2.17.3.30.3.31.01.0000;DINAS PERDAGANGAN, PERINDUSTRIAN, KOPERASI USAHA KECIL DAN MENENGAH;3.31.02.2.01.0005;Koordinasi, Sinkronisasi, dan Pelaksanaan Pemberdayaan Industri dan Peran Serta Masyarakat;2.17.3.30.3.31.01.0000;DINAS PERDAGANGAN, PERINDUSTRIAN, KOPERASI USAHA KECIL DAN MENENGAH;5.1.02.04.001.00003;Belanja Perjalanan Dinas Dalam Kota;322500;17220000
2026;2.17.3.30.3.31.01.0000;DINAS PERDAGANGAN, PERINDUSTRIAN, KOPERASI USAHA KECIL DAN MENENGAH;3.31.04.2.01.0001;Fasilitasi Pengumpulan, Pengolahan dan Analisis Data Industri, Data Kawasan Industri serta Data Lain Lingkup Kabupaten/Kota Melalui Sistem Informasi Industri Nasional (SIINas);2.17.3.30.3.31.01.0000;DINAS PERDAGANGAN, PERINDUSTRIAN, KOPERASI USAHA KECIL DAN MENENGAH;5.1.02.04.001.00003;Belanja Perjalanan Dinas Dalam Kota;124000;840000
2026;1.04.2.11.0.00.01.0000;DINAS PERUMAHAN, KAWASAN PERMUKIMAN DAN LINGKUNGAN HIDUP;1.03.03.2.01.0032;Perluasan Sistem Penyediaan Air Minum (SPAM) Jaringan Perpipaan;1.04.2.11.0.00.01.0000;DINAS PERUMAHAN, KAWASAN PERMUKIMAN DAN LINGKUNGAN HIDUP;5.1.02.01.001.00039;Belanja Barang untuk Dijual/Diserahkan kepada Masyarakat;59913300;200000000
2026;1.04.2.11.0.00.01.0000;DINAS PERUMAHAN, KAWASAN PERMUKIMAN DAN LINGKUNGAN HIDUP;1.03.03.2.01.0032;Perluasan Sistem Penyediaan Air Minum (SPAM) Jaringan Perpipaan;1.04.2.11.0.00.01.0000;DINAS PERUMAHAN, KAWASAN PERMUKIMAN DAN LINGKUNGAN HIDUP;5.1.02.02.008.00008;Belanja Jasa Konsultansi Perencanaan Rekayasa-Jasa Desain Rekayasa untuk Pekerjaan Teknik Sipil Air;14973800;115000000
2026;1.04.2.11.0.00.01.0000;DINAS PERUMAHAN, KAWASAN PERMUKIMAN DAN LINGKUNGAN HIDUP;1.03.03.2.01.0032;Perluasan Sistem Penyediaan Air Minum (SPAM) Jaringan Perpipaan;1.04.2.11.0.00.01.0000;DINAS PERUMAHAN, KAWASAN PERMUKIMAN DAN LINGKUNGAN HIDUP;5.1.02.04.001.00003;Belanja Perjalanan Dinas Dalam Kota;0;2177000
2026;1.04.2.11.0.00.01.0000;DINAS PERUMAHAN, KAWASAN PERMUKIMAN DAN LINGKUNGAN HIDUP;1.03.05.2.01.0044;Penyediaan Unit pengolahan setempat;1.04.2.11.0.00.01.0000;DINAS PERUMAHAN, KAWASAN PERMUKIMAN DAN LINGKUNGAN HIDUP;5.1.02.01.001.00024;Belanja Alat/Bahan untuk Kegiatan Kantor-Alat Tulis Kantor;0;1406150
2026;1.04.2.11.0.00.01.0000;DINAS PERUMAHAN, KAWASAN PERMUKIMAN DAN LINGKUNGAN HIDUP;1.03.05.2.01.0044;Penyediaan Unit pengolahan setempat;1.04.2.11.0.00.01.0000;DINAS PERUMAHAN, KAWASAN PERMUKIMAN DAN LINGKUNGAN HIDUP;5.1.02.01.001.00025;Belanja Alat/Bahan untuk Kegiatan Kantor- Kertas dan Cover;0;834300
2026;1.04.2.11.0.00.01.0000;DINAS PERUMAHAN, KAWASAN PERMUKIMAN DAN LINGKUNGAN HIDUP;1.03.05.2.01.0044;Penyediaan Unit pengolahan setempat;1.04.2.11.0.00.01.0000;DINAS PERUMAHAN, KAWASAN PERMUKIMAN DAN LINGKUNGAN HIDUP;5.1.02.01.001.00029;Belanja Alat/Bahan untuk Kegiatan Kantor-Bahan Komputer;0;767550
2026;1.04.2.11.0.00.01.0000;DINAS PERUMAHAN, KAWASAN PERMUKIMAN DAN LINGKUNGAN HIDUP;1.03.05.2.01.0044;Penyediaan Unit pengolahan setempat;1.04.2.11.0.00.01.0000;DINAS PERUMAHAN, KAWASAN PERMUKIMAN DAN LINGKUNGAN HIDUP;5.1.02.01.001.00039;Belanja Barang untuk Dijual/Diserahkan kepada Masyarakat;0;117000000
2026;1.04.2.11.0.00.01.0000;DINAS PERUMAHAN, KAWASAN PERMUKIMAN DAN LINGKUNGAN HIDUP;1.03.05.2.01.0044;Penyediaan Unit pengolahan setempat;1.04.2.11.0.00.01.0000;DINAS PERUMAHAN, KAWASAN PERMUKIMAN DAN LINGKUNGAN HIDUP;5.1.02.04.001.00003;Belanja Perjalanan Dinas Dalam Kota;0;2922000
2026;1.04.2.11.0.00.01.0000;DINAS PERUMAHAN, KAWASAN PERMUKIMAN DAN LINGKUNGAN HIDUP;1.04.01.2.02.0001;Penyediaan Gaji dan Tunjangan ASN;1.04.2.11.0.00.01.0000;DINAS PERUMAHAN, KAWASAN PERMUKIMAN DAN LINGKUNGAN HIDUP;5.1.01.01.001.00001;Belanja Gaji Pokok PNS;1260259200;1994519986
2026;1.04.2.11.0.00.01.0000;DINAS PERUMAHAN, KAWASAN PERMUKIMAN DAN LINGKUNGAN HIDUP;1.04.01.2.02.0001;Penyediaan Gaji dan Tunjangan ASN;1.04.2.11.0.00.01.0000;DINAS PERUMAHAN, KAWASAN PERMUKIMAN DAN LINGKUNGAN HIDUP;5.1.01.01.001.00002;Belanja Gaji Pokok PPPK;486135902;858271660
2026;1.04.2.11.0.00.01.0000;DINAS PERUMAHAN, KAWASAN PERMUKIMAN DAN LINGKUNGAN HIDUP;1.04.01.2.02.0001;Penyediaan Gaji dan Tunjangan ASN;1.04.2.11.0.00.01.0000;DINAS PERUMAHAN, KAWASAN PERMUKIMAN DAN LINGKUNGAN HIDUP;5.1.01.01.002.00001;Belanja Tunjangan Keluarga PNS;113875287;187413413
2026;1.04.2.11.0.00.01.0000;DINAS PERUMAHAN, KAWASAN PERMUKIMAN DAN LINGKUNGAN HIDUP;1.04.01.2.02.0001;Penyediaan Gaji dan Tunjangan ASN;1.04.2.11.0.00.01.0000;DINAS PERUMAHAN, KAWASAN PERMUKIMAN DAN LINGKUNGAN HIDUP;5.1.01.01.002.00002;Belanja Tunjangan Keluarga PPPK;48691365;88280339
2026;1.04.2.11.0.00.01.0000;DINAS PERUMAHAN, KAWASAN PERMUKIMAN DAN LINGKUNGAN HIDUP;1.04.01.2.02.0001;Penyediaan Gaji dan Tunjangan ASN;1.04.2.11.0.00.01.0000;DINAS PERUMAHAN, KAWASAN PERMUKIMAN DAN LINGKUNGAN HIDUP;5.1.01.01.003.00001;Belanja Tunjangan Jabatan PNS;68265000;125921250
2026;1.04.2.11.0.00.01.0000;DINAS PERUMAHAN, KAWASAN PERMUKIMAN DAN LINGKUNGAN HIDUP;1.04.01.2.02.0001;Penyediaan Gaji dan Tunjangan ASN;1.04.2.11.0.00.01.0000;DINAS PERUMAHAN, KAWASAN PERMUKIMAN DAN LINGKUNGAN HIDUP;5.1.01.01.004.00001;Belanja Tunjangan Fungsional PNS;28620000;49494000
2026;1.04.2.11.0.00.01.0000;DINAS PERUMAHAN, KAWASAN PERMUKIMAN DAN LINGKUNGAN HIDUP;1.04.01.2.02.0001;Penyediaan Gaji dan Tunjangan ASN;1.04.2.11.0.00.01.0000;DINAS PERUMAHAN, KAWASAN PERMUKIMAN DAN LINGKUNGAN HIDUP;5.1.01.01.005.00001;Belanja Tunjangan Fungsional Umum PNS;51990000;85097500
2026;1.04.2.11.0.00.01.0000;DINAS PERUMAHAN, KAWASAN PERMUKIMAN DAN LINGKUNGAN HIDUP;1.04.01.2.02.0001;Penyediaan Gaji dan Tunjangan ASN;1.04.2.11.0.00.01.0000;DINAS PERUMAHAN, KAWASAN PERMUKIMAN DAN LINGKUNGAN HIDUP;5.1.01.01.005.00002;Belanja Tunjangan Fungsional Umum PPPK;31088328;54954750
2026;1.04.2.11.0.00.01.0000;DINAS PERUMAHAN, KAWASAN PERMUKIMAN DAN LINGKUNGAN HIDUP;1.04.01.2.02.0001;Penyediaan Gaji dan Tunjangan ASN;1.04.2.11.0.00.01.0000;DINAS PERUMAHAN, KAWASAN PERMUKIMAN DAN LINGKUNGAN HIDUP;5.1.01.01.006.00001;Belanja Tunjangan Beras PNS;71768220;117736815
2026;1.04.2.11.0.00.01.0000;DINAS PERUMAHAN, KAWASAN PERMUKIMAN DAN LINGKUNGAN HIDUP;1.04.01.2.02.0001;Penyediaan Gaji dan Tunjangan ASN;1.04.2.11.0.00.01.0000;DINAS PERUMAHAN, KAWASAN PERMUKIMAN DAN LINGKUNGAN HIDUP;5.1.01.01.006.00002;Belanja Tunjangan Beras PPPK;33095940;59235939
2026;1.04.2.11.0.00.01.0000;DINAS PERUMAHAN, KAWASAN PERMUKIMAN DAN LINGKUNGAN HIDUP;1.04.01.2.02.0001;Penyediaan Gaji dan Tunjangan ASN;1.04.2.11.0.00.01.0000;DINAS PERUMAHAN, KAWASAN PERMUKIMAN DAN LINGKUNGAN HIDUP;5.1.01.01.007.00001;Belanja Tunjangan PPh/Tunjangan Khusus PNS;3178276;28087858
2026;1.04.2.11.0.00.01.0000;DINAS PERUMAHAN, KAWASAN PERMUKIMAN DAN LINGKUNGAN HIDUP;1.04.01.2.02.0001;Penyediaan Gaji dan Tunjangan ASN;1.04.2.11.0.00.01.0000;DINAS PERUMAHAN, KAWASAN PERMUKIMAN DAN LINGKUNGAN HIDUP;5.1.01.01.008.00001;Belanja Pembulatan Gaji PNS;17067;32949
2026;1.04.2.11.0.00.01.0000;DINAS PERUMAHAN, KAWASAN PERMUKIMAN DAN LINGKUNGAN HIDUP;1.04.01.2.02.0001;Penyediaan Gaji dan Tunjangan ASN;1.04.2.11.0.00.01.0000;DINAS PERUMAHAN, KAWASAN PERMUKIMAN DAN LINGKUNGAN HIDUP;5.1.01.01.008.00002;Belanja Pembulatan Gaji PPPK;8418;21178
2026;1.04.2.11.0.00.01.0000;DINAS PERUMAHAN, KAWASAN PERMUKIMAN DAN LINGKUNGAN HIDUP;1.04.01.2.02.0001;Penyediaan Gaji dan Tunjangan ASN;1.04.2.11.0.00.01.0000;DINAS PERUMAHAN, KAWASAN PERMUKIMAN DAN LINGKUNGAN HIDUP;5.1.01.01.009.00001;Belanja Iuran Jaminan Kesehatan PNS;60175004;171608908
2026;1.04.2.11.0.00.01.0000;DINAS PERUMAHAN, KAWASAN PERMUKIMAN DAN LINGKUNGAN HIDUP;1.04.01.2.02.0001;Penyediaan Gaji dan Tunjangan ASN;1.04.2.11.0.00.01.0000;DINAS PERUMAHAN, KAWASAN PERMUKIMAN DAN LINGKUNGAN HIDUP;5.1.01.01.009.00002;Belanja Iuran Jaminan Kesehatan PPPK;19473694;40032281
2026;1.04.2.11.0.00.01.0000;DINAS PERUMAHAN, KAWASAN PERMUKIMAN DAN LINGKUNGAN HIDUP;1.04.01.2.02.0001;Penyediaan Gaji dan Tunjangan ASN;1.04.2.11.0.00.01.0000;DINAS PERUMAHAN, KAWASAN PERMUKIMAN DAN LINGKUNGAN HIDUP;5.1.01.01.010.00001;Belanja Iuran Jaminan Kecelakaan Kerja PNS;2345767;4976599
2026;1.04.2.11.0.00.01.0000;DINAS PERUMAHAN, KAWASAN PERMUKIMAN DAN LINGKUNGAN HIDUP;1.04.01.2.02.0001;Penyediaan Gaji dan Tunjangan ASN;1.04.2.11.0.00.01.0000;DINAS PERUMAHAN, KAWASAN PERMUKIMAN DAN LINGKUNGAN HIDUP;5.1.01.01.010.00002;Belanja Iuran Jaminan Kecelakaan Kerja PPPK;1004115;2110337
2026;1.04.2.11.0.00.01.0000;DINAS PERUMAHAN, KAWASAN PERMUKIMAN DAN LINGKUNGAN HIDUP;1.04.01.2.02.0001;Penyediaan Gaji dan Tunjangan ASN;1.04.2.11.0.00.01.0000;DINAS PERUMAHAN, KAWASAN PERMUKIMAN DAN LINGKUNGAN HIDUP;5.1.01.01.011.00001;Belanja Iuran Jaminan Kematian PNS;7037239;14926648
2026;1.04.2.11.0.00.01.0000;DINAS PERUMAHAN, KAWASAN PERMUKIMAN DAN LINGKUNGAN HIDUP;1.04.01.2.02.0001;Penyediaan Gaji dan Tunjangan ASN;1.04.2.11.0.00.01.0000;DINAS PERUMAHAN, KAWASAN PERMUKIMAN DAN LINGKUNGAN HIDUP;5.1.01.01.011.00002;Belanja Iuran Jaminan Kematian PPPK;3012212;6123501
2026;1.04.2.11.0.00.01.0000;DINAS PERUMAHAN, KAWASAN PERMUKIMAN DAN LINGKUNGAN HIDUP;1.04.01.2.02.0001;Penyediaan Gaji dan Tunjangan ASN;1.04.2.11.0.00.01.0000;DINAS PERUMAHAN, KAWASAN PERMUKIMAN DAN LINGKUNGAN HIDUP;5.1.01.01.012.00001;Belanja Iuran Simpanan Peserta Tabungan Perumahan Rakyat PNS;0;10472600
2026;1.04.2.11.0.00.01.0000;DINAS PERUMAHAN, KAWASAN PERMUKIMAN DAN LINGKUNGAN HIDUP;1.04.01.2.02.0001;Penyediaan Gaji dan Tunjangan ASN;1.04.2.11.0.00.01.0000;DINAS PERUMAHAN, KAWASAN PERMUKIMAN DAN LINGKUNGAN HIDUP;5.1.01.01.012.00002;Belanja Iuran Simpanan Peserta Tabungan Perumahan Rakyat PPPK;0;4291358
2026;1.04.2.11.0.00.01.0000;DINAS PERUMAHAN, KAWASAN PERMUKIMAN DAN LINGKUNGAN HIDUP;1.04.01.2.02.0001;Penyediaan Gaji dan Tunjangan ASN;1.04.2.11.0.00.01.0000;DINAS PERUMAHAN, KAWASAN PERMUKIMAN DAN LINGKUNGAN HIDUP;5.1.01.02.001.00001;Tambahan Penghasilan berdasarkan Beban Kerja PNS;440836996;719297660
2026;1.04.2.11.0.00.01.0000;DINAS PERUMAHAN, KAWASAN PERMUKIMAN DAN LINGKUNGAN HIDUP;1.04.01.2.02.0001;Penyediaan Gaji dan Tunjangan ASN;1.04.2.11.0.00.01.0000;DINAS PERUMAHAN, KAWASAN PERMUKIMAN DAN LINGKUNGAN HIDUP;5.1.01.02.003.00001;Tambahan Penghasilan berdasarkan Kondisi Kerja PNS;14720000;30030000
2026;1.04.2.11.0.00.01.0000;DINAS PERUMAHAN, KAWASAN PERMUKIMAN DAN LINGKUNGAN HIDUP;1.04.01.2.02.0001;Penyediaan Gaji dan Tunjangan ASN;1.04.2.11.0.00.01.0000;DINAS PERUMAHAN, KAWASAN PERMUKIMAN DAN LINGKUNGAN HIDUP;5.1.02.02.001.00080;Belanja Honorarium Penanggungjawaban Pengelola Keuangan;9455000;27130000
2026;1.04.2.11.0.00.01.0000;DINAS PERUMAHAN, KAWASAN PERMUKIMAN DAN LINGKUNGAN HIDUP;1.04.01.2.02.0001;Penyediaan Gaji dan Tunjangan ASN;1.04.2.11.0.00.01.0000;DINAS PERUMAHAN, KAWASAN PERMUKIMAN DAN LINGKUNGAN HIDUP;5.1.02.02.001.00088;Belanja jasa Pegawai Pemerintah dengan Perjanjian Kerja (PPPK) Paruh Waktu pada jabatan operator lay;30750000;61500000
2026;1.04.2.11.0.00.01.0000;DINAS PERUMAHAN, KAWASAN PERMUKIMAN DAN LINGKUNGAN HIDUP;1.04.01.2.02.0001;Penyediaan Gaji dan Tunjangan ASN;1.04.2.11.0.00.01.0000;DINAS PERUMAHAN, KAWASAN PERMUKIMAN DAN LINGKUNGAN HIDUP;5.1.02.02.002.00006;Belanja Iuran Jaminan Kecelakaan Kerja bagi Non ASN;0;0
2026;1.04.2.11.0.00.01.0000;DINAS PERUMAHAN, KAWASAN PERMUKIMAN DAN LINGKUNGAN HIDUP;1.04.01.2.02.0001;Penyediaan Gaji dan Tunjangan ASN;1.04.2.11.0.00.01.0000;DINAS PERUMAHAN, KAWASAN PERMUKIMAN DAN LINGKUNGAN HIDUP;5.1.02.02.002.00007;Belanja Iuran Jaminan Kematian bagi Non ASN;0;0
2026;1.04.2.11.0.00.01.0000;DINAS PERUMAHAN, KAWASAN PERMUKIMAN DAN LINGKUNGAN HIDUP;1.04.01.2.02.0001;Penyediaan Gaji dan Tunjangan ASN;1.04.2.11.0.00.01.0000;DINAS PERUMAHAN, KAWASAN PERMUKIMAN DAN LINGKUNGAN HIDUP;5.1.02.02.002.00019;Belanja Iuran Jaminan Kesehatan bagi PPPK Paruh Waktu pada Jabatan Operator Layanan Operasional;0;7639080
2026;1.04.2.11.0.00.01.0000;DINAS PERUMAHAN, KAWASAN PERMUKIMAN DAN LINGKUNGAN HIDUP;1.04.01.2.02.0001;Penyediaan Gaji dan Tunjangan ASN;1.04.2.11.0.00.01.0000;DINAS PERUMAHAN, KAWASAN PERMUKIMAN DAN LINGKUNGAN HIDUP;5.1.02.02.002.00027;Belanja Iuran Jaminan Kecelakaan Kerja bagi PPPK Paruh Waktu pada Jabatan Operator Layanan Operasion;25555;306660
2026;1.04.2.11.0.00.01.0000;DINAS PERUMAHAN, KAWASAN PERMUKIMAN DAN LINGKUNGAN HIDUP;1.04.01.2.02.0001;Penyediaan Gaji dan Tunjangan ASN;1.04.2.11.0.00.01.0000;DINAS PERUMAHAN, KAWASAN PERMUKIMAN DAN LINGKUNGAN HIDUP;5.1.02.02.002.00035;Belanja Iuran Jaminan Kematian bagi PPPK Paruh Waktu pada Jabatan Operator Layanan Operasional;31945;383340
2026;1.04.2.11.0.00.01.0000;DINAS PERUMAHAN, KAWASAN PERMUKIMAN DAN LINGKUNGAN HIDUP;1.04.01.2.06.0004;Penyediaan Bahan Logistik Kantor;1.04.2.11.0.00.01.0000;DINAS PERUMAHAN, KAWASAN PERMUKIMAN DAN LINGKUNGAN HIDUP;5.1.02.01.001.00024;Belanja Alat/Bahan untuk Kegiatan Kantor-Alat Tulis Kantor;621900;1058350
2026;1.04.2.11.0.00.01.0000;DINAS PERUMAHAN, KAWASAN PERMUKIMAN DAN LINGKUNGAN HIDUP;1.04.01.2.06.0004;Penyediaan Bahan Logistik Kantor;1.04.2.11.0.00.01.0000;DINAS PERUMAHAN, KAWASAN PERMUKIMAN DAN LINGKUNGAN HIDUP;5.1.02.01.001.00025;Belanja Alat/Bahan untuk Kegiatan Kantor- Kertas dan Cover;1612886;3255750
2026;1.04.2.11.0.00.01.0000;DINAS PERUMAHAN, KAWASAN PERMUKIMAN DAN LINGKUNGAN HIDUP;1.04.01.2.06.0004;Penyediaan Bahan Logistik Kantor;1.04.2.11.0.00.01.0000;DINAS PERUMAHAN, KAWASAN PERMUKIMAN DAN LINGKUNGAN HIDUP;5.1.02.01.001.00029;Belanja Alat/Bahan untuk Kegiatan Kantor-Bahan Komputer;1216782;3110000
2026;1.04.2.11.0.00.01.0000;DINAS PERUMAHAN, KAWASAN PERMUKIMAN DAN LINGKUNGAN HIDUP;1.04.01.2.06.0004;Penyediaan Bahan Logistik Kantor;1.04.2.11.0.00.01.0000;DINAS PERUMAHAN, KAWASAN PERMUKIMAN DAN LINGKUNGAN HIDUP;5.1.02.01.001.00036;Belanja Alat/Bahan untuk Kegiatan Kantor-Alat/Bahan untuk Kegiatan Kantor Lainnya;257775;449800
2026;1.04.2.11.0.00.01.0000;DINAS PERUMAHAN, KAWASAN PERMUKIMAN DAN LINGKUNGAN HIDUP;1.04.01.2.06.0005;Penyediaan Barang Cetakan dan Penggandaan;1.04.2.11.0.00.01.0000;DINAS PERUMAHAN, KAWASAN PERMUKIMAN DAN LINGKUNGAN HIDUP;5.1.02.01.001.00024;Belanja Alat/Bahan untuk Kegiatan Kantor-Alat Tulis Kantor;3142496;6490711
2026;1.04.2.11.0.00.01.0000;DINAS PERUMAHAN, KAWASAN PERMUKIMAN DAN LINGKUNGAN HIDUP;1.04.01.2.06.0008;Fasilitasi Kunjungan Tamu;1.04.2.11.0.00.01.0000;DINAS PERUMAHAN, KAWASAN PERMUKIMAN DAN LINGKUNGAN HIDUP;5.1.02.01.001.00053;Belanja Makanan dan Minuman Jamuan Tamu;841300;1702900
2026;1.04.2.11.0.00.01.0000;DINAS PERUMAHAN, KAWASAN PERMUKIMAN DAN LINGKUNGAN HIDUP;1.04.01.2.06.0009;Penyelenggaraan Rapat Koordinasi dan Konsultasi SKPD;1.04.2.11.0.00.01.0000;DINAS PERUMAHAN, KAWASAN PERMUKIMAN DAN LINGKUNGAN HIDUP;5.1.02.04.001.00001;Belanja Perjalanan Dinas Biasa;6104700;25025000
2026;1.04.2.11.0.00.01.0000;DINAS PERUMAHAN, KAWASAN PERMUKIMAN DAN LINGKUNGAN HIDUP;1.04.01.2.06.0009;Penyelenggaraan Rapat Koordinasi dan Konsultasi SKPD;1.04.2.11.0.00.01.0000;DINAS PERUMAHAN, KAWASAN PERMUKIMAN DAN LINGKUNGAN HIDUP;5.1.02.04.001.00003;Belanja Perjalanan Dinas Dalam Kota;0;5880000
2026;1.04.2.11.0.00.01.0000;DINAS PERUMAHAN, KAWASAN PERMUKIMAN DAN LINGKUNGAN HIDUP;1.04.01.2.08.0002;Penyediaan Jasa Komunikasi, Sumber Daya Air dan Listrik;1.04.2.11.0.00.01.0000;DINAS PERUMAHAN, KAWASAN PERMUKIMAN DAN LINGKUNGAN HIDUP;5.1.02.02.001.00060;Belanja Tagihan Air;23654800;55114500
2026;1.04.2.11.0.00.01.0000;DINAS PERUMAHAN, KAWASAN PERMUKIMAN DAN LINGKUNGAN HIDUP;1.04.01.2.08.0002;Penyediaan Jasa Komunikasi, Sumber Daya Air dan Listrik;1.04.2.11.0.00.01.0000;DINAS PERUMAHAN, KAWASAN PERMUKIMAN DAN LINGKUNGAN HIDUP;5.1.02.02.001.00061;Belanja Tagihan Listrik;67177452;195915510
2026;1.04.2.11.0.00.01.0000;DINAS PERUMAHAN, KAWASAN PERMUKIMAN DAN LINGKUNGAN HIDUP;1.04.01.2.08.0002;Penyediaan Jasa Komunikasi, Sumber Daya Air dan Listrik;1.04.2.11.0.00.01.0000;DINAS PERUMAHAN, KAWASAN PERMUKIMAN DAN LINGKUNGAN HIDUP;5.1.02.02.001.00063;Belanja Kawat/Faksimili/Internet/TV Berlangganan;7209786;14098560
2026;1.04.2.11.0.00.01.0000;DINAS PERUMAHAN, KAWASAN PERMUKIMAN DAN LINGKUNGAN HIDUP;1.04.01.2.08.0004;Penyediaan Jasa Pelayanan Umum Kantor;1.04.2.11.0.00.01.0000;DINAS PERUMAHAN, KAWASAN PERMUKIMAN DAN LINGKUNGAN HIDUP;5.1.02.02.001.00030;Belanja Jasa Tenaga Kebersihan;55990705;107790948
2026;1.04.2.11.0.00.01.0000;DINAS PERUMAHAN, KAWASAN PERMUKIMAN DAN LINGKUNGAN HIDUP;1.04.01.2.08.0004;Penyediaan Jasa Pelayanan Umum Kantor;1.04.2.11.0.00.01.0000;DINAS PERUMAHAN, KAWASAN PERMUKIMAN DAN LINGKUNGAN HIDUP;5.1.02.02.001.00031;Belanja Jasa Tenaga Keamanan;0;0
2026;1.04.2.11.0.00.01.0000;DINAS PERUMAHAN, KAWASAN PERMUKIMAN DAN LINGKUNGAN HIDUP;1.04.01.2.09.0001;Penyediaan Jasa Pemeliharaan, Biaya Pemeliharaan, dan Pajak Kendaraan Perorangan Dinas atau Kendaraan Dinas Jabatan;1.04.2.11.0.00.01.0000;DINAS PERUMAHAN, KAWASAN PERMUKIMAN DAN LINGKUNGAN HIDUP;5.1.02.03.002.00035;Belanja Pemeliharaan Alat Angkutan-Alat Angkutan Darat Bermotor-Kendaraan Dinas Bermotor Perorangan;6516400;10000000
2026;1.04.2.11.0.00.01.0000;DINAS PERUMAHAN, KAWASAN PERMUKIMAN DAN LINGKUNGAN HIDUP;1.04.01.2.09.0002;Penyediaan Jasa Pemeliharaan, Biaya Pemeliharaan, Pajak dan Perizinan Kendaraan Dinas Operasional atau Lapangan;1.04.2.11.0.00.01.0000;DINAS PERUMAHAN, KAWASAN PERMUKIMAN DAN LINGKUNGAN HIDUP;5.1.02.03.002.00039;Belanja Pemeliharaan Alat Angkutan-Alat Angkutan Darat Bermotor-Kendaraan Bermotor Beroda Tiga;0;0
2026;1.04.2.11.0.00.01.0000;DINAS PERUMAHAN, KAWASAN PERMUKIMAN DAN LINGKUNGAN HIDUP;1.04.01.2.09.0002;Penyediaan Jasa Pemeliharaan, Biaya Pemeliharaan, Pajak dan Perizinan Kendaraan Dinas Operasional atau Lapangan;1.04.2.11.0.00.01.0000;DINAS PERUMAHAN, KAWASAN PERMUKIMAN DAN LINGKUNGAN HIDUP;5.1.02.03.002.00043;Belanja Pemeliharaan Alat Angkutan-Alat Angkutan Darat Bermotor-Alat Angkutan Darat Bermotor Lainnya;9586050;30000000
2026;1.04.2.11.0.00.01.0000;DINAS PERUMAHAN, KAWASAN PERMUKIMAN DAN LINGKUNGAN HIDUP;1.04.01.2.09.0006;Pemeliharaan Peralatan dan Mesin Lainnya;1.04.2.11.0.00.01.0000;DINAS PERUMAHAN, KAWASAN PERMUKIMAN DAN LINGKUNGAN HIDUP;5.1.02.01.002.00005;Belanja Komponen-Attachment;0;0
2026;1.04.2.11.0.00.01.0000;DINAS PERUMAHAN, KAWASAN PERMUKIMAN DAN LINGKUNGAN HIDUP;1.04.01.2.09.0006;Pemeliharaan Peralatan dan Mesin Lainnya;1.04.2.11.0.00.01.0000;DINAS PERUMAHAN, KAWASAN PERMUKIMAN DAN LINGKUNGAN HIDUP;5.1.02.03.002.00034;Belanja Pemeliharaan Alat Besar-Alat Bantu-Alat Bantu Lainnya;0;0
2026;1.04.2.11.0.00.01.0000;DINAS PERUMAHAN, KAWASAN PERMUKIMAN DAN LINGKUNGAN HIDUP;1.04.01.2.09.0006;Pemeliharaan Peralatan dan Mesin Lainnya;1.04.2.11.0.00.01.0000;DINAS PERUMAHAN, KAWASAN PERMUKIMAN DAN LINGKUNGAN HIDUP;5.1.02.03.002.00047;Belanja Pemeliharaan Alat Angkutan-Alat Angkutan Darat Tak Bermotor-Alat Angkutan Darat Tak Bemotor;19933500;21680000
2026;1.04.2.11.0.00.01.0000;DINAS PERUMAHAN, KAWASAN PERMUKIMAN DAN LINGKUNGAN HIDUP;1.04.01.2.09.0011;Pemeliharaan/Rehabilitasi Sarana dan Prasarana Pendukung Gedung Kantor atau Bangunan Lainnya;1.04.2.11.0.00.01.0000;DINAS PERUMAHAN, KAWASAN PERMUKIMAN DAN LINGKUNGAN HIDUP;5.1.02.01.001.00009;Belanja Bahan-Isi Tabung Pemadam Kebakaran;0;0
2026;1.04.2.11.0.00.01.0000;DINAS PERUMAHAN, KAWASAN PERMUKIMAN DAN LINGKUNGAN HIDUP;1.04.01.2.09.0011;Pemeliharaan/Rehabilitasi Sarana dan Prasarana Pendukung Gedung Kantor atau Bangunan Lainnya;1.04.2.11.0.00.01.0000;DINAS PERUMAHAN, KAWASAN PERMUKIMAN DAN LINGKUNGAN HIDUP;5.1.02.03.002.00121;Belanja Pemeliharaan Alat Kantor dan Rumah Tangga-Alat Rumah Tangga-Alat Pendingin;1800000;3050000
2026;1.04.2.11.0.00.01.0000;DINAS PERUMAHAN, KAWASAN PERMUKIMAN DAN LINGKUNGAN HIDUP;1.04.01.2.09.0011;Pemeliharaan/Rehabilitasi Sarana dan Prasarana Pendukung Gedung Kantor atau Bangunan Lainnya;1.04.2.11.0.00.01.0000;DINAS PERUMAHAN, KAWASAN PERMUKIMAN DAN LINGKUNGAN HIDUP;5.1.02.03.002.00411;Belanja Pemeliharaan Komputer-Peralatan Komputer-Peralatan Komputer Lainnya;485000;2150000
2026;1.04.2.11.0.00.01.0000;DINAS PERUMAHAN, KAWASAN PERMUKIMAN DAN LINGKUNGAN HIDUP;1.04.02.2.01.0009;Identifikasi Perumahan di Lokasi Rawan Bencana Kabupaten/Kota;1.04.2.11.0.00.01.0000;DINAS PERUMAHAN, KAWASAN PERMUKIMAN DAN LINGKUNGAN HIDUP;5.1.02.01.001.00024;Belanja Alat/Bahan untuk Kegiatan Kantor-Alat Tulis Kantor;129750;167500
2026;1.04.2.11.0.00.01.0000;DINAS PERUMAHAN, KAWASAN PERMUKIMAN DAN LINGKUNGAN HIDUP;1.04.02.2.01.0009;Identifikasi Perumahan di Lokasi Rawan Bencana Kabupaten/Kota;1.04.2.11.0.00.01.0000;DINAS PERUMAHAN, KAWASAN PERMUKIMAN DAN LINGKUNGAN HIDUP;5.1.02.01.001.00025;Belanja Alat/Bahan untuk Kegiatan Kantor- Kertas dan Cover;0;145600
2026;1.04.2.11.0.00.01.0000;DINAS PERUMAHAN, KAWASAN PERMUKIMAN DAN LINGKUNGAN HIDUP;1.04.02.2.01.0009;Identifikasi Perumahan di Lokasi Rawan Bencana Kabupaten/Kota;1.04.2.11.0.00.01.0000;DINAS PERUMAHAN, KAWASAN PERMUKIMAN DAN LINGKUNGAN HIDUP;5.1.02.01.001.00029;Belanja Alat/Bahan untuk Kegiatan Kantor-Bahan Komputer;314900;382900
2026;1.04.2.11.0.00.01.0000;DINAS PERUMAHAN, KAWASAN PERMUKIMAN DAN LINGKUNGAN HIDUP;1.04.02.2.01.0009;Identifikasi Perumahan di Lokasi Rawan Bencana Kabupaten/Kota;1.04.2.11.0.00.01.0000;DINAS PERUMAHAN, KAWASAN PERMUKIMAN DAN LINGKUNGAN HIDUP;5.1.02.04.001.00003;Belanja Perjalanan Dinas Dalam Kota;0;1092000
2026;1.04.2.11.0.00.01.0000;DINAS PERUMAHAN, KAWASAN PERMUKIMAN DAN LINGKUNGAN HIDUP;1.04.02.2.03.0004;Pembangunan Rumah bagi Korban Bencana;1.04.2.11.0.00.01.0000;DINAS PERUMAHAN, KAWASAN PERMUKIMAN DAN LINGKUNGAN HIDUP;5.1.02.01.001.00024;Belanja Alat/Bahan untuk Kegiatan Kantor-Alat Tulis Kantor;170000;194600
2026;1.04.2.11.0.00.01.0000;DINAS PERUMAHAN, KAWASAN PERMUKIMAN DAN LINGKUNGAN HIDUP;1.04.02.2.03.0004;Pembangunan Rumah bagi Korban Bencana;1.04.2.11.0.00.01.0000;DINAS PERUMAHAN, KAWASAN PERMUKIMAN DAN LINGKUNGAN HIDUP;5.1.02.01.001.00025;Belanja Alat/Bahan untuk Kegiatan Kantor- Kertas dan Cover;216000;417150
2026;1.04.2.11.0.00.01.0000;DINAS PERUMAHAN, KAWASAN PERMUKIMAN DAN LINGKUNGAN HIDUP;1.04.02.2.03.0004;Pembangunan Rumah bagi Korban Bencana;1.04.2.11.0.00.01.0000;DINAS PERUMAHAN, KAWASAN PERMUKIMAN DAN LINGKUNGAN HIDUP;5.1.02.01.001.00039;Belanja Barang untuk Dijual/Diserahkan kepada Masyarakat;97500000;100000000
2026;1.04.2.11.0.00.01.0000;DINAS PERUMAHAN, KAWASAN PERMUKIMAN DAN LINGKUNGAN HIDUP;1.04.02.2.03.0004;Pembangunan Rumah bagi Korban Bencana;1.04.2.11.0.00.01.0000;DINAS PERUMAHAN, KAWASAN PERMUKIMAN DAN LINGKUNGAN HIDUP;5.1.02.04.001.00001;Belanja Perjalanan Dinas Biasa;0;3500000
2026;1.04.2.11.0.00.01.0000;DINAS PERUMAHAN, KAWASAN PERMUKIMAN DAN LINGKUNGAN HIDUP;1.04.02.2.03.0004;Pembangunan Rumah bagi Korban Bencana;1.04.2.11.0.00.01.0000;DINAS PERUMAHAN, KAWASAN PERMUKIMAN DAN LINGKUNGAN HIDUP;5.1.02.04.001.00003;Belanja Perjalanan Dinas Dalam Kota;206400;2940000
2026;1.04.2.11.0.00.01.0000;DINAS PERUMAHAN, KAWASAN PERMUKIMAN DAN LINGKUNGAN HIDUP;1.04.02.2.03.0004;Pembangunan Rumah bagi Korban Bencana;1.04.2.11.0.00.01.0000;DINAS PERUMAHAN, KAWASAN PERMUKIMAN DAN LINGKUNGAN HIDUP;5.1.02.04.001.00005;Belanja Perjalanan Dinas Paket Meeting Luar Kota;0;0
2026;1.04.2.11.0.00.01.0000;DINAS PERUMAHAN, KAWASAN PERMUKIMAN DAN LINGKUNGAN HIDUP;1.04.03.2.03.0002;Perbaikan Rumah Tidak Layak Huni;1.04.2.11.0.00.01.0000;DINAS PERUMAHAN, KAWASAN PERMUKIMAN DAN LINGKUNGAN HIDUP;5.1.02.01.001.00024;Belanja Alat/Bahan untuk Kegiatan Kantor-Alat Tulis Kantor;0;6545250
2026;1.04.2.11.0.00.01.0000;DINAS PERUMAHAN, KAWASAN PERMUKIMAN DAN LINGKUNGAN HIDUP;1.04.03.2.03.0002;Perbaikan Rumah Tidak Layak Huni;1.04.2.11.0.00.01.0000;DINAS PERUMAHAN, KAWASAN PERMUKIMAN DAN LINGKUNGAN HIDUP;5.1.02.01.001.00025;Belanja Alat/Bahan untuk Kegiatan Kantor- Kertas dan Cover;216000;1209000
2026;1.04.2.11.0.00.01.0000;DINAS PERUMAHAN, KAWASAN PERMUKIMAN DAN LINGKUNGAN HIDUP;1.04.03.2.03.0002;Perbaikan Rumah Tidak Layak Huni;1.04.2.11.0.00.01.0000;DINAS PERUMAHAN, KAWASAN PERMUKIMAN DAN LINGKUNGAN HIDUP;5.1.02.01.001.00029;Belanja Alat/Bahan untuk Kegiatan Kantor-Bahan Komputer;434380;1163600
2026;1.04.2.11.0.00.01.0000;DINAS PERUMAHAN, KAWASAN PERMUKIMAN DAN LINGKUNGAN HIDUP;1.04.03.2.03.0002;Perbaikan Rumah Tidak Layak Huni;1.04.2.11.0.00.01.0000;DINAS PERUMAHAN, KAWASAN PERMUKIMAN DAN LINGKUNGAN HIDUP;5.1.02.01.001.00039;Belanja Barang untuk Dijual/Diserahkan kepada Masyarakat;333750000;720000000
2026;1.04.2.11.0.00.01.0000;DINAS PERUMAHAN, KAWASAN PERMUKIMAN DAN LINGKUNGAN HIDUP;1.04.03.2.03.0002;Perbaikan Rumah Tidak Layak Huni;1.04.2.11.0.00.01.0000;DINAS PERUMAHAN, KAWASAN PERMUKIMAN DAN LINGKUNGAN HIDUP;5.1.02.01.001.00052;Belanja Makanan dan Minuman Rapat;965000;1515300
2026;1.04.2.11.0.00.01.0000;DINAS PERUMAHAN, KAWASAN PERMUKIMAN DAN LINGKUNGAN HIDUP;1.04.03.2.03.0002;Perbaikan Rumah Tidak Layak Huni;1.04.2.11.0.00.01.0000;DINAS PERUMAHAN, KAWASAN PERMUKIMAN DAN LINGKUNGAN HIDUP;5.1.02.04.001.00001;Belanja Perjalanan Dinas Biasa;0;5880100
2026;1.04.2.11.0.00.01.0000;DINAS PERUMAHAN, KAWASAN PERMUKIMAN DAN LINGKUNGAN HIDUP;1.04.03.2.03.0002;Perbaikan Rumah Tidak Layak Huni;1.04.2.11.0.00.01.0000;DINAS PERUMAHAN, KAWASAN PERMUKIMAN DAN LINGKUNGAN HIDUP;5.1.02.04.001.00003;Belanja Perjalanan Dinas Dalam Kota;2502100;22160000
2026;1.04.2.11.0.00.01.0000;DINAS PERUMAHAN, KAWASAN PERMUKIMAN DAN LINGKUNGAN HIDUP;1.04.03.2.03.0002;Perbaikan Rumah Tidak Layak Huni;1.04.2.11.0.00.01.0000;DINAS PERUMAHAN, KAWASAN PERMUKIMAN DAN LINGKUNGAN HIDUP;5.1.02.04.001.00005;Belanja Perjalanan Dinas Paket Meeting Luar Kota;0;0
2026;1.04.2.11.0.00.01.0000;DINAS PERUMAHAN, KAWASAN PERMUKIMAN DAN LINGKUNGAN HIDUP;1.04.03.2.03.0004;Koordinasi dan Sinkronisasi Pengendalian Penyelenggaraan Pemugaran/Peremajaan Permukiman Kumuh;1.04.2.11.0.00.01.0000;DINAS PERUMAHAN, KAWASAN PERMUKIMAN DAN LINGKUNGAN HIDUP;5.1.02.01.001.00024;Belanja Alat/Bahan untuk Kegiatan Kantor-Alat Tulis Kantor;170000;293500
2026;1.04.2.11.0.00.01.0000;DINAS PERUMAHAN, KAWASAN PERMUKIMAN DAN LINGKUNGAN HIDUP;1.04.03.2.03.0004;Koordinasi dan Sinkronisasi Pengendalian Penyelenggaraan Pemugaran/Peremajaan Permukiman Kumuh;1.04.2.11.0.00.01.0000;DINAS PERUMAHAN, KAWASAN PERMUKIMAN DAN LINGKUNGAN HIDUP;5.1.02.01.001.00025;Belanja Alat/Bahan untuk Kegiatan Kantor- Kertas dan Cover;0;291200
2026;1.04.2.11.0.00.01.0000;DINAS PERUMAHAN, KAWASAN PERMUKIMAN DAN LINGKUNGAN HIDUP;1.04.03.2.03.0004;Koordinasi dan Sinkronisasi Pengendalian Penyelenggaraan Pemugaran/Peremajaan Permukiman Kumuh;1.04.2.11.0.00.01.0000;DINAS PERUMAHAN, KAWASAN PERMUKIMAN DAN LINGKUNGAN HIDUP;5.1.02.01.001.00029;Belanja Alat/Bahan untuk Kegiatan Kantor-Bahan Komputer;434380;532900
2026;1.04.2.11.0.00.01.0000;DINAS PERUMAHAN, KAWASAN PERMUKIMAN DAN LINGKUNGAN HIDUP;1.04.03.2.03.0004;Koordinasi dan Sinkronisasi Pengendalian Penyelenggaraan Pemugaran/Peremajaan Permukiman Kumuh;1.04.2.11.0.00.01.0000;DINAS PERUMAHAN, KAWASAN PERMUKIMAN DAN LINGKUNGAN HIDUP;5.1.02.04.001.00001;Belanja Perjalanan Dinas Biasa;462500;8770200
2026;1.04.2.11.0.00.01.0000;DINAS PERUMAHAN, KAWASAN PERMUKIMAN DAN LINGKUNGAN HIDUP;1.04.03.2.03.0004;Koordinasi dan Sinkronisasi Pengendalian Penyelenggaraan Pemugaran/Peremajaan Permukiman Kumuh;1.04.2.11.0.00.01.0000;DINAS PERUMAHAN, KAWASAN PERMUKIMAN DAN LINGKUNGAN HIDUP;5.1.02.04.001.00003;Belanja Perjalanan Dinas Dalam Kota;634500;1092000
2026;1.04.2.11.0.00.01.0000;DINAS PERUMAHAN, KAWASAN PERMUKIMAN DAN LINGKUNGAN HIDUP;1.04.03.2.03.0004;Koordinasi dan Sinkronisasi Pengendalian Penyelenggaraan Pemugaran/Peremajaan Permukiman Kumuh;1.04.2.11.0.00.01.0000;DINAS PERUMAHAN, KAWASAN PERMUKIMAN DAN LINGKUNGAN HIDUP;5.1.02.04.001.00005;Belanja Perjalanan Dinas Paket Meeting Luar Kota;0;0
2026;1.04.2.11.0.00.01.0000;DINAS PERUMAHAN, KAWASAN PERMUKIMAN DAN LINGKUNGAN HIDUP;1.04.05.2.01.0010;Verifikasi dan Penyerahan PSU Perumahan dari Pengembang;1.04.2.11.0.00.01.0000;DINAS PERUMAHAN, KAWASAN PERMUKIMAN DAN LINGKUNGAN HIDUP;5.1.02.01.001.00024;Belanja Alat/Bahan untuk Kegiatan Kantor-Alat Tulis Kantor;92000;128000
2026;1.04.2.11.0.00.01.0000;DINAS PERUMAHAN, KAWASAN PERMUKIMAN DAN LINGKUNGAN HIDUP;1.04.05.2.01.0010;Verifikasi dan Penyerahan PSU Perumahan dari Pengembang;1.04.2.11.0.00.01.0000;DINAS PERUMAHAN, KAWASAN PERMUKIMAN DAN LINGKUNGAN HIDUP;5.1.02.01.001.00025;Belanja Alat/Bahan untuk Kegiatan Kantor- Kertas dan Cover;167000;225000
2026;1.04.2.11.0.00.01.0000;DINAS PERUMAHAN, KAWASAN PERMUKIMAN DAN LINGKUNGAN HIDUP;1.04.05.2.01.0010;Verifikasi dan Penyerahan PSU Perumahan dari Pengembang;1.04.2.11.0.00.01.0000;DINAS PERUMAHAN, KAWASAN PERMUKIMAN DAN LINGKUNGAN HIDUP;5.1.02.01.001.00029;Belanja Alat/Bahan untuk Kegiatan Kantor-Bahan Komputer;314900;382900
2026;1.04.2.11.0.00.01.0000;DINAS PERUMAHAN, KAWASAN PERMUKIMAN DAN LINGKUNGAN HIDUP;1.04.05.2.01.0010;Verifikasi dan Penyerahan PSU Perumahan dari Pengembang;1.04.2.11.0.00.01.0000;DINAS PERUMAHAN, KAWASAN PERMUKIMAN DAN LINGKUNGAN HIDUP;5.1.02.04.001.00003;Belanja Perjalanan Dinas Dalam Kota;153600;1092000
2026;1.04.2.11.0.00.01.0000;DINAS PERUMAHAN, KAWASAN PERMUKIMAN DAN LINGKUNGAN HIDUP;1.04.05.2.01.0012;Penyediaan Prasarana, Sarana, dan Utilitas Umum di Perumahan;1.04.2.11.0.00.01.0000;DINAS PERUMAHAN, KAWASAN PERMUKIMAN DAN LINGKUNGAN HIDUP;5.1.02.01.001.00024;Belanja Alat/Bahan untuk Kegiatan Kantor-Alat Tulis Kantor;684800;4953500
2026;1.04.2.11.0.00.01.0000;DINAS PERUMAHAN, KAWASAN PERMUKIMAN DAN LINGKUNGAN HIDUP;1.04.05.2.01.0012;Penyediaan Prasarana, Sarana, dan Utilitas Umum di Perumahan;1.04.2.11.0.00.01.0000;DINAS PERUMAHAN, KAWASAN PERMUKIMAN DAN LINGKUNGAN HIDUP;5.1.02.01.001.00025;Belanja Alat/Bahan untuk Kegiatan Kantor- Kertas dan Cover;324000;1502400
2026;1.04.2.11.0.00.01.0000;DINAS PERUMAHAN, KAWASAN PERMUKIMAN DAN LINGKUNGAN HIDUP;1.04.05.2.01.0012;Penyediaan Prasarana, Sarana, dan Utilitas Umum di Perumahan;1.04.2.11.0.00.01.0000;DINAS PERUMAHAN, KAWASAN PERMUKIMAN DAN LINGKUNGAN HIDUP;5.1.02.01.001.00029;Belanja Alat/Bahan untuk Kegiatan Kantor-Bahan Komputer;554500;1633700
2026;1.04.2.11.0.00.01.0000;DINAS PERUMAHAN, KAWASAN PERMUKIMAN DAN LINGKUNGAN HIDUP;1.04.05.2.01.0012;Penyediaan Prasarana, Sarana, dan Utilitas Umum di Perumahan;1.04.2.11.0.00.01.0000;DINAS PERUMAHAN, KAWASAN PERMUKIMAN DAN LINGKUNGAN HIDUP;5.1.02.01.001.00039;Belanja Barang untuk Dijual/Diserahkan kepada Masyarakat;0;80000000
2026;1.04.2.11.0.00.01.0000;DINAS PERUMAHAN, KAWASAN PERMUKIMAN DAN LINGKUNGAN HIDUP;1.04.05.2.01.0012;Penyediaan Prasarana, Sarana, dan Utilitas Umum di Perumahan;1.04.2.11.0.00.01.0000;DINAS PERUMAHAN, KAWASAN PERMUKIMAN DAN LINGKUNGAN HIDUP;5.1.02.01.001.00052;Belanja Makanan dan Minuman Rapat;0;2026400
2026;1.04.2.11.0.00.01.0000;DINAS PERUMAHAN, KAWASAN PERMUKIMAN DAN LINGKUNGAN HIDUP;1.04.05.2.01.0012;Penyediaan Prasarana, Sarana, dan Utilitas Umum di Perumahan;1.04.2.11.0.00.01.0000;DINAS PERUMAHAN, KAWASAN PERMUKIMAN DAN LINGKUNGAN HIDUP;5.1.02.01.001.00053;Belanja Makanan dan Minuman Jamuan Tamu;0;476100
2026;1.04.2.11.0.00.01.0000;DINAS PERUMAHAN, KAWASAN PERMUKIMAN DAN LINGKUNGAN HIDUP;1.04.05.2.01.0012;Penyediaan Prasarana, Sarana, dan Utilitas Umum di Perumahan;1.04.2.11.0.00.01.0000;DINAS PERUMAHAN, KAWASAN PERMUKIMAN DAN LINGKUNGAN HIDUP;5.1.02.02.008.00009;Belanja Jasa Konsultansi Perencanaan Rekayasa-Jasa Desain Rekayasa untuk Pekerjaan Teknik Sipil Tran;249254000;275000000
2026;1.04.2.11.0.00.01.0000;DINAS PERUMAHAN, KAWASAN PERMUKIMAN DAN LINGKUNGAN HIDUP;1.04.05.2.01.0012;Penyediaan Prasarana, Sarana, dan Utilitas Umum di Perumahan;1.04.2.11.0.00.01.0000;DINAS PERUMAHAN, KAWASAN PERMUKIMAN DAN LINGKUNGAN HIDUP;5.1.02.04.001.00001;Belanja Perjalanan Dinas Biasa;547500;5000000
2026;1.04.2.11.0.00.01.0000;DINAS PERUMAHAN, KAWASAN PERMUKIMAN DAN LINGKUNGAN HIDUP;1.04.05.2.01.0012;Penyediaan Prasarana, Sarana, dan Utilitas Umum di Perumahan;1.04.2.11.0.00.01.0000;DINAS PERUMAHAN, KAWASAN PERMUKIMAN DAN LINGKUNGAN HIDUP;5.1.02.04.001.00003;Belanja Perjalanan Dinas Dalam Kota;1478500;29528000
2026;1.04.2.11.0.00.01.0000;DINAS PERUMAHAN, KAWASAN PERMUKIMAN DAN LINGKUNGAN HIDUP;1.04.05.2.01.0012;Penyediaan Prasarana, Sarana, dan Utilitas Umum di Perumahan;1.04.2.11.0.00.01.0000;DINAS PERUMAHAN, KAWASAN PERMUKIMAN DAN LINGKUNGAN HIDUP;5.2.04.01.001.00010;Belanja Modal Jalan Lainnya;99871000;3605000100
2026;1.04.2.11.0.00.01.0000;DINAS PERUMAHAN, KAWASAN PERMUKIMAN DAN LINGKUNGAN HIDUP;1.04.05.2.01.0012;Penyediaan Prasarana, Sarana, dan Utilitas Umum di Perumahan;1.04.2.11.0.00.01.0000;DINAS PERUMAHAN, KAWASAN PERMUKIMAN DAN LINGKUNGAN HIDUP;5.2.04.02.001.00008;Belanja Modal Bangunan Air Irigasi Lainnya;67559000;1052552000
2026;1.04.2.11.0.00.01.0000;DINAS PERUMAHAN, KAWASAN PERMUKIMAN DAN LINGKUNGAN HIDUP;2.11.01.2.06.0001;Penyediaan Komponen Instalasi Listrik/Penerangan Bangunan Kantor;1.04.2.11.0.00.01.0000;DINAS PERUMAHAN, KAWASAN PERMUKIMAN DAN LINGKUNGAN HIDUP;5.1.02.01.001.00031;Belanja Alat/Bahan untuk Kegiatan Kantor-Alat Listrik;1849800;1849800
2026;1.04.2.11.0.00.01.0000;DINAS PERUMAHAN, KAWASAN PERMUKIMAN DAN LINGKUNGAN HIDUP;2.11.01.2.06.0002;Penyediaan Peralatan dan Perlengkapan Kantor;1.04.2.11.0.00.01.0000;DINAS PERUMAHAN, KAWASAN PERMUKIMAN DAN LINGKUNGAN HIDUP;5.1.02.01.001.00027;Belanja Alat/Bahan untuk Kegiatan Kantor-Benda Pos;500000;500000
2026;1.04.2.11.0.00.01.0000;DINAS PERUMAHAN, KAWASAN PERMUKIMAN DAN LINGKUNGAN HIDUP;2.11.01.2.06.0002;Penyediaan Peralatan dan Perlengkapan Kantor;1.04.2.11.0.00.01.0000;DINAS PERUMAHAN, KAWASAN PERMUKIMAN DAN LINGKUNGAN HIDUP;5.1.02.01.001.00030;Belanja Alat/Bahan untuk Kegiatan Kantor-Perabot Kantor;1703750;2498250
2026;1.04.2.11.0.00.01.0000;DINAS PERUMAHAN, KAWASAN PERMUKIMAN DAN LINGKUNGAN HIDUP;2.11.03.2.01.0002;Koordinasi, Sinkronisasi dan Pelaksanaan Pengendalian Emisi Gas Rumah Kaca, Mitigasi dan Adaptasi Perubahan Iklim;1.04.2.11.0.00.01.0000;DINAS PERUMAHAN, KAWASAN PERMUKIMAN DAN LINGKUNGAN HIDUP;5.1.02.01.001.00024;Belanja Alat/Bahan untuk Kegiatan Kantor-Alat Tulis Kantor;122810;143150
2026;1.04.2.11.0.00.01.0000;DINAS PERUMAHAN, KAWASAN PERMUKIMAN DAN LINGKUNGAN HIDUP;2.11.03.2.01.0002;Koordinasi, Sinkronisasi dan Pelaksanaan Pengendalian Emisi Gas Rumah Kaca, Mitigasi dan Adaptasi Perubahan Iklim;1.04.2.11.0.00.01.0000;DINAS PERUMAHAN, KAWASAN PERMUKIMAN DAN LINGKUNGAN HIDUP;5.1.02.01.001.00025;Belanja Alat/Bahan untuk Kegiatan Kantor- Kertas dan Cover;310553;370600
2026;1.04.2.11.0.00.01.0000;DINAS PERUMAHAN, KAWASAN PERMUKIMAN DAN LINGKUNGAN HIDUP;2.11.03.2.01.0002;Koordinasi, Sinkronisasi dan Pelaksanaan Pengendalian Emisi Gas Rumah Kaca, Mitigasi dan Adaptasi Perubahan Iklim;1.04.2.11.0.00.01.0000;DINAS PERUMAHAN, KAWASAN PERMUKIMAN DAN LINGKUNGAN HIDUP;5.1.02.01.001.00052;Belanja Makanan dan Minuman Rapat;0;0
2026;1.04.2.11.0.00.01.0000;DINAS PERUMAHAN, KAWASAN PERMUKIMAN DAN LINGKUNGAN HIDUP;2.11.03.2.01.0002;Koordinasi, Sinkronisasi dan Pelaksanaan Pengendalian Emisi Gas Rumah Kaca, Mitigasi dan Adaptasi Perubahan Iklim;1.04.2.11.0.00.01.0000;DINAS PERUMAHAN, KAWASAN PERMUKIMAN DAN LINGKUNGAN HIDUP;5.1.02.04.001.00001;Belanja Perjalanan Dinas Biasa;0;0
2026;1.04.2.11.0.00.01.0000;DINAS PERUMAHAN, KAWASAN PERMUKIMAN DAN LINGKUNGAN HIDUP;2.11.03.2.01.0002;Koordinasi, Sinkronisasi dan Pelaksanaan Pengendalian Emisi Gas Rumah Kaca, Mitigasi dan Adaptasi Perubahan Iklim;1.04.2.11.0.00.01.0000;DINAS PERUMAHAN, KAWASAN PERMUKIMAN DAN LINGKUNGAN HIDUP;5.1.02.04.001.00003;Belanja Perjalanan Dinas Dalam Kota;0;0
2026;1.04.2.11.0.00.01.0000;DINAS PERUMAHAN, KAWASAN PERMUKIMAN DAN LINGKUNGAN HIDUP;2.11.03.2.01.0007;Pelaksanaan pemantauan kualitas Lingkungan Hidup terhadap Media Tanah, Air, Udara, dan Laut;1.04.2.11.0.00.01.0000;DINAS PERUMAHAN, KAWASAN PERMUKIMAN DAN LINGKUNGAN HIDUP;5.1.02.01.001.00024;Belanja Alat/Bahan untuk Kegiatan Kantor-Alat Tulis Kantor;168132;190200
2026;1.04.2.11.0.00.01.0000;DINAS PERUMAHAN, KAWASAN PERMUKIMAN DAN LINGKUNGAN HIDUP;2.11.03.2.01.0007;Pelaksanaan pemantauan kualitas Lingkungan Hidup terhadap Media Tanah, Air, Udara, dan Laut;1.04.2.11.0.00.01.0000;DINAS PERUMAHAN, KAWASAN PERMUKIMAN DAN LINGKUNGAN HIDUP;5.1.02.01.001.00025;Belanja Alat/Bahan untuk Kegiatan Kantor- Kertas dan Cover;116384;144200
2026;1.04.2.11.0.00.01.0000;DINAS PERUMAHAN, KAWASAN PERMUKIMAN DAN LINGKUNGAN HIDUP;2.11.03.2.01.0007;Pelaksanaan pemantauan kualitas Lingkungan Hidup terhadap Media Tanah, Air, Udara, dan Laut;1.04.2.11.0.00.01.0000;DINAS PERUMAHAN, KAWASAN PERMUKIMAN DAN LINGKUNGAN HIDUP;5.1.02.01.001.00029;Belanja Alat/Bahan untuk Kegiatan Kantor-Bahan Komputer;99789;127200
2026;1.04.2.11.0.00.01.0000;DINAS PERUMAHAN, KAWASAN PERMUKIMAN DAN LINGKUNGAN HIDUP;2.11.03.2.01.0007;Pelaksanaan pemantauan kualitas Lingkungan Hidup terhadap Media Tanah, Air, Udara, dan Laut;1.04.2.11.0.00.01.0000;DINAS PERUMAHAN, KAWASAN PERMUKIMAN DAN LINGKUNGAN HIDUP;5.1.02.01.001.00030;Belanja Alat/Bahan untuk Kegiatan Kantor-Perabot Kantor;55333;70000
2026;1.04.2.11.0.00.01.0000;DINAS PERUMAHAN, KAWASAN PERMUKIMAN DAN LINGKUNGAN HIDUP;2.11.03.2.01.0007;Pelaksanaan pemantauan kualitas Lingkungan Hidup terhadap Media Tanah, Air, Udara, dan Laut;1.04.2.11.0.00.01.0000;DINAS PERUMAHAN, KAWASAN PERMUKIMAN DAN LINGKUNGAN HIDUP;5.1.02.02.001.00050;Belanja Jasa Kalibrasi;9335000;24000000
2026;1.04.2.11.0.00.01.0000;DINAS PERUMAHAN, KAWASAN PERMUKIMAN DAN LINGKUNGAN HIDUP;2.11.03.2.01.0007;Pelaksanaan pemantauan kualitas Lingkungan Hidup terhadap Media Tanah, Air, Udara, dan Laut;1.04.2.11.0.00.01.0000;DINAS PERUMAHAN, KAWASAN PERMUKIMAN DAN LINGKUNGAN HIDUP;5.1.02.04.001.00001;Belanja Perjalanan Dinas Biasa;2351580;8845000
2026;1.04.2.11.0.00.01.0000;DINAS PERUMAHAN, KAWASAN PERMUKIMAN DAN LINGKUNGAN HIDUP;2.11.03.2.01.0007;Pelaksanaan pemantauan kualitas Lingkungan Hidup terhadap Media Tanah, Air, Udara, dan Laut;1.04.2.11.0.00.01.0000;DINAS PERUMAHAN, KAWASAN PERMUKIMAN DAN LINGKUNGAN HIDUP;5.1.02.04.001.00003;Belanja Perjalanan Dinas Dalam Kota;1041000;3293000
2026;1.04.2.11.0.00.01.0000;DINAS PERUMAHAN, KAWASAN PERMUKIMAN DAN LINGKUNGAN HIDUP;2.11.03.2.01.0011;Penyusunan dokumen status lingkungan hidup daerah;1.04.2.11.0.00.01.0000;DINAS PERUMAHAN, KAWASAN PERMUKIMAN DAN LINGKUNGAN HIDUP;5.1.02.01.001.00024;Belanja Alat/Bahan untuk Kegiatan Kantor-Alat Tulis Kantor;1141922;1310050
2026;1.04.2.11.0.00.01.0000;DINAS PERUMAHAN, KAWASAN PERMUKIMAN DAN LINGKUNGAN HIDUP;2.11.03.2.01.0011;Penyusunan dokumen status lingkungan hidup daerah;1.04.2.11.0.00.01.0000;DINAS PERUMAHAN, KAWASAN PERMUKIMAN DAN LINGKUNGAN HIDUP;5.1.02.01.001.00025;Belanja Alat/Bahan untuk Kegiatan Kantor- Kertas dan Cover;354867;423600
2026;1.04.2.11.0.00.01.0000;DINAS PERUMAHAN, KAWASAN PERMUKIMAN DAN LINGKUNGAN HIDUP;2.11.03.2.01.0011;Penyusunan dokumen status lingkungan hidup daerah;1.04.2.11.0.00.01.0000;DINAS PERUMAHAN, KAWASAN PERMUKIMAN DAN LINGKUNGAN HIDUP;5.1.02.01.001.00029;Belanja Alat/Bahan untuk Kegiatan Kantor-Bahan Komputer;532467;582900
2026;1.04.2.11.0.00.01.0000;DINAS PERUMAHAN, KAWASAN PERMUKIMAN DAN LINGKUNGAN HIDUP;2.11.03.2.01.0011;Penyusunan dokumen status lingkungan hidup daerah;1.04.2.11.0.00.01.0000;DINAS PERUMAHAN, KAWASAN PERMUKIMAN DAN LINGKUNGAN HIDUP;5.1.02.01.001.00052;Belanja Makanan dan Minuman Rapat;1068000;2488100
2026;1.04.2.11.0.00.01.0000;DINAS PERUMAHAN, KAWASAN PERMUKIMAN DAN LINGKUNGAN HIDUP;2.11.03.2.01.0011;Penyusunan dokumen status lingkungan hidup daerah;1.04.2.11.0.00.01.0000;DINAS PERUMAHAN, KAWASAN PERMUKIMAN DAN LINGKUNGAN HIDUP;5.1.02.04.001.00001;Belanja Perjalanan Dinas Biasa;205000;3735100
2026;1.04.2.11.0.00.01.0000;DINAS PERUMAHAN, KAWASAN PERMUKIMAN DAN LINGKUNGAN HIDUP;2.11.04.2.01.0004;Pengelolaan Ruang Terbuka Hijau (RTH);1.04.2.11.0.00.01.0000;DINAS PERUMAHAN, KAWASAN PERMUKIMAN DAN LINGKUNGAN HIDUP;5.1.02.01.001.00001;Belanja Bahan-Bahan Bangunan dan Konstruksi;1170000;2370000
2026;1.04.2.11.0.00.01.0000;DINAS PERUMAHAN, KAWASAN PERMUKIMAN DAN LINGKUNGAN HIDUP;2.11.04.2.01.0004;Pengelolaan Ruang Terbuka Hijau (RTH);1.04.2.11.0.00.01.0000;DINAS PERUMAHAN, KAWASAN PERMUKIMAN DAN LINGKUNGAN HIDUP;5.1.02.01.001.00008;Belanja Bahan-Bahan/Bibit Tanaman;0;205000
2026;1.04.2.11.0.00.01.0000;DINAS PERUMAHAN, KAWASAN PERMUKIMAN DAN LINGKUNGAN HIDUP;2.11.04.2.01.0004;Pengelolaan Ruang Terbuka Hijau (RTH);1.04.2.11.0.00.01.0000;DINAS PERUMAHAN, KAWASAN PERMUKIMAN DAN LINGKUNGAN HIDUP;5.1.02.01.001.00030;Belanja Alat/Bahan untuk Kegiatan Kantor-Perabot Kantor;195000;420200
2026;1.04.2.11.0.00.01.0000;DINAS PERUMAHAN, KAWASAN PERMUKIMAN DAN LINGKUNGAN HIDUP;2.11.04.2.01.0004;Pengelolaan Ruang Terbuka Hijau (RTH);1.04.2.11.0.00.01.0000;DINAS PERUMAHAN, KAWASAN PERMUKIMAN DAN LINGKUNGAN HIDUP;5.1.02.01.001.00031;Belanja Alat/Bahan untuk Kegiatan Kantor-Alat Listrik;1420000;4715600
2026;1.04.2.11.0.00.01.0000;DINAS PERUMAHAN, KAWASAN PERMUKIMAN DAN LINGKUNGAN HIDUP;2.11.06.2.01.0001;Fasilitasi Pemenuhan Ketentuan dan Kewajiban Izin Lingkungan dan/atau Izin PPLH;1.04.2.11.0.00.01.0000;DINAS PERUMAHAN, KAWASAN PERMUKIMAN DAN LINGKUNGAN HIDUP;5.1.02.01.001.00024;Belanja Alat/Bahan untuk Kegiatan Kantor-Alat Tulis Kantor;219392;230400
2026;1.04.2.11.0.00.01.0000;DINAS PERUMAHAN, KAWASAN PERMUKIMAN DAN LINGKUNGAN HIDUP;2.11.06.2.01.0001;Fasilitasi Pemenuhan Ketentuan dan Kewajiban Izin Lingkungan dan/atau Izin PPLH;1.04.2.11.0.00.01.0000;DINAS PERUMAHAN, KAWASAN PERMUKIMAN DAN LINGKUNGAN HIDUP;5.1.02.01.001.00025;Belanja Alat/Bahan untuk Kegiatan Kantor- Kertas dan Cover;116439;139050
2026;1.04.2.11.0.00.01.0000;DINAS PERUMAHAN, KAWASAN PERMUKIMAN DAN LINGKUNGAN HIDUP;2.11.06.2.01.0001;Fasilitasi Pemenuhan Ketentuan dan Kewajiban Izin Lingkungan dan/atau Izin PPLH;1.04.2.11.0.00.01.0000;DINAS PERUMAHAN, KAWASAN PERMUKIMAN DAN LINGKUNGAN HIDUP;5.1.02.01.001.00052;Belanja Makanan dan Minuman Rapat;0;1149000
2026;1.04.2.11.0.00.01.0000;DINAS PERUMAHAN, KAWASAN PERMUKIMAN DAN LINGKUNGAN HIDUP;2.11.06.2.01.0001;Fasilitasi Pemenuhan Ketentuan dan Kewajiban Izin Lingkungan dan/atau Izin PPLH;1.04.2.11.0.00.01.0000;DINAS PERUMAHAN, KAWASAN PERMUKIMAN DAN LINGKUNGAN HIDUP;5.1.02.04.001.00001;Belanja Perjalanan Dinas Biasa;0;0
2026;1.04.2.11.0.00.01.0000;DINAS PERUMAHAN, KAWASAN PERMUKIMAN DAN LINGKUNGAN HIDUP;2.11.06.2.01.0001;Fasilitasi Pemenuhan Ketentuan dan Kewajiban Izin Lingkungan dan/atau Izin PPLH;1.04.2.11.0.00.01.0000;DINAS PERUMAHAN, KAWASAN PERMUKIMAN DAN LINGKUNGAN HIDUP;5.1.02.04.001.00003;Belanja Perjalanan Dinas Dalam Kota;0;0
2026;1.04.2.11.0.00.01.0000;DINAS PERUMAHAN, KAWASAN PERMUKIMAN DAN LINGKUNGAN HIDUP;2.11.06.2.01.0009;Pengawasan Perizinan Berusaha atau Persetujuan Pemerintah terkait Persetujuan Lingkungan yang diterbitkan oleh Pemerintah Daerah Kabupaten/Kota dan Peraturan Perundang-undangan di bidang Perlindungan dan Pengelolaan Lingkungan Hidup;1.04.2.11.0.00.01.0000;DINAS PERUMAHAN, KAWASAN PERMUKIMAN DAN LINGKUNGAN HIDUP;5.1.02.01.001.00024;Belanja Alat/Bahan untuk Kegiatan Kantor-Alat Tulis Kantor;193206;203150
2026;1.04.2.11.0.00.01.0000;DINAS PERUMAHAN, KAWASAN PERMUKIMAN DAN LINGKUNGAN HIDUP;2.11.06.2.01.0009;Pengawasan Perizinan Berusaha atau Persetujuan Pemerintah terkait Persetujuan Lingkungan yang diterbitkan oleh Pemerintah Daerah Kabupaten/Kota dan Peraturan Perundang-undangan di bidang Perlindungan dan Pengelolaan Lingkungan Hidup;1.04.2.11.0.00.01.0000;DINAS PERUMAHAN, KAWASAN PERMUKIMAN DAN LINGKUNGAN HIDUP;5.1.02.01.001.00025;Belanja Alat/Bahan untuk Kegiatan Kantor- Kertas dan Cover;288323;339150
2026;1.04.2.11.0.00.01.0000;DINAS PERUMAHAN, KAWASAN PERMUKIMAN DAN LINGKUNGAN HIDUP;2.11.06.2.01.0009;Pengawasan Perizinan Berusaha atau Persetujuan Pemerintah terkait Persetujuan Lingkungan yang diterbitkan oleh Pemerintah Daerah Kabupaten/Kota dan Peraturan Perundang-undangan di bidang Perlindungan dan Pengelolaan Lingkungan Hidup;1.04.2.11.0.00.01.0000;DINAS PERUMAHAN, KAWASAN PERMUKIMAN DAN LINGKUNGAN HIDUP;5.1.02.01.001.00029;Belanja Alat/Bahan untuk Kegiatan Kantor-Bahan Komputer;532467;582900
2026;1.04.2.11.0.00.01.0000;DINAS PERUMAHAN, KAWASAN PERMUKIMAN DAN LINGKUNGAN HIDUP;2.11.06.2.01.0009;Pengawasan Perizinan Berusaha atau Persetujuan Pemerintah terkait Persetujuan Lingkungan yang diterbitkan oleh Pemerintah Daerah Kabupaten/Kota dan Peraturan Perundang-undangan di bidang Perlindungan dan Pengelolaan Lingkungan Hidup;1.04.2.11.0.00.01.0000;DINAS PERUMAHAN, KAWASAN PERMUKIMAN DAN LINGKUNGAN HIDUP;5.1.02.04.001.00001;Belanja Perjalanan Dinas Biasa;2385744;3075000
2026;1.04.2.11.0.00.01.0000;DINAS PERUMAHAN, KAWASAN PERMUKIMAN DAN LINGKUNGAN HIDUP;2.11.06.2.01.0009;Pengawasan Perizinan Berusaha atau Persetujuan Pemerintah terkait Persetujuan Lingkungan yang diterbitkan oleh Pemerintah Daerah Kabupaten/Kota dan Peraturan Perundang-undangan di bidang Perlindungan dan Pengelolaan Lingkungan Hidup;1.04.2.11.0.00.01.0000;DINAS PERUMAHAN, KAWASAN PERMUKIMAN DAN LINGKUNGAN HIDUP;5.1.02.04.001.00003;Belanja Perjalanan Dinas Dalam Kota;1627028;7410000
2026;1.04.2.11.0.00.01.0000;DINAS PERUMAHAN, KAWASAN PERMUKIMAN DAN LINGKUNGAN HIDUP;2.11.08.2.01.0002;Pendampingan Gerakan Peduli Lingkungan Hidup;1.04.2.11.0.00.01.0000;DINAS PERUMAHAN, KAWASAN PERMUKIMAN DAN LINGKUNGAN HIDUP;5.1.02.01.001.00024;Belanja Alat/Bahan untuk Kegiatan Kantor-Alat Tulis Kantor;351424;361450
2026;1.04.2.11.0.00.01.0000;DINAS PERUMAHAN, KAWASAN PERMUKIMAN DAN LINGKUNGAN HIDUP;2.11.08.2.01.0002;Pendampingan Gerakan Peduli Lingkungan Hidup;1.04.2.11.0.00.01.0000;DINAS PERUMAHAN, KAWASAN PERMUKIMAN DAN LINGKUNGAN HIDUP;5.1.02.01.001.00025;Belanja Alat/Bahan untuk Kegiatan Kantor- Kertas dan Cover;116439;139050
2026;1.04.2.11.0.00.01.0000;DINAS PERUMAHAN, KAWASAN PERMUKIMAN DAN LINGKUNGAN HIDUP;2.11.08.2.01.0002;Pendampingan Gerakan Peduli Lingkungan Hidup;1.04.2.11.0.00.01.0000;DINAS PERUMAHAN, KAWASAN PERMUKIMAN DAN LINGKUNGAN HIDUP;5.1.02.01.001.00029;Belanja Alat/Bahan untuk Kegiatan Kantor-Bahan Komputer;49895;63600
2026;1.04.2.11.0.00.01.0000;DINAS PERUMAHAN, KAWASAN PERMUKIMAN DAN LINGKUNGAN HIDUP;2.11.08.2.01.0002;Pendampingan Gerakan Peduli Lingkungan Hidup;1.04.2.11.0.00.01.0000;DINAS PERUMAHAN, KAWASAN PERMUKIMAN DAN LINGKUNGAN HIDUP;5.1.02.04.001.00001;Belanja Perjalanan Dinas Biasa;0;370000
2026;1.04.2.11.0.00.01.0000;DINAS PERUMAHAN, KAWASAN PERMUKIMAN DAN LINGKUNGAN HIDUP;2.11.08.2.01.0002;Pendampingan Gerakan Peduli Lingkungan Hidup;1.04.2.11.0.00.01.0000;DINAS PERUMAHAN, KAWASAN PERMUKIMAN DAN LINGKUNGAN HIDUP;5.1.02.04.001.00003;Belanja Perjalanan Dinas Dalam Kota;221600;1048000
2026;1.04.2.11.0.00.01.0000;DINAS PERUMAHAN, KAWASAN PERMUKIMAN DAN LINGKUNGAN HIDUP;2.11.11.2.01.0004;Peningkatan Peran Serta Masyarakat dalam Pengelolaan Persampahan;1.04.2.11.0.00.01.0000;DINAS PERUMAHAN, KAWASAN PERMUKIMAN DAN LINGKUNGAN HIDUP;5.1.02.04.001.00001;Belanja Perjalanan Dinas Biasa;0;1065000
2026;1.04.2.11.0.00.01.0000;DINAS PERUMAHAN, KAWASAN PERMUKIMAN DAN LINGKUNGAN HIDUP;2.11.11.2.01.0004;Peningkatan Peran Serta Masyarakat dalam Pengelolaan Persampahan;1.04.2.11.0.00.01.0000;DINAS PERUMAHAN, KAWASAN PERMUKIMAN DAN LINGKUNGAN HIDUP;5.1.02.04.001.00003;Belanja Perjalanan Dinas Dalam Kota;258000;2405000
2026;1.04.2.11.0.00.01.0000;DINAS PERUMAHAN, KAWASAN PERMUKIMAN DAN LINGKUNGAN HIDUP;2.11.11.2.01.0018;Pengurangan sampah melalui pembatasan timbulan sampah;1.04.2.11.0.00.01.0000;DINAS PERUMAHAN, KAWASAN PERMUKIMAN DAN LINGKUNGAN HIDUP;5.1.02.01.001.00024;Belanja Alat/Bahan untuk Kegiatan Kantor-Alat Tulis Kantor;139863;163350
2026;1.04.2.11.0.00.01.0000;DINAS PERUMAHAN, KAWASAN PERMUKIMAN DAN LINGKUNGAN HIDUP;2.11.11.2.01.0018;Pengurangan sampah melalui pembatasan timbulan sampah;1.04.2.11.0.00.01.0000;DINAS PERUMAHAN, KAWASAN PERMUKIMAN DAN LINGKUNGAN HIDUP;5.1.02.01.001.00025;Belanja Alat/Bahan untuk Kegiatan Kantor- Kertas dan Cover;354867;434100
2026;1.04.2.11.0.00.01.0000;DINAS PERUMAHAN, KAWASAN PERMUKIMAN DAN LINGKUNGAN HIDUP;2.11.11.2.01.0018;Pengurangan sampah melalui pembatasan timbulan sampah;1.04.2.11.0.00.01.0000;DINAS PERUMAHAN, KAWASAN PERMUKIMAN DAN LINGKUNGAN HIDUP;5.1.02.01.001.00029;Belanja Alat/Bahan untuk Kegiatan Kantor-Bahan Komputer;149684;249750
2026;1.04.2.11.0.00.01.0000;DINAS PERUMAHAN, KAWASAN PERMUKIMAN DAN LINGKUNGAN HIDUP;2.11.11.2.01.0018;Pengurangan sampah melalui pembatasan timbulan sampah;1.04.2.11.0.00.01.0000;DINAS PERUMAHAN, KAWASAN PERMUKIMAN DAN LINGKUNGAN HIDUP;5.1.02.04.001.00003;Belanja Perjalanan Dinas Dalam Kota;608300;924000
2026;1.04.2.11.0.00.01.0000;DINAS PERUMAHAN, KAWASAN PERMUKIMAN DAN LINGKUNGAN HIDUP;2.11.11.2.01.0020;Penanganan sampah melalui pemrosesan akhir sampah di TPA/TPST kabupaten/kota atau TPA/TPST Regional;1.04.2.11.0.00.01.0000;DINAS PERUMAHAN, KAWASAN PERMUKIMAN DAN LINGKUNGAN HIDUP;5.1.02.01.001.00001;Belanja Bahan-Bahan Bangunan dan Konstruksi;23500000;288500000
2026;1.04.2.11.0.00.01.0000;DINAS PERUMAHAN, KAWASAN PERMUKIMAN DAN LINGKUNGAN HIDUP;2.11.11.2.01.0020;Penanganan sampah melalui pemrosesan akhir sampah di TPA/TPST kabupaten/kota atau TPA/TPST Regional;1.04.2.11.0.00.01.0000;DINAS PERUMAHAN, KAWASAN PERMUKIMAN DAN LINGKUNGAN HIDUP;5.1.02.01.001.00024;Belanja Alat/Bahan untuk Kegiatan Kantor-Alat Tulis Kantor;1426404;2987122
2026;1.04.2.11.0.00.01.0000;DINAS PERUMAHAN, KAWASAN PERMUKIMAN DAN LINGKUNGAN HIDUP;2.11.11.2.01.0020;Penanganan sampah melalui pemrosesan akhir sampah di TPA/TPST kabupaten/kota atau TPA/TPST Regional;1.04.2.11.0.00.01.0000;DINAS PERUMAHAN, KAWASAN PERMUKIMAN DAN LINGKUNGAN HIDUP;5.1.02.01.001.00025;Belanja Alat/Bahan untuk Kegiatan Kantor- Kertas dan Cover;1796535;2794500
2026;1.04.2.11.0.00.01.0000;DINAS PERUMAHAN, KAWASAN PERMUKIMAN DAN LINGKUNGAN HIDUP;2.11.11.2.01.0020;Penanganan sampah melalui pemrosesan akhir sampah di TPA/TPST kabupaten/kota atau TPA/TPST Regional;1.04.2.11.0.00.01.0000;DINAS PERUMAHAN, KAWASAN PERMUKIMAN DAN LINGKUNGAN HIDUP;5.1.02.01.001.00029;Belanja Alat/Bahan untuk Kegiatan Kantor-Bahan Komputer;621489;1574700
2026;1.04.2.11.0.00.01.0000;DINAS PERUMAHAN, KAWASAN PERMUKIMAN DAN LINGKUNGAN HIDUP;2.11.11.2.01.0020;Penanganan sampah melalui pemrosesan akhir sampah di TPA/TPST kabupaten/kota atau TPA/TPST Regional;1.04.2.11.0.00.01.0000;DINAS PERUMAHAN, KAWASAN PERMUKIMAN DAN LINGKUNGAN HIDUP;5.1.02.01.001.00030;Belanja Alat/Bahan untuk Kegiatan Kantor-Perabot Kantor;1925000;10345000
2026;1.04.2.11.0.00.01.0000;DINAS PERUMAHAN, KAWASAN PERMUKIMAN DAN LINGKUNGAN HIDUP;2.11.11.2.01.0020;Penanganan sampah melalui pemrosesan akhir sampah di TPA/TPST kabupaten/kota atau TPA/TPST Regional;1.04.2.11.0.00.01.0000;DINAS PERUMAHAN, KAWASAN PERMUKIMAN DAN LINGKUNGAN HIDUP;5.1.02.01.001.00052;Belanja Makanan dan Minuman Rapat;839500;3500000
2026;1.04.2.11.0.00.01.0000;DINAS PERUMAHAN, KAWASAN PERMUKIMAN DAN LINGKUNGAN HIDUP;2.11.11.2.01.0020;Penanganan sampah melalui pemrosesan akhir sampah di TPA/TPST kabupaten/kota atau TPA/TPST Regional;1.04.2.11.0.00.01.0000;DINAS PERUMAHAN, KAWASAN PERMUKIMAN DAN LINGKUNGAN HIDUP;5.1.02.01.004.00043;Belanja Peralatan dan Mesin-Alat Angkutan-Alat Angkutan Darat Bermotor-Alat Angkutan Darat Bermotor;25473850;80000000
2026;1.04.2.11.0.00.01.0000;DINAS PERUMAHAN, KAWASAN PERMUKIMAN DAN LINGKUNGAN HIDUP;2.11.11.2.01.0020;Penanganan sampah melalui pemrosesan akhir sampah di TPA/TPST kabupaten/kota atau TPA/TPST Regional;1.04.2.11.0.00.01.0000;DINAS PERUMAHAN, KAWASAN PERMUKIMAN DAN LINGKUNGAN HIDUP;5.1.02.02.001.00030;Belanja Jasa Tenaga Kebersihan;775248311;1509073272
2026;1.04.2.11.0.00.01.0000;DINAS PERUMAHAN, KAWASAN PERMUKIMAN DAN LINGKUNGAN HIDUP;2.11.11.2.01.0020;Penanganan sampah melalui pemrosesan akhir sampah di TPA/TPST kabupaten/kota atau TPA/TPST Regional;1.04.2.11.0.00.01.0000;DINAS PERUMAHAN, KAWASAN PERMUKIMAN DAN LINGKUNGAN HIDUP;5.1.02.02.004.00003;Belanja Sewa Excavator;127750000;190180000
2026;1.04.2.11.0.00.01.0000;DINAS PERUMAHAN, KAWASAN PERMUKIMAN DAN LINGKUNGAN HIDUP;2.11.11.2.01.0020;Penanganan sampah melalui pemrosesan akhir sampah di TPA/TPST kabupaten/kota atau TPA/TPST Regional;1.04.2.11.0.00.01.0000;DINAS PERUMAHAN, KAWASAN PERMUKIMAN DAN LINGKUNGAN HIDUP;5.1.02.02.004.00009;Belanja Sewa Loader;47840000;47840000
2026;1.04.2.11.0.00.01.0000;DINAS PERUMAHAN, KAWASAN PERMUKIMAN DAN LINGKUNGAN HIDUP;2.11.11.2.01.0020;Penanganan sampah melalui pemrosesan akhir sampah di TPA/TPST kabupaten/kota atau TPA/TPST Regional;1.04.2.11.0.00.01.0000;DINAS PERUMAHAN, KAWASAN PERMUKIMAN DAN LINGKUNGAN HIDUP;5.1.02.03.002.00039;Belanja Pemeliharaan Alat Angkutan-Alat Angkutan Darat Bermotor-Kendaraan Bermotor Beroda Tiga;132951945;225600000
2026;1.04.2.11.0.00.01.0000;DINAS PERUMAHAN, KAWASAN PERMUKIMAN DAN LINGKUNGAN HIDUP;2.11.11.2.01.0020;Penanganan sampah melalui pemrosesan akhir sampah di TPA/TPST kabupaten/kota atau TPA/TPST Regional;1.04.2.11.0.00.01.0000;DINAS PERUMAHAN, KAWASAN PERMUKIMAN DAN LINGKUNGAN HIDUP;5.1.02.03.002.00043;Belanja Pemeliharaan Alat Angkutan-Alat Angkutan Darat Bermotor-Alat Angkutan Darat Bermotor Lainnya;234093432;361114844
2026;1.04.2.11.0.00.01.0000;DINAS PERUMAHAN, KAWASAN PERMUKIMAN DAN LINGKUNGAN HIDUP;2.11.11.2.01.0020;Penanganan sampah melalui pemrosesan akhir sampah di TPA/TPST kabupaten/kota atau TPA/TPST Regional;1.04.2.11.0.00.01.0000;DINAS PERUMAHAN, KAWASAN PERMUKIMAN DAN LINGKUNGAN HIDUP;5.1.02.04.001.00001;Belanja Perjalanan Dinas Biasa;822000;1500000
2026;1.04.2.11.0.00.01.0000;DINAS PERUMAHAN, KAWASAN PERMUKIMAN DAN LINGKUNGAN HIDUP;2.11.11.2.01.0020;Penanganan sampah melalui pemrosesan akhir sampah di TPA/TPST kabupaten/kota atau TPA/TPST Regional;1.04.2.11.0.00.01.0000;DINAS PERUMAHAN, KAWASAN PERMUKIMAN DAN LINGKUNGAN HIDUP;5.1.02.04.001.00003;Belanja Perjalanan Dinas Dalam Kota;426800;4209000
2026;2.16.2.20.2.21.01.0000;DINAS KOMUNIKASI DAN INFORMATIKA;2.16.01.2.02.0001;Penyediaan Gaji dan Tunjangan ASN;2.16.2.20.2.21.01.0000;DINAS KOMUNIKASI DAN INFORMATIKA;5.1.01.01.001.00001;Belanja Gaji Pokok PNS;1085619716;1745226445
2026;2.16.2.20.2.21.01.0000;DINAS KOMUNIKASI DAN INFORMATIKA;2.16.01.2.02.0001;Penyediaan Gaji dan Tunjangan ASN;2.16.2.20.2.21.01.0000;DINAS KOMUNIKASI DAN INFORMATIKA;5.1.01.01.001.00002;Belanja Gaji Pokok PPPK;615144282;1033095440
2026;2.16.2.20.2.21.01.0000;DINAS KOMUNIKASI DAN INFORMATIKA;2.16.01.2.02.0001;Penyediaan Gaji dan Tunjangan ASN;2.16.2.20.2.21.01.0000;DINAS KOMUNIKASI DAN INFORMATIKA;5.1.01.01.002.00001;Belanja Tunjangan Keluarga PNS;76025628;128965535
2026;2.16.2.20.2.21.01.0000;DINAS KOMUNIKASI DAN INFORMATIKA;2.16.01.2.02.0001;Penyediaan Gaji dan Tunjangan ASN;2.16.2.20.2.21.01.0000;DINAS KOMUNIKASI DAN INFORMATIKA;5.1.01.01.002.00002;Belanja Tunjangan Keluarga PPPK;37848616;66633020
2026;2.16.2.20.2.21.01.0000;DINAS KOMUNIKASI DAN INFORMATIKA;2.16.01.2.02.0001;Penyediaan Gaji dan Tunjangan ASN;2.16.2.20.2.21.01.0000;DINAS KOMUNIKASI DAN INFORMATIKA;5.1.01.01.003.00001;Belanja Tunjangan Jabatan PNS;60885000;97077750
2026;2.16.2.20.2.21.01.0000;DINAS KOMUNIKASI DAN INFORMATIKA;2.16.01.2.02.0001;Penyediaan Gaji dan Tunjangan ASN;2.16.2.20.2.21.01.0000;DINAS KOMUNIKASI DAN INFORMATIKA;5.1.01.01.004.00001;Belanja Tunjangan Fungsional PNS;43740000;74907000
2026;2.16.2.20.2.21.01.0000;DINAS KOMUNIKASI DAN INFORMATIKA;2.16.01.2.02.0001;Penyediaan Gaji dan Tunjangan ASN;2.16.2.20.2.21.01.0000;DINAS KOMUNIKASI DAN INFORMATIKA;5.1.01.01.005.00001;Belanja Tunjangan Fungsional Umum PNS;39735000;66092500
2026;2.16.2.20.2.21.01.0000;DINAS KOMUNIKASI DAN INFORMATIKA;2.16.01.2.02.0001;Penyediaan Gaji dan Tunjangan ASN;2.16.2.20.2.21.01.0000;DINAS KOMUNIKASI DAN INFORMATIKA;5.1.01.01.005.00002;Belanja Tunjangan Fungsional Umum PPPK;39983326;70420000
2026;2.16.2.20.2.21.01.0000;DINAS KOMUNIKASI DAN INFORMATIKA;2.16.01.2.02.0001;Penyediaan Gaji dan Tunjangan ASN;2.16.2.20.2.21.01.0000;DINAS KOMUNIKASI DAN INFORMATIKA;5.1.01.01.006.00001;Belanja Tunjangan Beras PNS;55256460;91680099
2026;2.16.2.20.2.21.01.0000;DINAS KOMUNIKASI DAN INFORMATIKA;2.16.01.2.02.0001;Penyediaan Gaji dan Tunjangan ASN;2.16.2.20.2.21.01.0000;DINAS KOMUNIKASI DAN INFORMATIKA;5.1.01.01.006.00002;Belanja Tunjangan Beras PPPK;34797810;61314393
2026;2.16.2.20.2.21.01.0000;DINAS KOMUNIKASI DAN INFORMATIKA;2.16.01.2.02.0001;Penyediaan Gaji dan Tunjangan ASN;2.16.2.20.2.21.01.0000;DINAS KOMUNIKASI DAN INFORMATIKA;5.1.01.01.007.00001;Belanja Tunjangan PPh/Tunjangan Khusus PNS;3932673;25028973
2026;2.16.2.20.2.21.01.0000;DINAS KOMUNIKASI DAN INFORMATIKA;2.16.01.2.02.0001;Penyediaan Gaji dan Tunjangan ASN;2.16.2.20.2.21.01.0000;DINAS KOMUNIKASI DAN INFORMATIKA;5.1.01.01.008.00001;Belanja Pembulatan Gaji PNS;16769;41489
2026;2.16.2.20.2.21.01.0000;DINAS KOMUNIKASI DAN INFORMATIKA;2.16.01.2.02.0001;Penyediaan Gaji dan Tunjangan ASN;2.16.2.20.2.21.01.0000;DINAS KOMUNIKASI DAN INFORMATIKA;5.1.01.01.008.00002;Belanja Pembulatan Gaji PPPK;12098;22653
2026;2.16.2.20.2.21.01.0000;DINAS KOMUNIKASI DAN INFORMATIKA;2.16.01.2.02.0001;Penyediaan Gaji dan Tunjangan ASN;2.16.2.20.2.21.01.0000;DINAS KOMUNIKASI DAN INFORMATIKA;5.1.01.01.009.00001;Belanja Iuran Jaminan Kesehatan PNS;52234329;141577168
2026;2.16.2.20.2.21.01.0000;DINAS KOMUNIKASI DAN INFORMATIKA;2.16.01.2.02.0001;Penyediaan Gaji dan Tunjangan ASN;2.16.2.20.2.21.01.0000;DINAS KOMUNIKASI DAN INFORMATIKA;5.1.01.01.009.00002;Belanja Iuran Jaminan Kesehatan PPPK;23780504;48755287
2026;2.16.2.20.2.21.01.0000;DINAS KOMUNIKASI DAN INFORMATIKA;2.16.01.2.02.0001;Penyediaan Gaji dan Tunjangan ASN;2.16.2.20.2.21.01.0000;DINAS KOMUNIKASI DAN INFORMATIKA;5.1.01.01.010.00001;Belanja Iuran Jaminan Kecelakaan Kerja PNS;2025070;4532307
2026;2.16.2.20.2.21.01.0000;DINAS KOMUNIKASI DAN INFORMATIKA;2.16.01.2.02.0001;Penyediaan Gaji dan Tunjangan ASN;2.16.2.20.2.21.01.0000;DINAS KOMUNIKASI DAN INFORMATIKA;5.1.01.01.010.00002;Belanja Iuran Jaminan Kecelakaan Kerja PPPK;1266629;2608942
2026;2.16.2.20.2.21.01.0000;DINAS KOMUNIKASI DAN INFORMATIKA;2.16.01.2.02.0001;Penyediaan Gaji dan Tunjangan ASN;2.16.2.20.2.21.01.0000;DINAS KOMUNIKASI DAN INFORMATIKA;5.1.01.01.011.00001;Belanja Iuran Jaminan Kematian PNS;6075101;13096734
2026;2.16.2.20.2.21.01.0000;DINAS KOMUNIKASI DAN INFORMATIKA;2.16.01.2.02.0001;Penyediaan Gaji dan Tunjangan ASN;2.16.2.20.2.21.01.0000;DINAS KOMUNIKASI DAN INFORMATIKA;5.1.01.01.011.00002;Belanja Iuran Jaminan Kematian PPPK;3799733;7662177
2026;2.16.2.20.2.21.01.0000;DINAS KOMUNIKASI DAN INFORMATIKA;2.16.01.2.02.0001;Penyediaan Gaji dan Tunjangan ASN;2.16.2.20.2.21.01.0000;DINAS KOMUNIKASI DAN INFORMATIKA;5.1.01.01.012.00001;Belanja Iuran Simpanan Peserta Tabungan Perumahan Rakyat PNS;0;8976132
2026;2.16.2.20.2.21.01.0000;DINAS KOMUNIKASI DAN INFORMATIKA;2.16.01.2.02.0001;Penyediaan Gaji dan Tunjangan ASN;2.16.2.20.2.21.01.0000;DINAS KOMUNIKASI DAN INFORMATIKA;5.1.01.01.012.00002;Belanja Iuran Simpanan Peserta Tabungan Perumahan Rakyat PPPK;0;5415477
2026;2.16.2.20.2.21.01.0000;DINAS KOMUNIKASI DAN INFORMATIKA;2.16.01.2.02.0001;Penyediaan Gaji dan Tunjangan ASN;2.16.2.20.2.21.01.0000;DINAS KOMUNIKASI DAN INFORMATIKA;5.1.01.02.001.00001;Tambahan Penghasilan berdasarkan Beban Kerja PNS;380824239;783590674
2026;2.16.2.20.2.21.01.0000;DINAS KOMUNIKASI DAN INFORMATIKA;2.16.01.2.02.0001;Penyediaan Gaji dan Tunjangan ASN;2.16.2.20.2.21.01.0000;DINAS KOMUNIKASI DAN INFORMATIKA;5.1.01.02.003.00001;Tambahan Penghasilan berdasarkan Kondisi Kerja PNS;15200000;29260000
2026;2.16.2.20.2.21.01.0000;DINAS KOMUNIKASI DAN INFORMATIKA;2.16.01.2.02.0001;Penyediaan Gaji dan Tunjangan ASN;2.16.2.20.2.21.01.0000;DINAS KOMUNIKASI DAN INFORMATIKA;5.1.01.02.004.00001;Tambahan Penghasilan berdasarkan Kelangkaan Profesi PNS;20000000;38500000
2026;2.16.2.20.2.21.01.0000;DINAS KOMUNIKASI DAN INFORMATIKA;2.16.01.2.02.0001;Penyediaan Gaji dan Tunjangan ASN;2.16.2.20.2.21.01.0000;DINAS KOMUNIKASI DAN INFORMATIKA;5.1.02.02.001.00080;Belanja Honorarium Penanggungjawaban Pengelola Keuangan;11220000;29665000
2026;2.16.2.20.2.21.01.0000;DINAS KOMUNIKASI DAN INFORMATIKA;2.16.01.2.02.0001;Penyediaan Gaji dan Tunjangan ASN;2.16.2.20.2.21.01.0000;DINAS KOMUNIKASI DAN INFORMATIKA;5.1.02.02.001.00088;Belanja jasa Pegawai Pemerintah dengan Perjanjian Kerja (PPPK) Paruh Waktu pada jabatan operator lay;6150000;12300000
2026;2.16.2.20.2.21.01.0000;DINAS KOMUNIKASI DAN INFORMATIKA;2.16.01.2.02.0001;Penyediaan Gaji dan Tunjangan ASN;2.16.2.20.2.21.01.0000;DINAS KOMUNIKASI DAN INFORMATIKA;5.1.02.02.002.00006;Belanja Iuran Jaminan Kecelakaan Kerja bagi Non ASN;0;0
2026;2.16.2.20.2.21.01.0000;DINAS KOMUNIKASI DAN INFORMATIKA;2.16.01.2.02.0001;Penyediaan Gaji dan Tunjangan ASN;2.16.2.20.2.21.01.0000;DINAS KOMUNIKASI DAN INFORMATIKA;5.1.02.02.002.00007;Belanja Iuran Jaminan Kematian bagi Non ASN;0;0
2026;2.16.2.20.2.21.01.0000;DINAS KOMUNIKASI DAN INFORMATIKA;2.16.01.2.02.0001;Penyediaan Gaji dan Tunjangan ASN;2.16.2.20.2.21.01.0000;DINAS KOMUNIKASI DAN INFORMATIKA;5.1.02.02.002.00019;Belanja Iuran Jaminan Kesehatan bagi PPPK Paruh Waktu pada Jabatan Operator Layanan Operasional;0;1018544
2026;2.16.2.20.2.21.01.0000;DINAS KOMUNIKASI DAN INFORMATIKA;2.16.01.2.02.0001;Penyediaan Gaji dan Tunjangan ASN;2.16.2.20.2.21.01.0000;DINAS KOMUNIKASI DAN INFORMATIKA;5.1.02.02.002.00027;Belanja Iuran Jaminan Kecelakaan Kerja bagi PPPK Paruh Waktu pada Jabatan Operator Layanan Operasion;0;61332
2026;2.16.2.20.2.21.01.0000;DINAS KOMUNIKASI DAN INFORMATIKA;2.16.01.2.02.0001;Penyediaan Gaji dan Tunjangan ASN;2.16.2.20.2.21.01.0000;DINAS KOMUNIKASI DAN INFORMATIKA;5.1.02.02.002.00035;Belanja Iuran Jaminan Kematian bagi PPPK Paruh Waktu pada Jabatan Operator Layanan Operasional;0;76668
2026;2.16.2.20.2.21.01.0000;DINAS KOMUNIKASI DAN INFORMATIKA;2.16.01.2.06.0001;Penyediaan Komponen Instalasi Listrik/Penerangan Bangunan Kantor;2.16.2.20.2.21.01.0000;DINAS KOMUNIKASI DAN INFORMATIKA;5.1.02.01.001.00031;Belanja Alat/Bahan untuk Kegiatan Kantor-Alat Listrik;1448100;2996900
2026;2.16.2.20.2.21.01.0000;DINAS KOMUNIKASI DAN INFORMATIKA;2.16.01.2.06.0004;Penyediaan Bahan Logistik Kantor;2.16.2.20.2.21.01.0000;DINAS KOMUNIKASI DAN INFORMATIKA;5.1.02.01.001.00024;Belanja Alat/Bahan untuk Kegiatan Kantor-Alat Tulis Kantor;3256800;8239450
2026;2.16.2.20.2.21.01.0000;DINAS KOMUNIKASI DAN INFORMATIKA;2.16.01.2.06.0004;Penyediaan Bahan Logistik Kantor;2.16.2.20.2.21.01.0000;DINAS KOMUNIKASI DAN INFORMATIKA;5.1.02.01.001.00025;Belanja Alat/Bahan untuk Kegiatan Kantor- Kertas dan Cover;3024100;6089950
2026;2.16.2.20.2.21.01.0000;DINAS KOMUNIKASI DAN INFORMATIKA;2.16.01.2.06.0004;Penyediaan Bahan Logistik Kantor;2.16.2.20.2.21.01.0000;DINAS KOMUNIKASI DAN INFORMATIKA;5.1.02.01.001.00027;Belanja Alat/Bahan untuk Kegiatan Kantor-Benda Pos;380000;500000
2026;2.16.2.20.2.21.01.0000;DINAS KOMUNIKASI DAN INFORMATIKA;2.16.01.2.06.0004;Penyediaan Bahan Logistik Kantor;2.16.2.20.2.21.01.0000;DINAS KOMUNIKASI DAN INFORMATIKA;5.1.02.01.001.00029;Belanja Alat/Bahan untuk Kegiatan Kantor-Bahan Komputer;1936200;1936200
2026;2.16.2.20.2.21.01.0000;DINAS KOMUNIKASI DAN INFORMATIKA;2.16.01.2.06.0004;Penyediaan Bahan Logistik Kantor;2.16.2.20.2.21.01.0000;DINAS KOMUNIKASI DAN INFORMATIKA;5.1.02.01.001.00052;Belanja Makanan dan Minuman Rapat;0;1330000
2026;2.16.2.20.2.21.01.0000;DINAS KOMUNIKASI DAN INFORMATIKA;2.16.01.2.06.0004;Penyediaan Bahan Logistik Kantor;2.16.2.20.2.21.01.0000;DINAS KOMUNIKASI DAN INFORMATIKA;5.1.02.01.001.00053;Belanja Makanan dan Minuman Jamuan Tamu;3148950;6642100
2026;2.16.2.20.2.21.01.0000;DINAS KOMUNIKASI DAN INFORMATIKA;2.16.01.2.06.0009;Penyelenggaraan Rapat Koordinasi dan Konsultasi SKPD;2.16.2.20.2.21.01.0000;DINAS KOMUNIKASI DAN INFORMATIKA;5.1.02.04.001.00001;Belanja Perjalanan Dinas Biasa;3502500;25775500
2026;2.16.2.20.2.21.01.0000;DINAS KOMUNIKASI DAN INFORMATIKA;2.16.01.2.06.0009;Penyelenggaraan Rapat Koordinasi dan Konsultasi SKPD;2.16.2.20.2.21.01.0000;DINAS KOMUNIKASI DAN INFORMATIKA;5.1.02.04.001.00003;Belanja Perjalanan Dinas Dalam Kota;0;1260000
2026;2.16.2.20.2.21.01.0000;DINAS KOMUNIKASI DAN INFORMATIKA;2.16.01.2.08.0002;Penyediaan Jasa Komunikasi, Sumber Daya Air dan Listrik;2.16.2.20.2.21.01.0000;DINAS KOMUNIKASI DAN INFORMATIKA;5.1.02.02.001.00059;Belanja Tagihan Telepon;2954560;6000000
2026;2.16.2.20.2.21.01.0000;DINAS KOMUNIKASI DAN INFORMATIKA;2.16.01.2.08.0002;Penyediaan Jasa Komunikasi, Sumber Daya Air dan Listrik;2.16.2.20.2.21.01.0000;DINAS KOMUNIKASI DAN INFORMATIKA;5.1.02.02.001.00060;Belanja Tagihan Air;521000;4410000
2026;2.16.2.20.2.21.01.0000;DINAS KOMUNIKASI DAN INFORMATIKA;2.16.01.2.08.0002;Penyediaan Jasa Komunikasi, Sumber Daya Air dan Listrik;2.16.2.20.2.21.01.0000;DINAS KOMUNIKASI DAN INFORMATIKA;5.1.02.02.001.00061;Belanja Tagihan Listrik;12631016;40182001
2026;2.16.2.20.2.21.01.0000;DINAS KOMUNIKASI DAN INFORMATIKA;2.16.01.2.08.0004;Penyediaan Jasa Pelayanan Umum Kantor;2.16.2.20.2.21.01.0000;DINAS KOMUNIKASI DAN INFORMATIKA;5.1.02.01.001.00030;Belanja Alat/Bahan untuk Kegiatan Kantor-Perabot Kantor;967300;1996300
2026;2.16.2.20.2.21.01.0000;DINAS KOMUNIKASI DAN INFORMATIKA;2.16.01.2.09.0001;Penyediaan Jasa Pemeliharaan, Biaya Pemeliharaan, dan Pajak Kendaraan Perorangan Dinas atau Kendaraan Dinas Jabatan;2.16.2.20.2.21.01.0000;DINAS KOMUNIKASI DAN INFORMATIKA;5.1.02.03.002.00035;Belanja Pemeliharaan Alat Angkutan-Alat Angkutan Darat Bermotor-Kendaraan Dinas Bermotor Perorangan;12102600;23000000
2026;2.16.2.20.2.21.01.0000;DINAS KOMUNIKASI DAN INFORMATIKA;2.16.01.2.09.0002;Penyediaan Jasa Pemeliharaan, Biaya Pemeliharaan, Pajak dan Perizinan Kendaraan Dinas Operasional atau Lapangan;2.16.2.20.2.21.01.0000;DINAS KOMUNIKASI DAN INFORMATIKA;5.1.02.03.002.00035;Belanja Pemeliharaan Alat Angkutan-Alat Angkutan Darat Bermotor-Kendaraan Dinas Bermotor Perorangan;7328300;10000000
2026;2.16.2.20.2.21.01.0000;DINAS KOMUNIKASI DAN INFORMATIKA;2.16.01.2.09.0002;Penyediaan Jasa Pemeliharaan, Biaya Pemeliharaan, Pajak dan Perizinan Kendaraan Dinas Operasional atau Lapangan;2.16.2.20.2.21.01.0000;DINAS KOMUNIKASI DAN INFORMATIKA;5.1.02.03.002.00043;Belanja Pemeliharaan Alat Angkutan-Alat Angkutan Darat Bermotor-Alat Angkutan Darat Bermotor Lainnya;1476500;5000000
2026;2.16.2.20.2.21.01.0000;DINAS KOMUNIKASI DAN INFORMATIKA;2.16.01.2.09.0006;Pemeliharaan Peralatan dan Mesin Lainnya;2.16.2.20.2.21.01.0000;DINAS KOMUNIKASI DAN INFORMATIKA;5.1.02.03.002.00121;Belanja Pemeliharaan Alat Kantor dan Rumah Tangga-Alat Rumah Tangga-Alat Pendingin;2325000;3050000
2026;2.16.2.20.2.21.01.0000;DINAS KOMUNIKASI DAN INFORMATIKA;2.16.01.2.09.0006;Pemeliharaan Peralatan dan Mesin Lainnya;2.16.2.20.2.21.01.0000;DINAS KOMUNIKASI DAN INFORMATIKA;5.1.02.03.002.00137;Belanja Pemeliharaan Alat Studio, Komunikasi, dan Pemancar-Alat Studio-Alat Studio Lainnya;0;0
2026;2.16.2.20.2.21.01.0000;DINAS KOMUNIKASI DAN INFORMATIKA;2.16.02.2.01.0014;Relasi Media;2.16.2.20.2.21.01.0000;DINAS KOMUNIKASI DAN INFORMATIKA;5.1.02.01.001.00024;Belanja Alat/Bahan untuk Kegiatan Kantor-Alat Tulis Kantor;288800;484800
2026;2.16.2.20.2.21.01.0000;DINAS KOMUNIKASI DAN INFORMATIKA;2.16.02.2.01.0014;Relasi Media;2.16.2.20.2.21.01.0000;DINAS KOMUNIKASI DAN INFORMATIKA;5.1.02.01.001.00025;Belanja Alat/Bahan untuk Kegiatan Kantor- Kertas dan Cover;311200;311200
2026;2.16.2.20.2.21.01.0000;DINAS KOMUNIKASI DAN INFORMATIKA;2.16.02.2.01.0014;Relasi Media;2.16.2.20.2.21.01.0000;DINAS KOMUNIKASI DAN INFORMATIKA;5.1.02.01.001.00052;Belanja Makanan dan Minuman Rapat;0;0
2026;2.16.2.20.2.21.01.0000;DINAS KOMUNIKASI DAN INFORMATIKA;2.16.02.2.01.0014;Relasi Media;2.16.2.20.2.21.01.0000;DINAS KOMUNIKASI DAN INFORMATIKA;5.1.02.02.001.00055;Belanja Jasa Iklan/Reklame, Film, dan Pemotretan;80500000;114500000
2026;2.16.2.20.2.21.01.0000;DINAS KOMUNIKASI DAN INFORMATIKA;2.16.02.2.01.0014;Relasi Media;2.16.2.20.2.21.01.0000;DINAS KOMUNIKASI DAN INFORMATIKA;5.1.02.02.001.00062;Belanja Langganan Jurnal/Surat Kabar/Majalah;29000000;61400040
2026;2.16.2.20.2.21.01.0000;DINAS KOMUNIKASI DAN INFORMATIKA;2.16.02.2.01.0015;Kemitraan Komunikasi dengan Komunitas Informasi Masyarakat;2.16.2.20.2.21.01.0000;DINAS KOMUNIKASI DAN INFORMATIKA;5.1.02.01.001.00024;Belanja Alat/Bahan untuk Kegiatan Kantor-Alat Tulis Kantor;514500;516150
2026;2.16.2.20.2.21.01.0000;DINAS KOMUNIKASI DAN INFORMATIKA;2.16.02.2.01.0015;Kemitraan Komunikasi dengan Komunitas Informasi Masyarakat;2.16.2.20.2.21.01.0000;DINAS KOMUNIKASI DAN INFORMATIKA;5.1.02.01.001.00025;Belanja Alat/Bahan untuk Kegiatan Kantor- Kertas dan Cover;435000;436800
2026;2.16.2.20.2.21.01.0000;DINAS KOMUNIKASI DAN INFORMATIKA;2.16.02.2.01.0015;Kemitraan Komunikasi dengan Komunitas Informasi Masyarakat;2.16.2.20.2.21.01.0000;DINAS KOMUNIKASI DAN INFORMATIKA;5.1.02.01.001.00029;Belanja Alat/Bahan untuk Kegiatan Kantor-Bahan Komputer;600000;602800
2026;2.16.2.20.2.21.01.0000;DINAS KOMUNIKASI DAN INFORMATIKA;2.16.02.2.01.0015;Kemitraan Komunikasi dengan Komunitas Informasi Masyarakat;2.16.2.20.2.21.01.0000;DINAS KOMUNIKASI DAN INFORMATIKA;5.1.02.04.001.00003;Belanja Perjalanan Dinas Dalam Kota;825200;1680000
2026;2.16.2.20.2.21.01.0000;DINAS KOMUNIKASI DAN INFORMATIKA;2.16.02.2.01.0017;Pelayanan Informasi Publik;2.16.2.20.2.21.01.0000;DINAS KOMUNIKASI DAN INFORMATIKA;5.1.02.01.001.00024;Belanja Alat/Bahan untuk Kegiatan Kantor-Alat Tulis Kantor;735500;750300
2026;2.16.2.20.2.21.01.0000;DINAS KOMUNIKASI DAN INFORMATIKA;2.16.02.2.01.0017;Pelayanan Informasi Publik;2.16.2.20.2.21.01.0000;DINAS KOMUNIKASI DAN INFORMATIKA;5.1.02.01.001.00025;Belanja Alat/Bahan untuk Kegiatan Kantor- Kertas dan Cover;423600;423600
2026;2.16.2.20.2.21.01.0000;DINAS KOMUNIKASI DAN INFORMATIKA;2.16.02.2.01.0017;Pelayanan Informasi Publik;2.16.2.20.2.21.01.0000;DINAS KOMUNIKASI DAN INFORMATIKA;5.1.02.01.001.00029;Belanja Alat/Bahan untuk Kegiatan Kantor-Bahan Komputer;600000;602800
2026;2.16.2.20.2.21.01.0000;DINAS KOMUNIKASI DAN INFORMATIKA;2.16.02.2.01.0017;Pelayanan Informasi Publik;2.16.2.20.2.21.01.0000;DINAS KOMUNIKASI DAN INFORMATIKA;5.1.02.01.001.00052;Belanja Makanan dan Minuman Rapat;0;731500
2026;2.16.2.20.2.21.01.0000;DINAS KOMUNIKASI DAN INFORMATIKA;2.16.02.2.01.0017;Pelayanan Informasi Publik;2.16.2.20.2.21.01.0000;DINAS KOMUNIKASI DAN INFORMATIKA;5.1.02.04.001.00001;Belanja Perjalanan Dinas Biasa;2053000;4250000
2026;2.16.2.20.2.21.01.0000;DINAS KOMUNIKASI DAN INFORMATIKA;2.16.02.2.01.0021;Pengelolaan Media Komunikasi Publik;2.16.2.20.2.21.01.0000;DINAS KOMUNIKASI DAN INFORMATIKA;5.1.02.01.001.00024;Belanja Alat/Bahan untuk Kegiatan Kantor-Alat Tulis Kantor;198000;2985800
2026;2.16.2.20.2.21.01.0000;DINAS KOMUNIKASI DAN INFORMATIKA;2.16.02.2.01.0021;Pengelolaan Media Komunikasi Publik;2.16.2.20.2.21.01.0000;DINAS KOMUNIKASI DAN INFORMATIKA;5.1.02.01.001.00025;Belanja Alat/Bahan untuk Kegiatan Kantor- Kertas dan Cover;436800;490000
2026;2.16.2.20.2.21.01.0000;DINAS KOMUNIKASI DAN INFORMATIKA;2.16.02.2.01.0021;Pengelolaan Media Komunikasi Publik;2.16.2.20.2.21.01.0000;DINAS KOMUNIKASI DAN INFORMATIKA;5.1.02.01.001.00052;Belanja Makanan dan Minuman Rapat;332500;332500
2026;2.16.2.20.2.21.01.0000;DINAS KOMUNIKASI DAN INFORMATIKA;2.16.02.2.01.0021;Pengelolaan Media Komunikasi Publik;2.16.2.20.2.21.01.0000;DINAS KOMUNIKASI DAN INFORMATIKA;5.1.02.02.001.00063;Belanja Kawat/Faksimili/Internet/TV Berlangganan;1453000;10500000
2026;2.16.2.20.2.21.01.0000;DINAS KOMUNIKASI DAN INFORMATIKA;2.16.02.2.01.0021;Pengelolaan Media Komunikasi Publik;2.16.2.20.2.21.01.0000;DINAS KOMUNIKASI DAN INFORMATIKA;5.1.02.04.001.00001;Belanja Perjalanan Dinas Biasa;1762500;6345000
2026;2.16.2.20.2.21.01.0000;DINAS KOMUNIKASI DAN INFORMATIKA;2.16.02.2.01.0021;Pengelolaan Media Komunikasi Publik;2.16.2.20.2.21.01.0000;DINAS KOMUNIKASI DAN INFORMATIKA;5.1.02.04.001.00003;Belanja Perjalanan Dinas Dalam Kota;1087500;2184000
2026;2.16.2.20.2.21.01.0000;DINAS KOMUNIKASI DAN INFORMATIKA;2.16.02.2.01.0023;Penyusunan Konten;2.16.2.20.2.21.01.0000;DINAS KOMUNIKASI DAN INFORMATIKA;5.1.02.01.001.00024;Belanja Alat/Bahan untuk Kegiatan Kantor-Alat Tulis Kantor;195800;753900
2026;2.16.2.20.2.21.01.0000;DINAS KOMUNIKASI DAN INFORMATIKA;2.16.02.2.01.0023;Penyusunan Konten;2.16.2.20.2.21.01.0000;DINAS KOMUNIKASI DAN INFORMATIKA;5.1.02.01.001.00025;Belanja Alat/Bahan untuk Kegiatan Kantor- Kertas dan Cover;501000;503000
2026;2.16.2.20.2.21.01.0000;DINAS KOMUNIKASI DAN INFORMATIKA;2.16.02.2.01.0023;Penyusunan Konten;2.16.2.20.2.21.01.0000;DINAS KOMUNIKASI DAN INFORMATIKA;5.1.02.01.001.00029;Belanja Alat/Bahan untuk Kegiatan Kantor-Bahan Komputer;410000;410000
2026;2.16.2.20.2.21.01.0000;DINAS KOMUNIKASI DAN INFORMATIKA;2.16.02.2.01.0023;Penyusunan Konten;2.16.2.20.2.21.01.0000;DINAS KOMUNIKASI DAN INFORMATIKA;5.1.02.02.001.00063;Belanja Kawat/Faksimili/Internet/TV Berlangganan;1200000;4700000
2026;2.16.2.20.2.21.01.0000;DINAS KOMUNIKASI DAN INFORMATIKA;2.16.02.2.01.0023;Penyusunan Konten;2.16.2.20.2.21.01.0000;DINAS KOMUNIKASI DAN INFORMATIKA;5.1.02.04.001.00003;Belanja Perjalanan Dinas Dalam Kota;90300;504000
2026;2.16.2.20.2.21.01.0000;DINAS KOMUNIKASI DAN INFORMATIKA;2.16.03.2.02.0032;Koordinasi pembangunan dan/atau pengembangan Aplikasi Khusus yang sesuai dengan arsitektur dan peta rencana SPBE pemerintah daerah, serta pemanfaatan Aplikasi Umum SPBE;2.16.2.20.2.21.01.0000;DINAS KOMUNIKASI DAN INFORMATIKA;5.1.02.01.001.00024;Belanja Alat/Bahan untuk Kegiatan Kantor-Alat Tulis Kantor;53000;53000
2026;2.16.2.20.2.21.01.0000;DINAS KOMUNIKASI DAN INFORMATIKA;2.16.03.2.02.0032;Koordinasi pembangunan dan/atau pengembangan Aplikasi Khusus yang sesuai dengan arsitektur dan peta rencana SPBE pemerintah daerah, serta pemanfaatan Aplikasi Umum SPBE;2.16.2.20.2.21.01.0000;DINAS KOMUNIKASI DAN INFORMATIKA;5.1.02.01.001.00025;Belanja Alat/Bahan untuk Kegiatan Kantor- Kertas dan Cover;436800;436800
2026;2.16.2.20.2.21.01.0000;DINAS KOMUNIKASI DAN INFORMATIKA;2.16.03.2.02.0032;Koordinasi pembangunan dan/atau pengembangan Aplikasi Khusus yang sesuai dengan arsitektur dan peta rencana SPBE pemerintah daerah, serta pemanfaatan Aplikasi Umum SPBE;2.16.2.20.2.21.01.0000;DINAS KOMUNIKASI DAN INFORMATIKA;5.1.02.01.001.00052;Belanja Makanan dan Minuman Rapat;1556100;4495400
2026;2.16.2.20.2.21.01.0000;DINAS KOMUNIKASI DAN INFORMATIKA;2.16.03.2.02.0032;Koordinasi pembangunan dan/atau pengembangan Aplikasi Khusus yang sesuai dengan arsitektur dan peta rencana SPBE pemerintah daerah, serta pemanfaatan Aplikasi Umum SPBE;2.16.2.20.2.21.01.0000;DINAS KOMUNIKASI DAN INFORMATIKA;5.1.02.02.001.00063;Belanja Kawat/Faksimili/Internet/TV Berlangganan;26619952;30000000
2026;2.16.2.20.2.21.01.0000;DINAS KOMUNIKASI DAN INFORMATIKA;2.16.03.2.02.0033;Penyelenggaraan pusat kendali Pemerintah Daerah;2.16.2.20.2.21.01.0000;DINAS KOMUNIKASI DAN INFORMATIKA;5.1.02.01.001.00024;Belanja Alat/Bahan untuk Kegiatan Kantor-Alat Tulis Kantor;136700;259400
2026;2.16.2.20.2.21.01.0000;DINAS KOMUNIKASI DAN INFORMATIKA;2.16.03.2.02.0033;Penyelenggaraan pusat kendali Pemerintah Daerah;2.16.2.20.2.21.01.0000;DINAS KOMUNIKASI DAN INFORMATIKA;5.1.02.01.001.00025;Belanja Alat/Bahan untuk Kegiatan Kantor- Kertas dan Cover;145600;145600
2026;2.16.2.20.2.21.01.0000;DINAS KOMUNIKASI DAN INFORMATIKA;2.16.03.2.02.0033;Penyelenggaraan pusat kendali Pemerintah Daerah;2.16.2.20.2.21.01.0000;DINAS KOMUNIKASI DAN INFORMATIKA;5.1.02.01.001.00029;Belanja Alat/Bahan untuk Kegiatan Kantor-Bahan Komputer;302000;755000
2026;2.16.2.20.2.21.01.0000;DINAS KOMUNIKASI DAN INFORMATIKA;2.16.03.2.02.0033;Penyelenggaraan pusat kendali Pemerintah Daerah;2.16.2.20.2.21.01.0000;DINAS KOMUNIKASI DAN INFORMATIKA;5.1.02.02.001.00063;Belanja Kawat/Faksimili/Internet/TV Berlangganan;0;0
2026;2.16.2.20.2.21.01.0000;DINAS KOMUNIKASI DAN INFORMATIKA;2.16.03.2.02.0033;Penyelenggaraan pusat kendali Pemerintah Daerah;2.16.2.20.2.21.01.0000;DINAS KOMUNIKASI DAN INFORMATIKA;5.1.02.03.002.00411;Belanja Pemeliharaan Komputer-Peralatan Komputer-Peralatan Komputer Lainnya;0;0
2026;2.16.2.20.2.21.01.0000;DINAS KOMUNIKASI DAN INFORMATIKA;2.16.03.2.02.0033;Penyelenggaraan pusat kendali Pemerintah Daerah;2.16.2.20.2.21.01.0000;DINAS KOMUNIKASI DAN INFORMATIKA;5.1.02.04.001.00003;Belanja Perjalanan Dinas Dalam Kota;0;840000
2026;2.16.2.20.2.21.01.0000;DINAS KOMUNIKASI DAN INFORMATIKA;2.16.03.2.02.0035;Koordinasi dan Fasilitasi Promosi Literasi SPBE dan/atau kolaborasi penyelenggaraan SPBE;2.16.2.20.2.21.01.0000;DINAS KOMUNIKASI DAN INFORMATIKA;5.1.02.01.001.00024;Belanja Alat/Bahan untuk Kegiatan Kantor-Alat Tulis Kantor;53000;53000
2026;2.16.2.20.2.21.01.0000;DINAS KOMUNIKASI DAN INFORMATIKA;2.16.03.2.02.0035;Koordinasi dan Fasilitasi Promosi Literasi SPBE dan/atau kolaborasi penyelenggaraan SPBE;2.16.2.20.2.21.01.0000;DINAS KOMUNIKASI DAN INFORMATIKA;5.1.02.01.001.00025;Belanja Alat/Bahan untuk Kegiatan Kantor- Kertas dan Cover;436800;436800
2026;2.16.2.20.2.21.01.0000;DINAS KOMUNIKASI DAN INFORMATIKA;2.16.03.2.02.0035;Koordinasi dan Fasilitasi Promosi Literasi SPBE dan/atau kolaborasi penyelenggaraan SPBE;2.16.2.20.2.21.01.0000;DINAS KOMUNIKASI DAN INFORMATIKA;5.1.02.01.001.00052;Belanja Makanan dan Minuman Rapat;292600;4495400
2026;2.16.2.20.2.21.01.0000;DINAS KOMUNIKASI DAN INFORMATIKA;2.16.03.2.02.0036;Penyediaan Akses Internet;2.16.2.20.2.21.01.0000;DINAS KOMUNIKASI DAN INFORMATIKA;5.1.02.01.001.00024;Belanja Alat/Bahan untuk Kegiatan Kantor-Alat Tulis Kantor;206100;206100
2026;2.16.2.20.2.21.01.0000;DINAS KOMUNIKASI DAN INFORMATIKA;2.16.03.2.02.0036;Penyediaan Akses Internet;2.16.2.20.2.21.01.0000;DINAS KOMUNIKASI DAN INFORMATIKA;5.1.02.01.001.00025;Belanja Alat/Bahan untuk Kegiatan Kantor- Kertas dan Cover;450000;1323600
2026;2.16.2.20.2.21.01.0000;DINAS KOMUNIKASI DAN INFORMATIKA;2.16.03.2.02.0036;Penyediaan Akses Internet;2.16.2.20.2.21.01.0000;DINAS KOMUNIKASI DAN INFORMATIKA;5.1.02.01.001.00030;Belanja Alat/Bahan untuk Kegiatan Kantor-Perabot Kantor;417800;417800
2026;2.16.2.20.2.21.01.0000;DINAS KOMUNIKASI DAN INFORMATIKA;2.16.03.2.02.0036;Penyediaan Akses Internet;2.16.2.20.2.21.01.0000;DINAS KOMUNIKASI DAN INFORMATIKA;5.1.02.02.001.00063;Belanja Kawat/Faksimili/Internet/TV Berlangganan;40000000;131750000
2026;2.16.2.20.2.21.01.0000;DINAS KOMUNIKASI DAN INFORMATIKA;2.16.03.2.02.0036;Penyediaan Akses Internet;2.16.2.20.2.21.01.0000;DINAS KOMUNIKASI DAN INFORMATIKA;5.1.02.04.001.00001;Belanja Perjalanan Dinas Biasa;861500;6212500
2026;2.16.2.20.2.21.01.0000;DINAS KOMUNIKASI DAN INFORMATIKA;2.16.03.2.02.0036;Penyediaan Akses Internet;2.16.2.20.2.21.01.0000;DINAS KOMUNIKASI DAN INFORMATIKA;5.1.02.04.001.00003;Belanja Perjalanan Dinas Dalam Kota;90300;840000
2026;2.16.2.20.2.21.01.0000;DINAS KOMUNIKASI DAN INFORMATIKA;2.16.03.2.02.0037;Koordinasi penyusunan kebijakan tata kelola SPBE meliputi arsitektur, peta rencana, proses bisnis, serta penyusunan rencana dan anggaran SPBE Pemerintah Daerah;2.16.2.20.2.21.01.0000;DINAS KOMUNIKASI DAN INFORMATIKA;5.1.02.01.001.00024;Belanja Alat/Bahan untuk Kegiatan Kantor-Alat Tulis Kantor;53000;53000
2026;2.16.2.20.2.21.01.0000;DINAS KOMUNIKASI DAN INFORMATIKA;2.16.03.2.02.0037;Koordinasi penyusunan kebijakan tata kelola SPBE meliputi arsitektur, peta rencana, proses bisnis, serta penyusunan rencana dan anggaran SPBE Pemerintah Daerah;2.16.2.20.2.21.01.0000;DINAS KOMUNIKASI DAN INFORMATIKA;5.1.02.01.001.00025;Belanja Alat/Bahan untuk Kegiatan Kantor- Kertas dan Cover;436800;436800
2026;2.16.2.20.2.21.01.0000;DINAS KOMUNIKASI DAN INFORMATIKA;2.16.03.2.02.0037;Koordinasi penyusunan kebijakan tata kelola SPBE meliputi arsitektur, peta rencana, proses bisnis, serta penyusunan rencana dan anggaran SPBE Pemerintah Daerah;2.16.2.20.2.21.01.0000;DINAS KOMUNIKASI DAN INFORMATIKA;5.1.02.01.001.00052;Belanja Makanan dan Minuman Rapat;3458000;4495400
2026;2.16.2.20.2.21.01.0000;DINAS KOMUNIKASI DAN INFORMATIKA;2.20.02.2.01.0020;Pengingkatan Kapasitas Kelembagaan Statistik Sektoral;2.16.2.20.2.21.01.0000;DINAS KOMUNIKASI DAN INFORMATIKA;5.1.02.01.001.00024;Belanja Alat/Bahan untuk Kegiatan Kantor-Alat Tulis Kantor;917800;917800
2026;2.16.2.20.2.21.01.0000;DINAS KOMUNIKASI DAN INFORMATIKA;2.20.02.2.01.0020;Pengingkatan Kapasitas Kelembagaan Statistik Sektoral;2.16.2.20.2.21.01.0000;DINAS KOMUNIKASI DAN INFORMATIKA;5.1.02.01.001.00025;Belanja Alat/Bahan untuk Kegiatan Kantor- Kertas dan Cover;1456000;1456000
2026;2.16.2.20.2.21.01.0000;DINAS KOMUNIKASI DAN INFORMATIKA;2.20.02.2.01.0020;Pengingkatan Kapasitas Kelembagaan Statistik Sektoral;2.16.2.20.2.21.01.0000;DINAS KOMUNIKASI DAN INFORMATIKA;5.1.02.01.001.00029;Belanja Alat/Bahan untuk Kegiatan Kantor-Bahan Komputer;2628150;2628150
2026;2.16.2.20.2.21.01.0000;DINAS KOMUNIKASI DAN INFORMATIKA;2.20.02.2.01.0020;Pengingkatan Kapasitas Kelembagaan Statistik Sektoral;2.16.2.20.2.21.01.0000;DINAS KOMUNIKASI DAN INFORMATIKA;5.1.02.01.001.00052;Belanja Makanan dan Minuman Rapat;931000;1995000
2026;2.16.2.20.2.21.01.0000;DINAS KOMUNIKASI DAN INFORMATIKA;2.20.02.2.01.0021;Pelaksanaan Proses Bisnis Statistik Sektoral Sesuai Standar;2.16.2.20.2.21.01.0000;DINAS KOMUNIKASI DAN INFORMATIKA;5.1.02.01.001.00024;Belanja Alat/Bahan untuk Kegiatan Kantor-Alat Tulis Kantor;1302700;1302700
2026;2.16.2.20.2.21.01.0000;DINAS KOMUNIKASI DAN INFORMATIKA;2.20.02.2.01.0021;Pelaksanaan Proses Bisnis Statistik Sektoral Sesuai Standar;2.16.2.20.2.21.01.0000;DINAS KOMUNIKASI DAN INFORMATIKA;5.1.02.01.001.00025;Belanja Alat/Bahan untuk Kegiatan Kantor- Kertas dan Cover;1191200;1191200
2026;2.16.2.20.2.21.01.0000;DINAS KOMUNIKASI DAN INFORMATIKA;2.20.02.2.01.0021;Pelaksanaan Proses Bisnis Statistik Sektoral Sesuai Standar;2.16.2.20.2.21.01.0000;DINAS KOMUNIKASI DAN INFORMATIKA;5.1.02.01.001.00029;Belanja Alat/Bahan untuk Kegiatan Kantor-Bahan Komputer;643800;643800
2026;2.16.2.20.2.21.01.0000;DINAS KOMUNIKASI DAN INFORMATIKA;2.20.02.2.01.0021;Pelaksanaan Proses Bisnis Statistik Sektoral Sesuai Standar;2.16.2.20.2.21.01.0000;DINAS KOMUNIKASI DAN INFORMATIKA;5.1.02.01.001.00052;Belanja Makanan dan Minuman Rapat;0;1862000
2026;2.16.2.20.2.21.01.0000;DINAS KOMUNIKASI DAN INFORMATIKA;2.20.02.2.01.0022;Koordinasi dan Kolaborasi Dalam Penyelenggaraan Statistik Sektoral;2.16.2.20.2.21.01.0000;DINAS KOMUNIKASI DAN INFORMATIKA;5.1.02.04.001.00001;Belanja Perjalanan Dinas Biasa;565000;3705000
2026;2.16.2.20.2.21.01.0000;DINAS KOMUNIKASI DAN INFORMATIKA;2.20.02.2.01.0022;Koordinasi dan Kolaborasi Dalam Penyelenggaraan Statistik Sektoral;2.16.2.20.2.21.01.0000;DINAS KOMUNIKASI DAN INFORMATIKA;5.1.02.04.001.00003;Belanja Perjalanan Dinas Dalam Kota;634483;1288000
2026;2.16.2.20.2.21.01.0000;DINAS KOMUNIKASI DAN INFORMATIKA;2.21.02.2.01.0005;Pelaksanaan Keamanan Informasi Pemerintahan Daerah Berbasis Elektronik dan Non Elektronik;2.16.2.20.2.21.01.0000;DINAS KOMUNIKASI DAN INFORMATIKA;5.1.02.01.001.00024;Belanja Alat/Bahan untuk Kegiatan Kantor-Alat Tulis Kantor;0;230000
2026;2.16.2.20.2.21.01.0000;DINAS KOMUNIKASI DAN INFORMATIKA;2.21.02.2.01.0005;Pelaksanaan Keamanan Informasi Pemerintahan Daerah Berbasis Elektronik dan Non Elektronik;2.16.2.20.2.21.01.0000;DINAS KOMUNIKASI DAN INFORMATIKA;5.1.02.01.001.00029;Belanja Alat/Bahan untuk Kegiatan Kantor-Bahan Komputer;0;0
2026;2.16.2.20.2.21.01.0000;DINAS KOMUNIKASI DAN INFORMATIKA;2.21.02.2.01.0005;Pelaksanaan Keamanan Informasi Pemerintahan Daerah Berbasis Elektronik dan Non Elektronik;2.16.2.20.2.21.01.0000;DINAS KOMUNIKASI DAN INFORMATIKA;5.1.02.01.001.00030;Belanja Alat/Bahan untuk Kegiatan Kantor-Perabot Kantor;0;126000
2026;2.16.2.20.2.21.01.0000;DINAS KOMUNIKASI DAN INFORMATIKA;2.21.02.2.01.0005;Pelaksanaan Keamanan Informasi Pemerintahan Daerah Berbasis Elektronik dan Non Elektronik;2.16.2.20.2.21.01.0000;DINAS KOMUNIKASI DAN INFORMATIKA;5.1.02.01.001.00052;Belanja Makanan dan Minuman Rapat;0;0
2026;2.16.2.20.2.21.01.0000;DINAS KOMUNIKASI DAN INFORMATIKA;2.21.02.2.01.0005;Pelaksanaan Keamanan Informasi Pemerintahan Daerah Berbasis Elektronik dan Non Elektronik;2.16.2.20.2.21.01.0000;DINAS KOMUNIKASI DAN INFORMATIKA;5.1.02.04.001.00001;Belanja Perjalanan Dinas Biasa;640000;3150000
2026;2.16.2.20.2.21.01.0000;DINAS KOMUNIKASI DAN INFORMATIKA;2.21.02.2.01.0008;Penetapan Kebijakan Tata Kelola Keamanan Informasi dan Persandian Pemerintah Daerah;2.16.2.20.2.21.01.0000;DINAS KOMUNIKASI DAN INFORMATIKA;5.1.02.01.001.00024;Belanja Alat/Bahan untuk Kegiatan Kantor-Alat Tulis Kantor;0;0
2026;2.16.2.20.2.21.01.0000;DINAS KOMUNIKASI DAN INFORMATIKA;2.21.02.2.01.0008;Penetapan Kebijakan Tata Kelola Keamanan Informasi dan Persandian Pemerintah Daerah;2.16.2.20.2.21.01.0000;DINAS KOMUNIKASI DAN INFORMATIKA;5.1.02.01.001.00025;Belanja Alat/Bahan untuk Kegiatan Kantor- Kertas dan Cover;0;0
2026;2.16.2.20.2.21.01.0000;DINAS KOMUNIKASI DAN INFORMATIKA;2.21.02.2.01.0008;Penetapan Kebijakan Tata Kelola Keamanan Informasi dan Persandian Pemerintah Daerah;2.16.2.20.2.21.01.0000;DINAS KOMUNIKASI DAN INFORMATIKA;5.1.02.01.001.00052;Belanja Makanan dan Minuman Rapat;0;525000
2026;2.16.2.20.2.21.01.0000;DINAS KOMUNIKASI DAN INFORMATIKA;2.21.02.2.01.0008;Penetapan Kebijakan Tata Kelola Keamanan Informasi dan Persandian Pemerintah Daerah;2.16.2.20.2.21.01.0000;DINAS KOMUNIKASI DAN INFORMATIKA;5.2.02.10.002.00003;Belanja Modal Peralatan Personal Computer;0;0
2026;3.27.0.00.0.00.01.0000;DINAS PERTANIAN;3.27.01.2.01.0001;Penyusunan Dokumen Perencanaan Perangkat Daerah;3.27.0.00.0.00.01.0000;DINAS PERTANIAN;5.1.02.01.001.00052;Belanja Makanan dan Minuman Rapat;0;0
2026;3.27.0.00.0.00.01.0000;DINAS PERTANIAN;3.27.01.2.01.0001;Penyusunan Dokumen Perencanaan Perangkat Daerah;3.27.0.00.0.00.01.0000;DINAS PERTANIAN;5.1.02.04.001.00001;Belanja Perjalanan Dinas Biasa;0;0
2026;3.27.0.00.0.00.01.0000;DINAS PERTANIAN;3.27.01.2.01.0001;Penyusunan Dokumen Perencanaan Perangkat Daerah;3.27.0.00.0.00.01.0000;DINAS PERTANIAN;5.1.02.04.001.00003;Belanja Perjalanan Dinas Dalam Kota;0;0
2026;3.27.0.00.0.00.01.0000;DINAS PERTANIAN;3.27.01.2.01.0007;Evaluasi Kinerja Perangkat Daerah;3.27.0.00.0.00.01.0000;DINAS PERTANIAN;5.1.02.01.001.00052;Belanja Makanan dan Minuman Rapat;0;1915000
2026;3.27.0.00.0.00.01.0000;DINAS PERTANIAN;3.27.01.2.01.0007;Evaluasi Kinerja Perangkat Daerah;3.27.0.00.0.00.01.0000;DINAS PERTANIAN;5.1.02.04.001.00003;Belanja Perjalanan Dinas Dalam Kota;0;0
2026;3.27.0.00.0.00.01.0000;DINAS PERTANIAN;3.27.01.2.02.0001;Penyediaan Gaji dan Tunjangan ASN;3.27.0.00.0.00.01.0000;DINAS PERTANIAN;5.1.01.01.001.00001;Belanja Gaji Pokok PNS;5100520293;8273826680
2026;3.27.0.00.0.00.01.0000;DINAS PERTANIAN;3.27.01.2.02.0001;Penyediaan Gaji dan Tunjangan ASN;3.27.0.00.0.00.01.0000;DINAS PERTANIAN;5.1.01.01.001.00002;Belanja Gaji Pokok PPPK;1605514897;3363606975
2026;3.27.0.00.0.00.01.0000;DINAS PERTANIAN;3.27.01.2.02.0001;Penyediaan Gaji dan Tunjangan ASN;3.27.0.00.0.00.01.0000;DINAS PERTANIAN;5.1.01.01.002.00001;Belanja Tunjangan Keluarga PNS;330671151;717677201
2026;3.27.0.00.0.00.01.0000;DINAS PERTANIAN;3.27.01.2.02.0001;Penyediaan Gaji dan Tunjangan ASN;3.27.0.00.0.00.01.0000;DINAS PERTANIAN;5.1.01.01.002.00002;Belanja Tunjangan Keluarga PPPK;149725374;528373549
2026;3.27.0.00.0.00.01.0000;DINAS PERTANIAN;3.27.01.2.02.0001;Penyediaan Gaji dan Tunjangan ASN;3.27.0.00.0.00.01.0000;DINAS PERTANIAN;5.1.01.01.003.00001;Belanja Tunjangan Jabatan PNS;152235000;271416250
2026;3.27.0.00.0.00.01.0000;DINAS PERTANIAN;3.27.01.2.02.0001;Penyediaan Gaji dan Tunjangan ASN;3.27.0.00.0.00.01.0000;DINAS PERTANIAN;5.1.01.01.004.00001;Belanja Tunjangan Fungsional PNS;47520000;384805000
2026;3.27.0.00.0.00.01.0000;DINAS PERTANIAN;3.27.01.2.02.0001;Penyediaan Gaji dan Tunjangan ASN;3.27.0.00.0.00.01.0000;DINAS PERTANIAN;5.1.01.01.004.00002;Belanja Tunjangan Fungsional PPPK;0;165052500
2026;3.27.0.00.0.00.01.0000;DINAS PERTANIAN;3.27.01.2.02.0001;Penyediaan Gaji dan Tunjangan ASN;3.27.0.00.0.00.01.0000;DINAS PERTANIAN;5.1.01.01.005.00001;Belanja Tunjangan Fungsional Umum PNS;288910000;493926000
2026;3.27.0.00.0.00.01.0000;DINAS PERTANIAN;3.27.01.2.02.0001;Penyediaan Gaji dan Tunjangan ASN;3.27.0.00.0.00.01.0000;DINAS PERTANIAN;5.1.01.01.005.00002;Belanja Tunjangan Fungsional Umum PPPK;100364140;271224000
2026;3.27.0.00.0.00.01.0000;DINAS PERTANIAN;3.27.01.2.02.0001;Penyediaan Gaji dan Tunjangan ASN;3.27.0.00.0.00.01.0000;DINAS PERTANIAN;5.1.01.01.006.00001;Belanja Tunjangan Beras PNS;272733720;560553432
2026;3.27.0.00.0.00.01.0000;DINAS PERTANIAN;3.27.01.2.02.0001;Penyediaan Gaji dan Tunjangan ASN;3.27.0.00.0.00.01.0000;DINAS PERTANIAN;5.1.01.01.006.00002;Belanja Tunjangan Beras PPPK;112812255;375177387
2026;3.27.0.00.0.00.01.0000;DINAS PERTANIAN;3.27.01.2.02.0001;Penyediaan Gaji dan Tunjangan ASN;3.27.0.00.0.00.01.0000;DINAS PERTANIAN;5.1.01.01.007.00001;Belanja Tunjangan PPh/Tunjangan Khusus PNS;7357951;64373754
2026;3.27.0.00.0.00.01.0000;DINAS PERTANIAN;3.27.01.2.02.0001;Penyediaan Gaji dan Tunjangan ASN;3.27.0.00.0.00.01.0000;DINAS PERTANIAN;5.1.01.01.008.00001;Belanja Pembulatan Gaji PNS;77370;978452
2026;3.27.0.00.0.00.01.0000;DINAS PERTANIAN;3.27.01.2.02.0001;Penyediaan Gaji dan Tunjangan ASN;3.27.0.00.0.00.01.0000;DINAS PERTANIAN;5.1.01.01.008.00002;Belanja Pembulatan Gaji PPPK;34996;184232
2026;3.27.0.00.0.00.01.0000;DINAS PERTANIAN;3.27.01.2.02.0001;Penyediaan Gaji dan Tunjangan ASN;3.27.0.00.0.00.01.0000;DINAS PERTANIAN;5.1.01.01.009.00001;Belanja Iuran Jaminan Kesehatan PNS;212608184;700814815
2026;3.27.0.00.0.00.01.0000;DINAS PERTANIAN;3.27.01.2.02.0001;Penyediaan Gaji dan Tunjangan ASN;3.27.0.00.0.00.01.0000;DINAS PERTANIAN;5.1.01.01.009.00002;Belanja Iuran Jaminan Kesehatan PPPK;64020340;265040558
2026;3.27.0.00.0.00.01.0000;DINAS PERTANIAN;3.27.01.2.02.0001;Penyediaan Gaji dan Tunjangan ASN;3.27.0.00.0.00.01.0000;DINAS PERTANIAN;5.1.01.01.010.00001;Belanja Iuran Jaminan Kecelakaan Kerja PNS;9526081;25134030
2026;3.27.0.00.0.00.01.0000;DINAS PERTANIAN;3.27.01.2.02.0001;Penyediaan Gaji dan Tunjangan ASN;3.27.0.00.0.00.01.0000;DINAS PERTANIAN;5.1.01.01.010.00002;Belanja Iuran Jaminan Kecelakaan Kerja PPPK;3324132;12955625
2026;3.27.0.00.0.00.01.0000;DINAS PERTANIAN;3.27.01.2.02.0001;Penyediaan Gaji dan Tunjangan ASN;3.27.0.00.0.00.01.0000;DINAS PERTANIAN;5.1.01.01.011.00001;Belanja Iuran Jaminan Kematian PNS;28577561;74400666
2026;3.27.0.00.0.00.01.0000;DINAS PERTANIAN;3.27.01.2.02.0001;Penyediaan Gaji dan Tunjangan ASN;3.27.0.00.0.00.01.0000;DINAS PERTANIAN;5.1.01.01.011.00002;Belanja Iuran Jaminan Kematian PPPK;9971948;37786442
2026;3.27.0.00.0.00.01.0000;DINAS PERTANIAN;3.27.01.2.02.0001;Penyediaan Gaji dan Tunjangan ASN;3.27.0.00.0.00.01.0000;DINAS PERTANIAN;5.1.01.01.012.00001;Belanja Iuran Simpanan Peserta Tabungan Perumahan Rakyat PNS;0;51544133
2026;3.27.0.00.0.00.01.0000;DINAS PERTANIAN;3.27.01.2.02.0001;Penyediaan Gaji dan Tunjangan ASN;3.27.0.00.0.00.01.0000;DINAS PERTANIAN;5.1.01.01.012.00002;Belanja Iuran Simpanan Peserta Tabungan Perumahan Rakyat PPPK;0;26818035
2026;3.27.0.00.0.00.01.0000;DINAS PERTANIAN;3.27.01.2.02.0001;Penyediaan Gaji dan Tunjangan ASN;3.27.0.00.0.00.01.0000;DINAS PERTANIAN;5.1.01.02.001.00001;Tambahan Penghasilan berdasarkan Beban Kerja PNS;955569224;2858143945
2026;3.27.0.00.0.00.01.0000;DINAS PERTANIAN;3.27.01.2.02.0001;Penyediaan Gaji dan Tunjangan ASN;3.27.0.00.0.00.01.0000;DINAS PERTANIAN;5.1.01.02.001.00002;Tambahan Penghasilan berdasarkan Beban Kerja PPPK;0;337106022
2026;3.27.0.00.0.00.01.0000;DINAS PERTANIAN;3.27.01.2.02.0001;Penyediaan Gaji dan Tunjangan ASN;3.27.0.00.0.00.01.0000;DINAS PERTANIAN;5.1.01.02.003.00001;Tambahan Penghasilan berdasarkan Kondisi Kerja PNS;22800000;43890000
2026;3.27.0.00.0.00.01.0000;DINAS PERTANIAN;3.27.01.2.02.0001;Penyediaan Gaji dan Tunjangan ASN;3.27.0.00.0.00.01.0000;DINAS PERTANIAN;5.1.02.02.001.00080;Belanja Honorarium Penanggungjawaban Pengelola Keuangan;33960000;69420000
2026;3.27.0.00.0.00.01.0000;DINAS PERTANIAN;3.27.01.2.02.0001;Penyediaan Gaji dan Tunjangan ASN;3.27.0.00.0.00.01.0000;DINAS PERTANIAN;5.1.02.02.001.00087;Belanja Jasa Pegawai Pemerintah dengan Perjanjian Kerja (PPPK) Paruh Waktu pada Jabatan Pengelola Um;12740000;21840000
2026;3.27.0.00.0.00.01.0000;DINAS PERTANIAN;3.27.01.2.02.0001;Penyediaan Gaji dan Tunjangan ASN;3.27.0.00.0.00.01.0000;DINAS PERTANIAN;5.1.02.02.001.00088;Belanja jasa Pegawai Pemerintah dengan Perjanjian Kerja (PPPK) Paruh Waktu pada jabatan operator lay;100450000;172200000
2026;3.27.0.00.0.00.01.0000;DINAS PERTANIAN;3.27.01.2.02.0001;Penyediaan Gaji dan Tunjangan ASN;3.27.0.00.0.00.01.0000;DINAS PERTANIAN;5.1.02.02.001.00090;Belanja jasa Pegawai Pemerintah dengan Perjanjian Kerja (PPPK) Paruh Waktu pada jabatan penata layan;36400000;62400000
2026;3.27.0.00.0.00.01.0000;DINAS PERTANIAN;3.27.01.2.02.0001;Penyediaan Gaji dan Tunjangan ASN;3.27.0.00.0.00.01.0000;DINAS PERTANIAN;5.1.02.02.002.00018;Belanja Iuran Jaminan Kesehatan bagi PPPK Paruh Waktu pada Jabatan Pengelola Umum Operasional;0;2037088
2026;3.27.0.00.0.00.01.0000;DINAS PERTANIAN;3.27.01.2.02.0001;Penyediaan Gaji dan Tunjangan ASN;3.27.0.00.0.00.01.0000;DINAS PERTANIAN;5.1.02.02.002.00019;Belanja Iuran Jaminan Kesehatan bagi PPPK Paruh Waktu pada Jabatan Operator Layanan Operasional;0;14259616
2026;3.27.0.00.0.00.01.0000;DINAS PERTANIAN;3.27.01.2.02.0001;Penyediaan Gaji dan Tunjangan ASN;3.27.0.00.0.00.01.0000;DINAS PERTANIAN;5.1.02.02.002.00021;Belanja Iuran Jaminan Kesehatan bagi PPPK Paruh Waktu pada Jabatan Penata Layanan Operasional;0;4074176
2026;3.27.0.00.0.00.01.0000;DINAS PERTANIAN;3.27.01.2.03.0004;Pembinaan, Pengawasan, dan Pengendalian Barang Milik Daerah pada SKPD;3.27.0.00.0.00.01.0000;DINAS PERTANIAN;5.1.02.04.001.00003;Belanja Perjalanan Dinas Dalam Kota;0;1596000
2026;3.27.0.00.0.00.01.0000;DINAS PERTANIAN;3.27.01.2.06.0004;Penyediaan Bahan Logistik Kantor;3.27.0.00.0.00.01.0000;DINAS PERTANIAN;5.1.02.01.001.00008;Belanja Bahan-Bahan/Bibit Tanaman;0;3704000
2026;3.27.0.00.0.00.01.0000;DINAS PERTANIAN;3.27.01.2.06.0004;Penyediaan Bahan Logistik Kantor;3.27.0.00.0.00.01.0000;DINAS PERTANIAN;5.1.02.01.001.00024;Belanja Alat/Bahan untuk Kegiatan Kantor-Alat Tulis Kantor;0;12379100
2026;3.27.0.00.0.00.01.0000;DINAS PERTANIAN;3.27.01.2.06.0004;Penyediaan Bahan Logistik Kantor;3.27.0.00.0.00.01.0000;DINAS PERTANIAN;5.1.02.01.001.00025;Belanja Alat/Bahan untuk Kegiatan Kantor- Kertas dan Cover;0;36291900
2026;3.27.0.00.0.00.01.0000;DINAS PERTANIAN;3.27.01.2.06.0004;Penyediaan Bahan Logistik Kantor;3.27.0.00.0.00.01.0000;DINAS PERTANIAN;5.1.02.01.001.00027;Belanja Alat/Bahan untuk Kegiatan Kantor-Benda Pos;500000;2510000
2026;3.27.0.00.0.00.01.0000;DINAS PERTANIAN;3.27.01.2.06.0004;Penyediaan Bahan Logistik Kantor;3.27.0.00.0.00.01.0000;DINAS PERTANIAN;5.1.02.01.001.00029;Belanja Alat/Bahan untuk Kegiatan Kantor-Bahan Komputer;0;28540500
2026;3.27.0.00.0.00.01.0000;DINAS PERTANIAN;3.27.01.2.06.0004;Penyediaan Bahan Logistik Kantor;3.27.0.00.0.00.01.0000;DINAS PERTANIAN;5.1.02.01.001.00031;Belanja Alat/Bahan untuk Kegiatan Kantor-Alat Listrik;1885000;3250000
2026;3.27.0.00.0.00.01.0000;DINAS PERTANIAN;3.27.01.2.06.0005;Penyediaan Barang Cetakan dan Penggandaan;3.27.0.00.0.00.01.0000;DINAS PERTANIAN;5.1.02.01.001.00024;Belanja Alat/Bahan untuk Kegiatan Kantor-Alat Tulis Kantor;0;6187700
2026;3.27.0.00.0.00.01.0000;DINAS PERTANIAN;3.27.01.2.06.0008;Fasilitasi Kunjungan Tamu;3.27.0.00.0.00.01.0000;DINAS PERTANIAN;5.1.02.01.001.00053;Belanja Makanan dan Minuman Jamuan Tamu;1278500;5021500
2026;3.27.0.00.0.00.01.0000;DINAS PERTANIAN;3.27.01.2.06.0009;Penyelenggaraan Rapat Koordinasi dan Konsultasi SKPD;3.27.0.00.0.00.01.0000;DINAS PERTANIAN;5.1.02.02.001.00003;Honorarium Narasumber atau Pembahas, Moderator, Pembawa Acara, dan Panitia;0;0
2026;3.27.0.00.0.00.01.0000;DINAS PERTANIAN;3.27.01.2.06.0009;Penyelenggaraan Rapat Koordinasi dan Konsultasi SKPD;3.27.0.00.0.00.01.0000;DINAS PERTANIAN;5.1.02.04.001.00001;Belanja Perjalanan Dinas Biasa;10178300;20445000
2026;3.27.0.00.0.00.01.0000;DINAS PERTANIAN;3.27.01.2.06.0009;Penyelenggaraan Rapat Koordinasi dan Konsultasi SKPD;3.27.0.00.0.00.01.0000;DINAS PERTANIAN;5.1.02.04.001.00003;Belanja Perjalanan Dinas Dalam Kota;1218000;5291000
2026;3.27.0.00.0.00.01.0000;DINAS PERTANIAN;3.27.01.2.08.0002;Penyediaan Jasa Komunikasi, Sumber Daya Air dan Listrik;3.27.0.00.0.00.01.0000;DINAS PERTANIAN;5.1.02.02.001.00060;Belanja Tagihan Air;11141500;23268000
2026;3.27.0.00.0.00.01.0000;DINAS PERTANIAN;3.27.01.2.08.0002;Penyediaan Jasa Komunikasi, Sumber Daya Air dan Listrik;3.27.0.00.0.00.01.0000;DINAS PERTANIAN;5.1.02.02.001.00061;Belanja Tagihan Listrik;30363640;79442258
2026;3.27.0.00.0.00.01.0000;DINAS PERTANIAN;3.27.01.2.08.0002;Penyediaan Jasa Komunikasi, Sumber Daya Air dan Listrik;3.27.0.00.0.00.01.0000;DINAS PERTANIAN;5.1.02.02.001.00063;Belanja Kawat/Faksimili/Internet/TV Berlangganan;9287817;17700000
2026;3.27.0.00.0.00.01.0000;DINAS PERTANIAN;3.27.01.2.08.0003;Penyediaan Jasa Peralatan dan Perlengkapan Kantor;3.27.0.00.0.00.01.0000;DINAS PERTANIAN;5.1.02.03.002.00121;Belanja Pemeliharaan Alat Kantor dan Rumah Tangga-Alat Rumah Tangga-Alat Pendingin;0;1220000
2026;3.27.0.00.0.00.01.0000;DINAS PERTANIAN;3.27.01.2.08.0003;Penyediaan Jasa Peralatan dan Perlengkapan Kantor;3.27.0.00.0.00.01.0000;DINAS PERTANIAN;5.1.02.03.002.00411;Belanja Pemeliharaan Komputer-Peralatan Komputer-Peralatan Komputer Lainnya;5540000;15780000
2026;3.27.0.00.0.00.01.0000;DINAS PERTANIAN;3.27.01.2.08.0004;Penyediaan Jasa Pelayanan Umum Kantor;3.27.0.00.0.00.01.0000;DINAS PERTANIAN;5.1.02.01.001.00052;Belanja Makanan dan Minuman Rapat;230000;4995000
2026;3.27.0.00.0.00.01.0000;DINAS PERTANIAN;3.27.01.2.09.0001;Penyediaan Jasa Pemeliharaan, Biaya Pemeliharaan, dan Pajak Kendaraan Perorangan Dinas atau Kendaraan Dinas Jabatan;3.27.0.00.0.00.01.0000;DINAS PERTANIAN;5.1.02.03.002.00035;Belanja Pemeliharaan Alat Angkutan-Alat Angkutan Darat Bermotor-Kendaraan Dinas Bermotor Perorangan;15087500;20000000
2026;3.27.0.00.0.00.01.0000;DINAS PERTANIAN;3.27.01.2.09.0002;Penyediaan Jasa Pemeliharaan, Biaya Pemeliharaan, Pajak dan Perizinan Kendaraan Dinas Operasional atau Lapangan;3.27.0.00.0.00.01.0000;DINAS PERTANIAN;5.1.02.03.002.00043;Belanja Pemeliharaan Alat Angkutan-Alat Angkutan Darat Bermotor-Alat Angkutan Darat Bermotor Lainnya;51332900;64000000
2026;3.27.0.00.0.00.01.0000;DINAS PERTANIAN;3.27.02.2.01.0001;Pengawasan Penggunaan Sarana Pendukung Pertanian Sesuai dengan Komoditas, Teknologi dan Spesifik Lokasi;3.27.0.00.0.00.01.0000;DINAS PERTANIAN;5.1.02.04.001.00003;Belanja Perjalanan Dinas Dalam Kota;0;1932000
2026;3.27.0.00.0.00.01.0000;DINAS PERTANIAN;3.27.02.2.01.0002;Pendampingan Penggunaan Sarana Pendukung Pertanian;3.27.0.00.0.00.01.0000;DINAS PERTANIAN;5.1.02.01.001.00008;Belanja Bahan-Bahan/Bibit Tanaman;0;0
2026;3.27.0.00.0.00.01.0000;DINAS PERTANIAN;3.27.02.2.01.0002;Pendampingan Penggunaan Sarana Pendukung Pertanian;3.27.0.00.0.00.01.0000;DINAS PERTANIAN;5.1.02.01.001.00039;Belanja Barang untuk Dijual/Diserahkan kepada Masyarakat;143925000;569797800
2026;3.27.0.00.0.00.01.0000;DINAS PERTANIAN;3.27.02.2.01.0002;Pendampingan Penggunaan Sarana Pendukung Pertanian;3.27.0.00.0.00.01.0000;DINAS PERTANIAN;5.1.02.03.002.00112;Belanja Pemeliharaan Alat Pertanian-Alat Pengolahan-Alat Pengolahan Lainnya;0;51000000
2026;3.27.0.00.0.00.01.0000;DINAS PERTANIAN;3.27.02.2.01.0002;Pendampingan Penggunaan Sarana Pendukung Pertanian;3.27.0.00.0.00.01.0000;DINAS PERTANIAN;5.1.02.04.001.00001;Belanja Perjalanan Dinas Biasa;1734528;53296460
2026;3.27.0.00.0.00.01.0000;DINAS PERTANIAN;3.27.02.2.01.0002;Pendampingan Penggunaan Sarana Pendukung Pertanian;3.27.0.00.0.00.01.0000;DINAS PERTANIAN;5.1.02.04.001.00003;Belanja Perjalanan Dinas Dalam Kota;460000;40799290
2026;3.27.0.00.0.00.01.0000;DINAS PERTANIAN;3.27.02.2.01.0003;Perbanyakan Benih Bersertifikat Tanaman Pangan Berbentuk Biji/Benih;3.27.0.00.0.00.01.0000;DINAS PERTANIAN;5.1.02.01.001.00008;Belanja Bahan-Bahan/Bibit Tanaman;0;93143700
2026;3.27.0.00.0.00.01.0000;DINAS PERTANIAN;3.27.02.2.01.0003;Perbanyakan Benih Bersertifikat Tanaman Pangan Berbentuk Biji/Benih;3.27.0.00.0.00.01.0000;DINAS PERTANIAN;5.1.02.02.004.00043;Belanja Sewa Alat Angkutan Darat Bermotor Lainnya;0;2250000
2026;3.27.0.00.0.00.01.0000;DINAS PERTANIAN;3.27.02.2.01.0003;Perbanyakan Benih Bersertifikat Tanaman Pangan Berbentuk Biji/Benih;3.27.0.00.0.00.01.0000;DINAS PERTANIAN;5.1.02.04.001.00001;Belanja Perjalanan Dinas Biasa;0;2370000
2026;3.27.0.00.0.00.01.0000;DINAS PERTANIAN;3.27.02.2.01.0003;Perbanyakan Benih Bersertifikat Tanaman Pangan Berbentuk Biji/Benih;3.27.0.00.0.00.01.0000;DINAS PERTANIAN;5.1.02.04.001.00003;Belanja Perjalanan Dinas Dalam Kota;0;3780000
2026;3.27.0.00.0.00.01.0000;DINAS PERTANIAN;3.27.02.2.01.0005;Pengawasan Penggunaan Sarana Pengolahan Hasil Tanaman Pangan;3.27.0.00.0.00.01.0000;DINAS PERTANIAN;5.1.02.04.001.00003;Belanja Perjalanan Dinas Dalam Kota;0;2100000
2026;3.27.0.00.0.00.01.0000;DINAS PERTANIAN;3.27.02.2.01.0006;Pengawasan Penggunaan Sarana Pascapanen Perkebunan;3.27.0.00.0.00.01.0000;DINAS PERTANIAN;5.1.02.04.001.00003;Belanja Perjalanan Dinas Dalam Kota;0;2184000
2026;3.27.0.00.0.00.01.0000;DINAS PERTANIAN;3.27.02.2.01.0007;Pengawasan Penggunaan Sarana Pengolahan Hasil Hortikultura;3.27.0.00.0.00.01.0000;DINAS PERTANIAN;5.1.02.04.001.00003;Belanja Perjalanan Dinas Dalam Kota;0;2100000
2026;3.27.0.00.0.00.01.0000;DINAS PERTANIAN;3.27.02.2.01.0008;Perbanyakan Benih Bersertifikat Perkebunan Berbentuk Batang;3.27.0.00.0.00.01.0000;DINAS PERTANIAN;5.1.02.01.001.00008;Belanja Bahan-Bahan/Bibit Tanaman;0;123147500
2026;3.27.0.00.0.00.01.0000;DINAS PERTANIAN;3.27.02.2.01.0008;Perbanyakan Benih Bersertifikat Perkebunan Berbentuk Batang;3.27.0.00.0.00.01.0000;DINAS PERTANIAN;5.1.02.04.001.00001;Belanja Perjalanan Dinas Biasa;0;5910000
2026;3.27.0.00.0.00.01.0000;DINAS PERTANIAN;3.27.02.2.01.0008;Perbanyakan Benih Bersertifikat Perkebunan Berbentuk Batang;3.27.0.00.0.00.01.0000;DINAS PERTANIAN;5.1.02.04.001.00003;Belanja Perjalanan Dinas Dalam Kota;0;2940000
2026;3.27.0.00.0.00.01.0000;DINAS PERTANIAN;3.27.02.2.03.0001;Pengawasan Mutu Benih/Bibit Ternak, Bahan Pakan/Pakan/Tanaman Skala Kecil;3.27.0.00.0.00.01.0000;DINAS PERTANIAN;5.1.02.04.001.00003;Belanja Perjalanan Dinas Dalam Kota;25000;1680000
2026;3.27.0.00.0.00.01.0000;DINAS PERTANIAN;3.27.02.2.05.0009;Pengendalian Penyediaan Benih/Bibit Ternak dan Hijauan Pakan Ternak;3.27.0.00.0.00.01.0000;DINAS PERTANIAN;5.1.02.04.001.00003;Belanja Perjalanan Dinas Dalam Kota;628000;2184000
2026;3.27.0.00.0.00.01.0000;DINAS PERTANIAN;3.27.02.2.06.0004;Pengadaan Benih Ternak yang Sumbernya dari Daerah Kabupaten/Kota Lain;3.27.0.00.0.00.01.0000;DINAS PERTANIAN;5.1.02.01.001.00008;Belanja Bahan-Bahan/Bibit Tanaman;0;12500000
2026;3.27.0.00.0.00.01.0000;DINAS PERTANIAN;3.27.02.2.06.0004;Pengadaan Benih Ternak yang Sumbernya dari Daerah Kabupaten/Kota Lain;3.27.0.00.0.00.01.0000;DINAS PERTANIAN;5.1.02.01.001.00011;Belanja Bahan-Bahan/Bibit Ternak/Bibit Ikan;0;11459000
2026;3.27.0.00.0.00.01.0000;DINAS PERTANIAN;3.27.02.2.06.0004;Pengadaan Benih Ternak yang Sumbernya dari Daerah Kabupaten/Kota Lain;3.27.0.00.0.00.01.0000;DINAS PERTANIAN;5.1.02.04.001.00001;Belanja Perjalanan Dinas Biasa;0;26034314
2026;3.27.0.00.0.00.01.0000;DINAS PERTANIAN;3.27.03.2.01.0003;Koordinasi dan Sinkronisasi Prasarana Pendukung Pertanian Lainnya;3.27.0.00.0.00.01.0000;DINAS PERTANIAN;5.1.02.04.001.00003;Belanja Perjalanan Dinas Dalam Kota;0;4368000
2026;3.27.0.00.0.00.01.0000;DINAS PERTANIAN;3.27.03.2.01.0009;Pengendalian dan Pemanfaatan Prasarana Pascapanen Peternakan;3.27.0.00.0.00.01.0000;DINAS PERTANIAN;5.1.02.04.001.00003;Belanja Perjalanan Dinas Dalam Kota;0;6300000
2026;3.27.0.00.0.00.01.0000;DINAS PERTANIAN;3.27.03.2.01.0015;Pengelolaan Lahan Pertanian Pangan Berkelanjutan/LP2B, Kawasan Pertanian Pangan Berkelanjutan/KP2B dan Lahan Cadangan Pertanian Pangan Berkelanjutan/LCP2B di Kabupaten/Kota;3.27.0.00.0.00.01.0000;DINAS PERTANIAN;5.1.02.04.001.00003;Belanja Perjalanan Dinas Dalam Kota;0;1260000
2026;3.27.0.00.0.00.01.0000;DINAS PERTANIAN;3.27.03.2.02.0003;Pembangunan, Rehabilitasi dan Pemeliharaan Jalan Usaha Tani;3.27.0.00.0.00.01.0000;DINAS PERTANIAN;5.1.02.01.001.00024;Belanja Alat/Bahan untuk Kegiatan Kantor-Alat Tulis Kantor;0;3642500
2026;3.27.0.00.0.00.01.0000;DINAS PERTANIAN;3.27.03.2.02.0003;Pembangunan, Rehabilitasi dan Pemeliharaan Jalan Usaha Tani;3.27.0.00.0.00.01.0000;DINAS PERTANIAN;5.1.02.01.001.00025;Belanja Alat/Bahan untuk Kegiatan Kantor- Kertas dan Cover;0;2540400
2026;3.27.0.00.0.00.01.0000;DINAS PERTANIAN;3.27.03.2.02.0003;Pembangunan, Rehabilitasi dan Pemeliharaan Jalan Usaha Tani;3.27.0.00.0.00.01.0000;DINAS PERTANIAN;5.1.02.01.001.00027;Belanja Alat/Bahan untuk Kegiatan Kantor-Benda Pos;0;1400000
2026;3.27.0.00.0.00.01.0000;DINAS PERTANIAN;3.27.03.2.02.0003;Pembangunan, Rehabilitasi dan Pemeliharaan Jalan Usaha Tani;3.27.0.00.0.00.01.0000;DINAS PERTANIAN;5.1.02.01.001.00029;Belanja Alat/Bahan untuk Kegiatan Kantor-Bahan Komputer;0;2291200
2026;3.27.0.00.0.00.01.0000;DINAS PERTANIAN;3.27.03.2.02.0003;Pembangunan, Rehabilitasi dan Pemeliharaan Jalan Usaha Tani;3.27.0.00.0.00.01.0000;DINAS PERTANIAN;5.1.02.01.001.00039;Belanja Barang untuk Dijual/Diserahkan kepada Masyarakat;0;3920000000
2026;3.27.0.00.0.00.01.0000;DINAS PERTANIAN;3.27.03.2.02.0003;Pembangunan, Rehabilitasi dan Pemeliharaan Jalan Usaha Tani;3.27.0.00.0.00.01.0000;DINAS PERTANIAN;5.1.02.01.001.00052;Belanja Makanan dan Minuman Rapat;0;3447000
2026;3.27.0.00.0.00.01.0000;DINAS PERTANIAN;3.27.03.2.02.0003;Pembangunan, Rehabilitasi dan Pemeliharaan Jalan Usaha Tani;3.27.0.00.0.00.01.0000;DINAS PERTANIAN;5.1.02.02.008.00009;Belanja Jasa Konsultansi Perencanaan Rekayasa-Jasa Desain Rekayasa untuk Pekerjaan Teknik Sipil Tran;0;150000000
2026;3.27.0.00.0.00.01.0000;DINAS PERTANIAN;3.27.03.2.02.0003;Pembangunan, Rehabilitasi dan Pemeliharaan Jalan Usaha Tani;3.27.0.00.0.00.01.0000;DINAS PERTANIAN;5.1.02.02.008.00020;Belanja Jasa Konsultansi Pengawasan Rekayasa-Jasa Pengawas Pekerjaan Konstruksi Teknik Sipil Transpo;0;150000000
2026;3.27.0.00.0.00.01.0000;DINAS PERTANIAN;3.27.03.2.02.0003;Pembangunan, Rehabilitasi dan Pemeliharaan Jalan Usaha Tani;3.27.0.00.0.00.01.0000;DINAS PERTANIAN;5.1.02.04.001.00001;Belanja Perjalanan Dinas Biasa;0;16472500
2026;3.27.0.00.0.00.01.0000;DINAS PERTANIAN;3.27.03.2.02.0003;Pembangunan, Rehabilitasi dan Pemeliharaan Jalan Usaha Tani;3.27.0.00.0.00.01.0000;DINAS PERTANIAN;5.1.02.04.001.00003;Belanja Perjalanan Dinas Dalam Kota;0;26740000
2026;3.27.0.00.0.00.01.0000;DINAS PERTANIAN;3.27.03.2.02.0010;Rehabilitasi dan Pemeliharaan Jaringan Irigasi Usaha Tani;3.27.0.00.0.00.01.0000;DINAS PERTANIAN;5.1.02.04.001.00003;Belanja Perjalanan Dinas Dalam Kota;0;1260000
2026;3.27.0.00.0.00.01.0000;DINAS PERTANIAN;3.27.04.2.01.0005;Pelaksanaan Surveilans Penyakit Hewan dan Zoonosis pada Hewan;3.27.0.00.0.00.01.0000;DINAS PERTANIAN;5.1.02.04.001.00003;Belanja Perjalanan Dinas Dalam Kota;0;1092000
2026;3.27.0.00.0.00.01.0000;DINAS PERTANIAN;3.27.04.2.01.0008;Pemberantasan Penyakit Hewan Menular dan Zoonosis dalam 1 (satu) Daerah Kabupaten/Kota;3.27.0.00.0.00.01.0000;DINAS PERTANIAN;5.1.02.04.001.00003;Belanja Perjalanan Dinas Dalam Kota;0;2184000
2026;3.27.0.00.0.00.01.0000;DINAS PERTANIAN;3.27.04.2.02.0006;Pengawasan dan Pemeriksaan Kesehatan Hewan, Produk Hewan dan Media Pembawa Penyakit Hewan Lainnya (HPM) di Perbatasan Tempat Pemeriksan HPM;3.27.0.00.0.00.01.0000;DINAS PERTANIAN;5.1.02.04.001.00003;Belanja Perjalanan Dinas Dalam Kota;0;2184000
2026;3.27.0.00.0.00.01.0000;DINAS PERTANIAN;3.27.04.2.03.0002;Penyediaan Pelayanan Jasa Medik Veteriner;3.27.0.00.0.00.01.0000;DINAS PERTANIAN;5.1.02.04.001.00001;Belanja Perjalanan Dinas Biasa;0;2400000
2026;3.27.0.00.0.00.01.0000;DINAS PERTANIAN;3.27.04.2.03.0002;Penyediaan Pelayanan Jasa Medik Veteriner;3.27.0.00.0.00.01.0000;DINAS PERTANIAN;5.1.02.04.001.00003;Belanja Perjalanan Dinas Dalam Kota;0;4368000
2026;3.27.0.00.0.00.01.0000;DINAS PERTANIAN;3.27.04.2.04.0002;Pengawasan Peredaran Hewan dan Produk Hewan;3.27.0.00.0.00.01.0000;DINAS PERTANIAN;5.1.02.04.001.00003;Belanja Perjalanan Dinas Dalam Kota;0;1092000
2026;3.27.0.00.0.00.01.0000;DINAS PERTANIAN;3.27.04.2.04.0010;Pengawasan Unit Usaha Produk Hewan;3.27.0.00.0.00.01.0000;DINAS PERTANIAN;5.1.02.04.001.00003;Belanja Perjalanan Dinas Dalam Kota;0;1092000
2026;3.27.0.00.0.00.01.0000;DINAS PERTANIAN;3.27.04.2.05.0003;Pembinaan Penerapan Kesejahteraan Hewan pada Unit Usaha;3.27.0.00.0.00.01.0000;DINAS PERTANIAN;5.1.02.04.001.00003;Belanja Perjalanan Dinas Dalam Kota;0;840000
2026;3.27.0.00.0.00.01.0000;DINAS PERTANIAN;3.27.05.2.01.0001;Pengendalian Organisme Pengganggu Tumbuhan (OPT) Tanaman Pangan, Hortikultura, dan Perkebunan;3.27.0.00.0.00.01.0000;DINAS PERTANIAN;5.1.02.04.001.00003;Belanja Perjalanan Dinas Dalam Kota;0;3276000
2026;3.27.0.00.0.00.01.0000;DINAS PERTANIAN;3.27.05.2.01.0002;Penanganan Dampak Perubahan Iklim (DPI) Tanaman Pangan, Hortikultura, dan Perkebunan;3.27.0.00.0.00.01.0000;DINAS PERTANIAN;5.1.02.04.001.00003;Belanja Perjalanan Dinas Dalam Kota;0;1092000
2026;3.27.0.00.0.00.01.0000;DINAS PERTANIAN;3.27.07.2.01.0002;Pengembangan Kapasitas Kelembagaan Petani di Kecamatan dan Desa;3.27.0.00.0.00.01.0000;DINAS PERTANIAN;5.1.02.04.001.00001;Belanja Perjalanan Dinas Biasa;0;2400000
2026;3.27.0.00.0.00.01.0000;DINAS PERTANIAN;3.27.07.2.01.0002;Pengembangan Kapasitas Kelembagaan Petani di Kecamatan dan Desa;3.27.0.00.0.00.01.0000;DINAS PERTANIAN;5.1.02.04.001.00003;Belanja Perjalanan Dinas Dalam Kota;0;2184000
2026;3.27.0.00.0.00.01.0000;DINAS PERTANIAN;3.27.07.2.01.0006;Penyediaan dan Peningkatan Kapasitas Penyuluh pertanian;3.27.0.00.0.00.01.0000;DINAS PERTANIAN;5.1.02.02.001.00023;Belanja Jasa Tenaga Teknis Pertanian dan Pangan;0;0
2026;3.27.0.00.0.00.01.0000;DINAS PERTANIAN;3.27.07.2.01.0006;Penyediaan dan Peningkatan Kapasitas Penyuluh pertanian;3.27.0.00.0.00.01.0000;DINAS PERTANIAN;5.1.02.02.002.00006;Belanja Iuran Jaminan Kecelakaan Kerja bagi Non ASN;0;0
2026;3.27.0.00.0.00.01.0000;DINAS PERTANIAN;3.27.07.2.01.0006;Penyediaan dan Peningkatan Kapasitas Penyuluh pertanian;3.27.0.00.0.00.01.0000;DINAS PERTANIAN;5.1.02.02.002.00007;Belanja Iuran Jaminan Kematian bagi Non ASN;0;0
2026;1.03.2.10.0.00.01.0000;DINAS PEKERJAAN UMUM DAN PENATAAN RUANG;1.03.01.2.01.0001;Penyusunan Dokumen Perencanaan Perangkat Daerah;1.03.2.10.0.00.01.0000;DINAS PEKERJAAN UMUM DAN PENATAAN RUANG;5.1.02.01.001.00024;Belanja Alat/Bahan untuk Kegiatan Kantor-Alat Tulis Kantor;1327560;5175000
2026;1.03.2.10.0.00.01.0000;DINAS PEKERJAAN UMUM DAN PENATAAN RUANG;1.03.01.2.01.0001;Penyusunan Dokumen Perencanaan Perangkat Daerah;1.03.2.10.0.00.01.0000;DINAS PEKERJAAN UMUM DAN PENATAAN RUANG;5.1.02.01.001.00052;Belanja Makanan dan Minuman Rapat;374000;384000
2026;1.03.2.10.0.00.01.0000;DINAS PEKERJAAN UMUM DAN PENATAAN RUANG;1.03.01.2.01.0006;Koordinasi dan Penyusunan Laporan Capaian Kinerja dan Ikhtisar Realisasi Kinerja SKPD;1.03.2.10.0.00.01.0000;DINAS PEKERJAAN UMUM DAN PENATAAN RUANG;5.1.02.01.001.00024;Belanja Alat/Bahan untuk Kegiatan Kantor-Alat Tulis Kantor;1327560;3170800
2026;1.03.2.10.0.00.01.0000;DINAS PEKERJAAN UMUM DAN PENATAAN RUANG;1.03.01.2.01.0006;Koordinasi dan Penyusunan Laporan Capaian Kinerja dan Ikhtisar Realisasi Kinerja SKPD;1.03.2.10.0.00.01.0000;DINAS PEKERJAAN UMUM DAN PENATAAN RUANG;5.1.02.01.001.00052;Belanja Makanan dan Minuman Rapat;253000;256000
2026;1.03.2.10.0.00.01.0000;DINAS PEKERJAAN UMUM DAN PENATAAN RUANG;1.03.01.2.02.0001;Penyediaan Gaji dan Tunjangan ASN;1.03.2.10.0.00.01.0000;DINAS PEKERJAAN UMUM DAN PENATAAN RUANG;5.1.01.01.001.00001;Belanja Gaji Pokok PNS;2183910206;3513681675
2026;1.03.2.10.0.00.01.0000;DINAS PEKERJAAN UMUM DAN PENATAAN RUANG;1.03.01.2.02.0001;Penyediaan Gaji dan Tunjangan ASN;1.03.2.10.0.00.01.0000;DINAS PEKERJAAN UMUM DAN PENATAAN RUANG;5.1.01.01.001.00002;Belanja Gaji Pokok PPPK;997049436;1764671660
2026;1.03.2.10.0.00.01.0000;DINAS PEKERJAAN UMUM DAN PENATAAN RUANG;1.03.01.2.02.0001;Penyediaan Gaji dan Tunjangan ASN;1.03.2.10.0.00.01.0000;DINAS PEKERJAAN UMUM DAN PENATAAN RUANG;5.1.01.01.002.00001;Belanja Tunjangan Keluarga PNS;180728357;314151341
2026;1.03.2.10.0.00.01.0000;DINAS PEKERJAAN UMUM DAN PENATAAN RUANG;1.03.01.2.02.0001;Penyediaan Gaji dan Tunjangan ASN;1.03.2.10.0.00.01.0000;DINAS PEKERJAAN UMUM DAN PENATAAN RUANG;5.1.01.01.002.00002;Belanja Tunjangan Keluarga PPPK;94152089;166416599
2026;1.03.2.10.0.00.01.0000;DINAS PEKERJAAN UMUM DAN PENATAAN RUANG;1.03.01.2.02.0001;Penyediaan Gaji dan Tunjangan ASN;1.03.2.10.0.00.01.0000;DINAS PEKERJAAN UMUM DAN PENATAAN RUANG;5.1.01.01.003.00001;Belanja Tunjangan Jabatan PNS;94125000;172764750
2026;1.03.2.10.0.00.01.0000;DINAS PEKERJAAN UMUM DAN PENATAAN RUANG;1.03.01.2.02.0001;Penyediaan Gaji dan Tunjangan ASN;1.03.2.10.0.00.01.0000;DINAS PEKERJAAN UMUM DAN PENATAAN RUANG;5.1.01.01.004.00001;Belanja Tunjangan Fungsional PNS;88980000;151536000
2026;1.03.2.10.0.00.01.0000;DINAS PEKERJAAN UMUM DAN PENATAAN RUANG;1.03.01.2.02.0001;Penyediaan Gaji dan Tunjangan ASN;1.03.2.10.0.00.01.0000;DINAS PEKERJAAN UMUM DAN PENATAAN RUANG;5.1.01.01.005.00001;Belanja Tunjangan Fungsional Umum PNS;66570000;111461000
2026;1.03.2.10.0.00.01.0000;DINAS PEKERJAAN UMUM DAN PENATAAN RUANG;1.03.01.2.02.0001;Penyediaan Gaji dan Tunjangan ASN;1.03.2.10.0.00.01.0000;DINAS PEKERJAAN UMUM DAN PENATAAN RUANG;5.1.01.01.005.00002;Belanja Tunjangan Fungsional Umum PPPK;66129572;117154750
2026;1.03.2.10.0.00.01.0000;DINAS PEKERJAAN UMUM DAN PENATAAN RUANG;1.03.01.2.02.0001;Penyediaan Gaji dan Tunjangan ASN;1.03.2.10.0.00.01.0000;DINAS PEKERJAAN UMUM DAN PENATAAN RUANG;5.1.01.01.006.00001;Belanja Tunjangan Beras PNS;113989080;194639613
2026;1.03.2.10.0.00.01.0000;DINAS PEKERJAAN UMUM DAN PENATAAN RUANG;1.03.01.2.02.0001;Penyediaan Gaji dan Tunjangan ASN;1.03.2.10.0.00.01.0000;DINAS PEKERJAAN UMUM DAN PENATAAN RUANG;5.1.01.01.006.00002;Belanja Tunjangan Beras PPPK;74616740;132017681
2026;1.03.2.10.0.00.01.0000;DINAS PEKERJAAN UMUM DAN PENATAAN RUANG;1.03.01.2.02.0001;Penyediaan Gaji dan Tunjangan ASN;1.03.2.10.0.00.01.0000;DINAS PEKERJAAN UMUM DAN PENATAAN RUANG;5.1.01.01.007.00001;Belanja Tunjangan PPh/Tunjangan Khusus PNS;4520010;46376005
2026;1.03.2.10.0.00.01.0000;DINAS PEKERJAAN UMUM DAN PENATAAN RUANG;1.03.01.2.02.0001;Penyediaan Gaji dan Tunjangan ASN;1.03.2.10.0.00.01.0000;DINAS PEKERJAAN UMUM DAN PENATAAN RUANG;5.1.01.01.008.00001;Belanja Pembulatan Gaji PNS;32721;60170
2026;1.03.2.10.0.00.01.0000;DINAS PEKERJAAN UMUM DAN PENATAAN RUANG;1.03.01.2.02.0001;Penyediaan Gaji dan Tunjangan ASN;1.03.2.10.0.00.01.0000;DINAS PEKERJAAN UMUM DAN PENATAAN RUANG;5.1.01.01.008.00002;Belanja Pembulatan Gaji PPPK;23082;51342
2026;1.03.2.10.0.00.01.0000;DINAS PEKERJAAN UMUM DAN PENATAAN RUANG;1.03.01.2.02.0001;Penyediaan Gaji dan Tunjangan ASN;1.03.2.10.0.00.01.0000;DINAS PEKERJAAN UMUM DAN PENATAAN RUANG;5.1.01.01.009.00001;Belanja Iuran Jaminan Kesehatan PNS;105238410;289903084
2026;1.03.2.10.0.00.01.0000;DINAS PEKERJAAN UMUM DAN PENATAAN RUANG;1.03.01.2.02.0001;Penyediaan Gaji dan Tunjangan ASN;1.03.2.10.0.00.01.0000;DINAS PEKERJAAN UMUM DAN PENATAAN RUANG;5.1.01.01.009.00002;Belanja Iuran Jaminan Kesehatan PPPK;39965892;81965716
2026;1.03.2.10.0.00.01.0000;DINAS PEKERJAAN UMUM DAN PENATAAN RUANG;1.03.01.2.02.0001;Penyediaan Gaji dan Tunjangan ASN;1.03.2.10.0.00.01.0000;DINAS PEKERJAAN UMUM DAN PENATAAN RUANG;5.1.01.01.010.00001;Belanja Iuran Jaminan Kecelakaan Kerja PNS;4078824;8706177
2026;1.03.2.10.0.00.01.0000;DINAS PEKERJAAN UMUM DAN PENATAAN RUANG;1.03.01.2.02.0001;Penyediaan Gaji dan Tunjangan ASN;1.03.2.10.0.00.01.0000;DINAS PEKERJAAN UMUM DAN PENATAAN RUANG;5.1.01.01.010.00002;Belanja Iuran Jaminan Kecelakaan Kerja PPPK;2066029;4310337
2026;1.03.2.10.0.00.01.0000;DINAS PEKERJAAN UMUM DAN PENATAAN RUANG;1.03.01.2.02.0001;Penyediaan Gaji dan Tunjangan ASN;1.03.2.10.0.00.01.0000;DINAS PEKERJAAN UMUM DAN PENATAAN RUANG;5.1.01.01.011.00001;Belanja Iuran Jaminan Kematian PNS;12236526;26768722
2026;1.03.2.10.0.00.01.0000;DINAS PEKERJAAN UMUM DAN PENATAAN RUANG;1.03.01.2.02.0001;Penyediaan Gaji dan Tunjangan ASN;1.03.2.10.0.00.01.0000;DINAS PEKERJAAN UMUM DAN PENATAAN RUANG;5.1.01.01.011.00002;Belanja Iuran Jaminan Kematian PPPK;6197807;12423501
2026;1.03.2.10.0.00.01.0000;DINAS PEKERJAAN UMUM DAN PENATAAN RUANG;1.03.01.2.02.0001;Penyediaan Gaji dan Tunjangan ASN;1.03.2.10.0.00.01.0000;DINAS PEKERJAAN UMUM DAN PENATAAN RUANG;5.1.01.01.012.00001;Belanja Iuran Simpanan Peserta Tabungan Perumahan Rakyat PNS;0;18318408
2026;1.03.2.10.0.00.01.0000;DINAS PEKERJAAN UMUM DAN PENATAAN RUANG;1.03.01.2.02.0001;Penyediaan Gaji dan Tunjangan ASN;1.03.2.10.0.00.01.0000;DINAS PEKERJAAN UMUM DAN PENATAAN RUANG;5.1.01.01.012.00002;Belanja Iuran Simpanan Peserta Tabungan Perumahan Rakyat PPPK;0;8823358
2026;1.03.2.10.0.00.01.0000;DINAS PEKERJAAN UMUM DAN PENATAAN RUANG;1.03.01.2.02.0001;Penyediaan Gaji dan Tunjangan ASN;1.03.2.10.0.00.01.0000;DINAS PEKERJAAN UMUM DAN PENATAAN RUANG;5.1.01.02.001.00001;Tambahan Penghasilan berdasarkan Beban Kerja PNS;798527610;1669583367
2026;1.03.2.10.0.00.01.0000;DINAS PEKERJAAN UMUM DAN PENATAAN RUANG;1.03.01.2.02.0001;Penyediaan Gaji dan Tunjangan ASN;1.03.2.10.0.00.01.0000;DINAS PEKERJAAN UMUM DAN PENATAAN RUANG;5.1.01.02.003.00001;Tambahan Penghasilan berdasarkan Kondisi Kerja PNS;16000000;30714444
2026;1.03.2.10.0.00.01.0000;DINAS PEKERJAAN UMUM DAN PENATAAN RUANG;1.03.01.2.02.0001;Penyediaan Gaji dan Tunjangan ASN;1.03.2.10.0.00.01.0000;DINAS PEKERJAAN UMUM DAN PENATAAN RUANG;5.1.02.02.001.00080;Belanja Honorarium Penanggungjawaban Pengelola Keuangan;45925000;152160150
2026;1.03.2.10.0.00.01.0000;DINAS PEKERJAAN UMUM DAN PENATAAN RUANG;1.03.01.2.02.0001;Penyediaan Gaji dan Tunjangan ASN;1.03.2.10.0.00.01.0000;DINAS PEKERJAAN UMUM DAN PENATAAN RUANG;5.1.02.02.001.00088;Belanja jasa Pegawai Pemerintah dengan Perjanjian Kerja (PPPK) Paruh Waktu pada jabatan operator lay;49200000;98400000
2026;1.03.2.10.0.00.01.0000;DINAS PEKERJAAN UMUM DAN PENATAAN RUANG;1.03.01.2.02.0001;Penyediaan Gaji dan Tunjangan ASN;1.03.2.10.0.00.01.0000;DINAS PEKERJAAN UMUM DAN PENATAAN RUANG;5.1.02.02.001.00090;Belanja jasa Pegawai Pemerintah dengan Perjanjian Kerja (PPPK) Paruh Waktu pada jabatan penata layan;7800000;15600000
2026;1.03.2.10.0.00.01.0000;DINAS PEKERJAAN UMUM DAN PENATAAN RUANG;1.03.01.2.02.0001;Penyediaan Gaji dan Tunjangan ASN;1.03.2.10.0.00.01.0000;DINAS PEKERJAAN UMUM DAN PENATAAN RUANG;5.1.02.02.002.00006;Belanja Iuran Jaminan Kecelakaan Kerja bagi Non ASN;45999;45999
2026;1.03.2.10.0.00.01.0000;DINAS PEKERJAAN UMUM DAN PENATAAN RUANG;1.03.01.2.02.0001;Penyediaan Gaji dan Tunjangan ASN;1.03.2.10.0.00.01.0000;DINAS PEKERJAAN UMUM DAN PENATAAN RUANG;5.1.02.02.002.00007;Belanja Iuran Jaminan Kematian bagi Non ASN;57501;57501
2026;1.03.2.10.0.00.01.0000;DINAS PEKERJAAN UMUM DAN PENATAAN RUANG;1.03.01.2.02.0001;Penyediaan Gaji dan Tunjangan ASN;1.03.2.10.0.00.01.0000;DINAS PEKERJAAN UMUM DAN PENATAAN RUANG;5.1.02.02.002.00019;Belanja Iuran Jaminan Kesehatan bagi PPPK Paruh Waktu pada Jabatan Operator Layanan Operasional;0;8148352
2026;1.03.2.10.0.00.01.0000;DINAS PEKERJAAN UMUM DAN PENATAAN RUANG;1.03.01.2.02.0001;Penyediaan Gaji dan Tunjangan ASN;1.03.2.10.0.00.01.0000;DINAS PEKERJAAN UMUM DAN PENATAAN RUANG;5.1.02.02.002.00021;Belanja Iuran Jaminan Kesehatan bagi PPPK Paruh Waktu pada Jabatan Penata Layanan Operasional;0;1018544
2026;1.03.2.10.0.00.01.0000;DINAS PEKERJAAN UMUM DAN PENATAAN RUANG;1.03.01.2.02.0001;Penyediaan Gaji dan Tunjangan ASN;1.03.2.10.0.00.01.0000;DINAS PEKERJAAN UMUM DAN PENATAAN RUANG;5.1.02.02.002.00027;Belanja Iuran Jaminan Kecelakaan Kerja bagi PPPK Paruh Waktu pada Jabatan Operator Layanan Operasion;0;449768
2026;1.03.2.10.0.00.01.0000;DINAS PEKERJAAN UMUM DAN PENATAAN RUANG;1.03.01.2.02.0001;Penyediaan Gaji dan Tunjangan ASN;1.03.2.10.0.00.01.0000;DINAS PEKERJAAN UMUM DAN PENATAAN RUANG;5.1.02.02.002.00029;Belanja Iuran Jaminan Kecelakaan Kerja bagi PPPK Paruh Waktu pada Jabatan Penata Layanan Operasional;0;56221
2026;1.03.2.10.0.00.01.0000;DINAS PEKERJAAN UMUM DAN PENATAAN RUANG;1.03.01.2.02.0001;Penyediaan Gaji dan Tunjangan ASN;1.03.2.10.0.00.01.0000;DINAS PEKERJAAN UMUM DAN PENATAAN RUANG;5.1.02.02.002.00035;Belanja Iuran Jaminan Kematian bagi PPPK Paruh Waktu pada Jabatan Operator Layanan Operasional;0;562232
2026;1.03.2.10.0.00.01.0000;DINAS PEKERJAAN UMUM DAN PENATAAN RUANG;1.03.01.2.02.0001;Penyediaan Gaji dan Tunjangan ASN;1.03.2.10.0.00.01.0000;DINAS PEKERJAAN UMUM DAN PENATAAN RUANG;5.1.02.02.002.00037;Belanja Iuran Jaminan Kematian bagi PPPK Paruh Waktu pada Jabatan Penata Layanan Operasional;0;70279
2026;1.03.2.10.0.00.01.0000;DINAS PEKERJAAN UMUM DAN PENATAAN RUANG;1.03.01.2.06.0004;Penyediaan Bahan Logistik Kantor;1.03.2.10.0.00.01.0000;DINAS PEKERJAAN UMUM DAN PENATAAN RUANG;5.1.02.01.001.00024;Belanja Alat/Bahan untuk Kegiatan Kantor-Alat Tulis Kantor;5827223;14692750
2026;1.03.2.10.0.00.01.0000;DINAS PEKERJAAN UMUM DAN PENATAAN RUANG;1.03.01.2.06.0004;Penyediaan Bahan Logistik Kantor;1.03.2.10.0.00.01.0000;DINAS PEKERJAAN UMUM DAN PENATAAN RUANG;5.1.02.01.001.00025;Belanja Alat/Bahan untuk Kegiatan Kantor- Kertas dan Cover;4357139;6291000
2026;1.03.2.10.0.00.01.0000;DINAS PEKERJAAN UMUM DAN PENATAAN RUANG;1.03.01.2.06.0004;Penyediaan Bahan Logistik Kantor;1.03.2.10.0.00.01.0000;DINAS PEKERJAAN UMUM DAN PENATAAN RUANG;5.1.02.01.001.00027;Belanja Alat/Bahan untuk Kegiatan Kantor-Benda Pos;600000;1000000
2026;1.03.2.10.0.00.01.0000;DINAS PEKERJAAN UMUM DAN PENATAAN RUANG;1.03.01.2.06.0004;Penyediaan Bahan Logistik Kantor;1.03.2.10.0.00.01.0000;DINAS PEKERJAAN UMUM DAN PENATAAN RUANG;5.1.02.01.001.00029;Belanja Alat/Bahan untuk Kegiatan Kantor-Bahan Komputer;466089;1166250
2026;1.03.2.10.0.00.01.0000;DINAS PEKERJAAN UMUM DAN PENATAAN RUANG;1.03.01.2.06.0004;Penyediaan Bahan Logistik Kantor;1.03.2.10.0.00.01.0000;DINAS PEKERJAAN UMUM DAN PENATAAN RUANG;5.1.02.01.001.00030;Belanja Alat/Bahan untuk Kegiatan Kantor-Perabot Kantor;4620351;14085250
2026;1.03.2.10.0.00.01.0000;DINAS PEKERJAAN UMUM DAN PENATAAN RUANG;1.03.01.2.06.0004;Penyediaan Bahan Logistik Kantor;1.03.2.10.0.00.01.0000;DINAS PEKERJAAN UMUM DAN PENATAAN RUANG;5.1.02.01.001.00043;Belanja Natura dan Pakan-Natura;392000;2018750
2026;1.03.2.10.0.00.01.0000;DINAS PEKERJAAN UMUM DAN PENATAAN RUANG;1.03.01.2.06.0009;Penyelenggaraan Rapat Koordinasi dan Konsultasi SKPD;1.03.2.10.0.00.01.0000;DINAS PEKERJAAN UMUM DAN PENATAAN RUANG;5.1.02.01.001.00052;Belanja Makanan dan Minuman Rapat;3795000;8716900
2026;1.03.2.10.0.00.01.0000;DINAS PEKERJAAN UMUM DAN PENATAAN RUANG;1.03.01.2.06.0009;Penyelenggaraan Rapat Koordinasi dan Konsultasi SKPD;1.03.2.10.0.00.01.0000;DINAS PEKERJAAN UMUM DAN PENATAAN RUANG;5.1.02.01.001.00053;Belanja Makanan dan Minuman Jamuan Tamu;1719000;6280300
2026;1.03.2.10.0.00.01.0000;DINAS PEKERJAAN UMUM DAN PENATAAN RUANG;1.03.01.2.06.0009;Penyelenggaraan Rapat Koordinasi dan Konsultasi SKPD;1.03.2.10.0.00.01.0000;DINAS PEKERJAAN UMUM DAN PENATAAN RUANG;5.1.02.04.001.00001;Belanja Perjalanan Dinas Biasa;16642736;86602800
2026;1.03.2.10.0.00.01.0000;DINAS PEKERJAAN UMUM DAN PENATAAN RUANG;1.03.01.2.06.0009;Penyelenggaraan Rapat Koordinasi dan Konsultasi SKPD;1.03.2.10.0.00.01.0000;DINAS PEKERJAAN UMUM DAN PENATAAN RUANG;5.1.02.04.001.00003;Belanja Perjalanan Dinas Dalam Kota;1740000;15495930
2026;1.03.2.10.0.00.01.0000;DINAS PEKERJAAN UMUM DAN PENATAAN RUANG;1.03.01.2.07.0010;Pengadaan Sarana dan Prasarana Gedung Kantor atau Bangunan Lainnya;1.03.2.10.0.00.01.0000;DINAS PEKERJAAN UMUM DAN PENATAAN RUANG;5.2.02.01.001.00003;Belanja Modal Excavator;0;815000000
2026;1.03.2.10.0.00.01.0000;DINAS PEKERJAAN UMUM DAN PENATAAN RUANG;1.03.01.2.08.0002;Penyediaan Jasa Komunikasi, Sumber Daya Air dan Listrik;1.03.2.10.0.00.01.0000;DINAS PEKERJAAN UMUM DAN PENATAAN RUANG;5.1.02.02.001.00060;Belanja Tagihan Air;114178800;194749650
2026;1.03.2.10.0.00.01.0000;DINAS PEKERJAAN UMUM DAN PENATAAN RUANG;1.03.01.2.08.0002;Penyediaan Jasa Komunikasi, Sumber Daya Air dan Listrik;1.03.2.10.0.00.01.0000;DINAS PEKERJAAN UMUM DAN PENATAAN RUANG;5.1.02.02.001.00061;Belanja Tagihan Listrik;309042349;608311240
2026;1.03.2.10.0.00.01.0000;DINAS PEKERJAAN UMUM DAN PENATAAN RUANG;1.03.01.2.08.0002;Penyediaan Jasa Komunikasi, Sumber Daya Air dan Listrik;1.03.2.10.0.00.01.0000;DINAS PEKERJAAN UMUM DAN PENATAAN RUANG;5.1.02.02.001.00063;Belanja Kawat/Faksimili/Internet/TV Berlangganan;5931129;11752160
2026;1.03.2.10.0.00.01.0000;DINAS PEKERJAAN UMUM DAN PENATAAN RUANG;1.03.01.2.08.0004;Penyediaan Jasa Pelayanan Umum Kantor;1.03.2.10.0.00.01.0000;DINAS PEKERJAAN UMUM DAN PENATAAN RUANG;5.1.02.02.001.00030;Belanja Jasa Tenaga Kebersihan;125664000;251512212
2026;1.03.2.10.0.00.01.0000;DINAS PEKERJAAN UMUM DAN PENATAAN RUANG;1.03.01.2.09.0001;Penyediaan Jasa Pemeliharaan, Biaya Pemeliharaan, dan Pajak Kendaraan Perorangan Dinas atau Kendaraan Dinas Jabatan;1.03.2.10.0.00.01.0000;DINAS PEKERJAAN UMUM DAN PENATAAN RUANG;5.1.02.01.004.00035;Belanja Peralatan dan Mesin-Alat Angkutan-Alat Angkutan Darat Bermotor-Kendaraan Dinas Bermotor Pero;18186700;0
2026;1.03.2.10.0.00.01.0000;DINAS PEKERJAAN UMUM DAN PENATAAN RUANG;1.03.01.2.09.0001;Penyediaan Jasa Pemeliharaan, Biaya Pemeliharaan, dan Pajak Kendaraan Perorangan Dinas atau Kendaraan Dinas Jabatan;1.03.2.10.0.00.01.0000;DINAS PEKERJAAN UMUM DAN PENATAAN RUANG;5.1.02.02.002.00008;Belanja Asuransi Barang Milik Daerah;6159700;7732950
2026;1.03.2.10.0.00.01.0000;DINAS PEKERJAAN UMUM DAN PENATAAN RUANG;1.03.01.2.09.0002;Penyediaan Jasa Pemeliharaan, Biaya Pemeliharaan, Pajak dan Perizinan Kendaraan Dinas Operasional atau Lapangan;1.03.2.10.0.00.01.0000;DINAS PEKERJAAN UMUM DAN PENATAAN RUANG;5.1.02.03.002.00038;Belanja Pemeliharaan Alat Angkutan-Alat Angkutan Darat Bermotor-Kendaraan Bermotor Beroda Dua;0;4000000
2026;1.03.2.10.0.00.01.0000;DINAS PEKERJAAN UMUM DAN PENATAAN RUANG;1.03.01.2.09.0002;Penyediaan Jasa Pemeliharaan, Biaya Pemeliharaan, Pajak dan Perizinan Kendaraan Dinas Operasional atau Lapangan;1.03.2.10.0.00.01.0000;DINAS PEKERJAAN UMUM DAN PENATAAN RUANG;5.1.02.03.002.00043;Belanja Pemeliharaan Alat Angkutan-Alat Angkutan Darat Bermotor-Alat Angkutan Darat Bermotor Lainnya;88610650;97500000
2026;1.03.2.10.0.00.01.0000;DINAS PEKERJAAN UMUM DAN PENATAAN RUANG;1.03.01.2.09.0003;Penyediaan Jasa Pemeliharaan, Biaya Pemeliharaan dan Perizinan Alat Besar;1.03.2.10.0.00.01.0000;DINAS PEKERJAAN UMUM DAN PENATAAN RUANG;5.1.02.01.001.00024;Belanja Alat/Bahan untuk Kegiatan Kantor-Alat Tulis Kantor;435000;2768200
2026;1.03.2.10.0.00.01.0000;DINAS PEKERJAAN UMUM DAN PENATAAN RUANG;1.03.01.2.09.0003;Penyediaan Jasa Pemeliharaan, Biaya Pemeliharaan dan Perizinan Alat Besar;1.03.2.10.0.00.01.0000;DINAS PEKERJAAN UMUM DAN PENATAAN RUANG;5.1.02.01.001.00025;Belanja Alat/Bahan untuk Kegiatan Kantor- Kertas dan Cover;210000;1747200
2026;1.03.2.10.0.00.01.0000;DINAS PEKERJAAN UMUM DAN PENATAAN RUANG;1.03.01.2.09.0003;Penyediaan Jasa Pemeliharaan, Biaya Pemeliharaan dan Perizinan Alat Besar;1.03.2.10.0.00.01.0000;DINAS PEKERJAAN UMUM DAN PENATAAN RUANG;5.1.02.01.001.00029;Belanja Alat/Bahan untuk Kegiatan Kantor-Bahan Komputer;545000;2662000
2026;1.03.2.10.0.00.01.0000;DINAS PEKERJAAN UMUM DAN PENATAAN RUANG;1.03.01.2.09.0003;Penyediaan Jasa Pemeliharaan, Biaya Pemeliharaan dan Perizinan Alat Besar;1.03.2.10.0.00.01.0000;DINAS PEKERJAAN UMUM DAN PENATAAN RUANG;5.1.02.01.001.00052;Belanja Makanan dan Minuman Rapat;726000;842600
2026;1.03.2.10.0.00.01.0000;DINAS PEKERJAAN UMUM DAN PENATAAN RUANG;1.03.01.2.09.0003;Penyediaan Jasa Pemeliharaan, Biaya Pemeliharaan dan Perizinan Alat Besar;1.03.2.10.0.00.01.0000;DINAS PEKERJAAN UMUM DAN PENATAAN RUANG;5.1.02.04.001.00001;Belanja Perjalanan Dinas Biasa;635000;5040000
2026;1.03.2.10.0.00.01.0000;DINAS PEKERJAAN UMUM DAN PENATAAN RUANG;1.03.01.2.09.0003;Penyediaan Jasa Pemeliharaan, Biaya Pemeliharaan dan Perizinan Alat Besar;1.03.2.10.0.00.01.0000;DINAS PEKERJAAN UMUM DAN PENATAAN RUANG;5.1.02.04.001.00003;Belanja Perjalanan Dinas Dalam Kota;0;840000
2026;1.03.2.10.0.00.01.0000;DINAS PEKERJAAN UMUM DAN PENATAAN RUANG;1.03.01.2.09.0006;Pemeliharaan Peralatan dan Mesin Lainnya;1.03.2.10.0.00.01.0000;DINAS PEKERJAAN UMUM DAN PENATAAN RUANG;5.1.02.01.001.00013;Belanja Suku Cadang-Suku Cadang Alat Angkutan;0;0
2026;1.03.2.10.0.00.01.0000;DINAS PEKERJAAN UMUM DAN PENATAAN RUANG;1.03.01.2.09.0006;Pemeliharaan Peralatan dan Mesin Lainnya;1.03.2.10.0.00.01.0000;DINAS PEKERJAAN UMUM DAN PENATAAN RUANG;5.1.02.01.001.00024;Belanja Alat/Bahan untuk Kegiatan Kantor-Alat Tulis Kantor;0;251450
2026;1.03.2.10.0.00.01.0000;DINAS PEKERJAAN UMUM DAN PENATAAN RUANG;1.03.01.2.09.0006;Pemeliharaan Peralatan dan Mesin Lainnya;1.03.2.10.0.00.01.0000;DINAS PEKERJAAN UMUM DAN PENATAAN RUANG;5.1.02.01.001.00025;Belanja Alat/Bahan untuk Kegiatan Kantor- Kertas dan Cover;0;400200
2026;1.03.2.10.0.00.01.0000;DINAS PEKERJAAN UMUM DAN PENATAAN RUANG;1.03.01.2.09.0006;Pemeliharaan Peralatan dan Mesin Lainnya;1.03.2.10.0.00.01.0000;DINAS PEKERJAAN UMUM DAN PENATAAN RUANG;5.1.02.01.001.00029;Belanja Alat/Bahan untuk Kegiatan Kantor-Bahan Komputer;0;410700
2026;1.03.2.10.0.00.01.0000;DINAS PEKERJAAN UMUM DAN PENATAAN RUANG;1.03.01.2.09.0006;Pemeliharaan Peralatan dan Mesin Lainnya;1.03.2.10.0.00.01.0000;DINAS PEKERJAAN UMUM DAN PENATAAN RUANG;5.1.02.01.001.00052;Belanja Makanan dan Minuman Rapat;0;0
2026;1.03.2.10.0.00.01.0000;DINAS PEKERJAAN UMUM DAN PENATAAN RUANG;1.03.02.2.02.0014;Rehabilitasi Jaringan Irigasi Permukaan;1.03.2.10.0.00.01.0000;DINAS PEKERJAAN UMUM DAN PENATAAN RUANG;5.1.02.02.008.00008;Belanja Jasa Konsultansi Perencanaan Rekayasa-Jasa Desain Rekayasa untuk Pekerjaan Teknik Sipil Air;26373040;33000000
2026;1.03.2.10.0.00.01.0000;DINAS PEKERJAAN UMUM DAN PENATAAN RUANG;1.03.02.2.02.0014;Rehabilitasi Jaringan Irigasi Permukaan;1.03.2.10.0.00.01.0000;DINAS PEKERJAAN UMUM DAN PENATAAN RUANG;5.2.04.02.001.00008;Belanja Modal Bangunan Air Irigasi Lainnya;0;412815950
2026;1.03.2.10.0.00.01.0000;DINAS PEKERJAAN UMUM DAN PENATAAN RUANG;1.03.02.2.02.0021;Operasi dan Pemeliharaan Jaringan Irigasi Permukaan;1.03.2.10.0.00.01.0000;DINAS PEKERJAAN UMUM DAN PENATAAN RUANG;5.1.02.01.001.00004;Belanja Bahan-Bahan Bakar dan Pelumas;0;0
2026;1.03.2.10.0.00.01.0000;DINAS PEKERJAAN UMUM DAN PENATAAN RUANG;1.03.02.2.02.0021;Operasi dan Pemeliharaan Jaringan Irigasi Permukaan;1.03.2.10.0.00.01.0000;DINAS PEKERJAAN UMUM DAN PENATAAN RUANG;5.1.02.01.001.00024;Belanja Alat/Bahan untuk Kegiatan Kantor-Alat Tulis Kantor;1054223;2323300
2026;1.03.2.10.0.00.01.0000;DINAS PEKERJAAN UMUM DAN PENATAAN RUANG;1.03.02.2.02.0021;Operasi dan Pemeliharaan Jaringan Irigasi Permukaan;1.03.2.10.0.00.01.0000;DINAS PEKERJAAN UMUM DAN PENATAAN RUANG;5.1.02.01.001.00025;Belanja Alat/Bahan untuk Kegiatan Kantor- Kertas dan Cover;720834;1787000
2026;1.03.2.10.0.00.01.0000;DINAS PEKERJAAN UMUM DAN PENATAAN RUANG;1.03.02.2.02.0021;Operasi dan Pemeliharaan Jaringan Irigasi Permukaan;1.03.2.10.0.00.01.0000;DINAS PEKERJAAN UMUM DAN PENATAAN RUANG;5.1.02.01.001.00029;Belanja Alat/Bahan untuk Kegiatan Kantor-Bahan Komputer;817182;1508500
2026;1.03.2.10.0.00.01.0000;DINAS PEKERJAAN UMUM DAN PENATAAN RUANG;1.03.02.2.02.0021;Operasi dan Pemeliharaan Jaringan Irigasi Permukaan;1.03.2.10.0.00.01.0000;DINAS PEKERJAAN UMUM DAN PENATAAN RUANG;5.1.02.01.001.00052;Belanja Makanan dan Minuman Rapat;0;2576754
2026;1.03.2.10.0.00.01.0000;DINAS PEKERJAAN UMUM DAN PENATAAN RUANG;1.03.02.2.02.0021;Operasi dan Pemeliharaan Jaringan Irigasi Permukaan;1.03.2.10.0.00.01.0000;DINAS PEKERJAAN UMUM DAN PENATAAN RUANG;5.1.02.04.001.00001;Belanja Perjalanan Dinas Biasa;4796500;10650000
2026;1.03.2.10.0.00.01.0000;DINAS PEKERJAAN UMUM DAN PENATAAN RUANG;1.03.02.2.02.0021;Operasi dan Pemeliharaan Jaringan Irigasi Permukaan;1.03.2.10.0.00.01.0000;DINAS PEKERJAAN UMUM DAN PENATAAN RUANG;5.1.02.04.001.00003;Belanja Perjalanan Dinas Dalam Kota;4041620;11853446
2026;1.03.2.10.0.00.01.0000;DINAS PEKERJAAN UMUM DAN PENATAAN RUANG;1.03.02.2.02.0021;Operasi dan Pemeliharaan Jaringan Irigasi Permukaan;1.03.2.10.0.00.01.0000;DINAS PEKERJAAN UMUM DAN PENATAAN RUANG;5.2.04.02.001.00003;Belanja Modal Bangunan Pembawa Irigasi;0;0
2026;1.03.2.10.0.00.01.0000;DINAS PEKERJAAN UMUM DAN PENATAAN RUANG;1.03.02.2.02.0021;Operasi dan Pemeliharaan Jaringan Irigasi Permukaan;1.03.2.10.0.00.01.0000;DINAS PEKERJAAN UMUM DAN PENATAAN RUANG;5.2.04.02.001.00008;Belanja Modal Bangunan Air Irigasi Lainnya;0;229301000
2026;1.03.2.10.0.00.01.0000;DINAS PEKERJAAN UMUM DAN PENATAAN RUANG;1.03.08.2.01.0020;Bantuan Teknis Pembangunan Bangunan Gedung Negara untuk Kepentingan Strategis Kabupaten/Kota;1.03.2.10.0.00.01.0000;DINAS PEKERJAAN UMUM DAN PENATAAN RUANG;5.1.02.01.001.00004;Belanja Bahan-Bahan Bakar dan Pelumas;0;0
2026;1.03.2.10.0.00.01.0000;DINAS PEKERJAAN UMUM DAN PENATAAN RUANG;1.03.08.2.01.0020;Bantuan Teknis Pembangunan Bangunan Gedung Negara untuk Kepentingan Strategis Kabupaten/Kota;1.03.2.10.0.00.01.0000;DINAS PEKERJAAN UMUM DAN PENATAAN RUANG;5.1.02.01.001.00024;Belanja Alat/Bahan untuk Kegiatan Kantor-Alat Tulis Kantor;313797;1899450
2026;1.03.2.10.0.00.01.0000;DINAS PEKERJAAN UMUM DAN PENATAAN RUANG;1.03.08.2.01.0020;Bantuan Teknis Pembangunan Bangunan Gedung Negara untuk Kepentingan Strategis Kabupaten/Kota;1.03.2.10.0.00.01.0000;DINAS PEKERJAAN UMUM DAN PENATAAN RUANG;5.1.02.01.001.00025;Belanja Alat/Bahan untuk Kegiatan Kantor- Kertas dan Cover;291930;1668600
2026;1.03.2.10.0.00.01.0000;DINAS PEKERJAAN UMUM DAN PENATAAN RUANG;1.03.08.2.01.0020;Bantuan Teknis Pembangunan Bangunan Gedung Negara untuk Kepentingan Strategis Kabupaten/Kota;1.03.2.10.0.00.01.0000;DINAS PEKERJAAN UMUM DAN PENATAAN RUANG;5.1.02.01.001.00029;Belanja Alat/Bahan untuk Kegiatan Kantor-Bahan Komputer;591630;1205600
2026;1.03.2.10.0.00.01.0000;DINAS PEKERJAAN UMUM DAN PENATAAN RUANG;1.03.08.2.01.0020;Bantuan Teknis Pembangunan Bangunan Gedung Negara untuk Kepentingan Strategis Kabupaten/Kota;1.03.2.10.0.00.01.0000;DINAS PEKERJAAN UMUM DAN PENATAAN RUANG;5.1.02.01.001.00052;Belanja Makanan dan Minuman Rapat;429000;3026000
2026;1.03.2.10.0.00.01.0000;DINAS PEKERJAAN UMUM DAN PENATAAN RUANG;1.03.08.2.01.0020;Bantuan Teknis Pembangunan Bangunan Gedung Negara untuk Kepentingan Strategis Kabupaten/Kota;1.03.2.10.0.00.01.0000;DINAS PEKERJAAN UMUM DAN PENATAAN RUANG;5.1.02.04.001.00001;Belanja Perjalanan Dinas Biasa;2235000;13138000
2026;1.03.2.10.0.00.01.0000;DINAS PEKERJAAN UMUM DAN PENATAAN RUANG;1.03.08.2.01.0020;Bantuan Teknis Pembangunan Bangunan Gedung Negara untuk Kepentingan Strategis Kabupaten/Kota;1.03.2.10.0.00.01.0000;DINAS PEKERJAAN UMUM DAN PENATAAN RUANG;5.1.02.04.001.00003;Belanja Perjalanan Dinas Dalam Kota;6048850;16237100
2026;1.03.2.10.0.00.01.0000;DINAS PEKERJAAN UMUM DAN PENATAAN RUANG;1.03.08.2.01.0021;Pembangunan, Pemanfaatan, Pelestariaan dan Pembongkaran Bangunan Gedung untuk Kepentingan Strategis Daerah Kabupaten/Kota;1.03.2.10.0.00.01.0000;DINAS PEKERJAAN UMUM DAN PENATAAN RUANG;5.1.02.01.001.00024;Belanja Alat/Bahan untuk Kegiatan Kantor-Alat Tulis Kantor;762570;1449900
2026;1.03.2.10.0.00.01.0000;DINAS PEKERJAAN UMUM DAN PENATAAN RUANG;1.03.08.2.01.0021;Pembangunan, Pemanfaatan, Pelestariaan dan Pembongkaran Bangunan Gedung untuk Kepentingan Strategis Daerah Kabupaten/Kota;1.03.2.10.0.00.01.0000;DINAS PEKERJAAN UMUM DAN PENATAAN RUANG;5.1.02.01.001.00025;Belanja Alat/Bahan untuk Kegiatan Kantor- Kertas dan Cover;291930;695250
2026;1.03.2.10.0.00.01.0000;DINAS PEKERJAAN UMUM DAN PENATAAN RUANG;1.03.08.2.01.0021;Pembangunan, Pemanfaatan, Pelestariaan dan Pembongkaran Bangunan Gedung untuk Kepentingan Strategis Daerah Kabupaten/Kota;1.03.2.10.0.00.01.0000;DINAS PEKERJAAN UMUM DAN PENATAAN RUANG;5.1.02.01.001.00029;Belanja Alat/Bahan untuk Kegiatan Kantor-Bahan Komputer;301920;854800
2026;1.03.2.10.0.00.01.0000;DINAS PEKERJAAN UMUM DAN PENATAAN RUANG;1.03.08.2.01.0021;Pembangunan, Pemanfaatan, Pelestariaan dan Pembongkaran Bangunan Gedung untuk Kepentingan Strategis Daerah Kabupaten/Kota;1.03.2.10.0.00.01.0000;DINAS PEKERJAAN UMUM DAN PENATAAN RUANG;5.1.02.01.001.00039;Belanja Barang untuk Dijual/Diserahkan kepada Masyarakat;284998100;690186625
2026;1.03.2.10.0.00.01.0000;DINAS PEKERJAAN UMUM DAN PENATAAN RUANG;1.03.08.2.01.0021;Pembangunan, Pemanfaatan, Pelestariaan dan Pembongkaran Bangunan Gedung untuk Kepentingan Strategis Daerah Kabupaten/Kota;1.03.2.10.0.00.01.0000;DINAS PEKERJAAN UMUM DAN PENATAAN RUANG;5.1.02.02.008.00002;Belanja Jasa Konsultansi Perencanaan Arsitektur-Jasa Desain Arsitektural;0;29440125
2026;1.03.2.10.0.00.01.0000;DINAS PEKERJAAN UMUM DAN PENATAAN RUANG;1.03.08.2.01.0021;Pembangunan, Pemanfaatan, Pelestariaan dan Pembongkaran Bangunan Gedung untuk Kepentingan Strategis Daerah Kabupaten/Kota;1.03.2.10.0.00.01.0000;DINAS PEKERJAAN UMUM DAN PENATAAN RUANG;5.2.03.01.001.00001;Belanja Modal Bangunan Gedung Kantor;374640200;1158533915
2026;1.03.2.10.0.00.01.0000;DINAS PEKERJAAN UMUM DAN PENATAAN RUANG;1.03.08.2.01.0021;Pembangunan, Pemanfaatan, Pelestariaan dan Pembongkaran Bangunan Gedung untuk Kepentingan Strategis Daerah Kabupaten/Kota;1.03.2.10.0.00.01.0000;DINAS PEKERJAAN UMUM DAN PENATAAN RUANG;5.2.03.01.001.00008;Belanja Modal Bangunan Gedung Tempat Ibadah;0;490186625
2026;1.03.2.10.0.00.01.0000;DINAS PEKERJAAN UMUM DAN PENATAAN RUANG;1.03.10.2.01.0051;Pemeliharaan Rutin Jalan;1.03.2.10.0.00.01.0000;DINAS PEKERJAAN UMUM DAN PENATAAN RUANG;5.1.02.01.001.00004;Belanja Bahan-Bahan Bakar dan Pelumas;0;0
2026;1.03.2.10.0.00.01.0000;DINAS PEKERJAAN UMUM DAN PENATAAN RUANG;1.03.10.2.01.0051;Pemeliharaan Rutin Jalan;1.03.2.10.0.00.01.0000;DINAS PEKERJAAN UMUM DAN PENATAAN RUANG;5.1.02.01.001.00024;Belanja Alat/Bahan untuk Kegiatan Kantor-Alat Tulis Kantor;1044832;2002400
2026;1.03.2.10.0.00.01.0000;DINAS PEKERJAAN UMUM DAN PENATAAN RUANG;1.03.10.2.01.0051;Pemeliharaan Rutin Jalan;1.03.2.10.0.00.01.0000;DINAS PEKERJAAN UMUM DAN PENATAAN RUANG;5.1.02.01.001.00025;Belanja Alat/Bahan untuk Kegiatan Kantor- Kertas dan Cover;656010;1389800
2026;1.03.2.10.0.00.01.0000;DINAS PEKERJAAN UMUM DAN PENATAAN RUANG;1.03.10.2.01.0051;Pemeliharaan Rutin Jalan;1.03.2.10.0.00.01.0000;DINAS PEKERJAAN UMUM DAN PENATAAN RUANG;5.1.02.01.001.00029;Belanja Alat/Bahan untuk Kegiatan Kantor-Bahan Komputer;915750;1483850
2026;1.03.2.10.0.00.01.0000;DINAS PEKERJAAN UMUM DAN PENATAAN RUANG;1.03.10.2.01.0051;Pemeliharaan Rutin Jalan;1.03.2.10.0.00.01.0000;DINAS PEKERJAAN UMUM DAN PENATAAN RUANG;5.1.02.01.001.00052;Belanja Makanan dan Minuman Rapat;0;5017300
2026;1.03.2.10.0.00.01.0000;DINAS PEKERJAAN UMUM DAN PENATAAN RUANG;1.03.10.2.01.0051;Pemeliharaan Rutin Jalan;1.03.2.10.0.00.01.0000;DINAS PEKERJAAN UMUM DAN PENATAAN RUANG;5.1.02.03.004.00003;Belanja Pemeliharaan Jalan dan Jembatan-Jalan-Jalan Kabupaten;1528085027;4644778937
2026;1.03.2.10.0.00.01.0000;DINAS PEKERJAAN UMUM DAN PENATAAN RUANG;1.03.10.2.01.0051;Pemeliharaan Rutin Jalan;1.03.2.10.0.00.01.0000;DINAS PEKERJAAN UMUM DAN PENATAAN RUANG;5.1.02.04.001.00001;Belanja Perjalanan Dinas Biasa;16285930;40300000
2026;1.03.2.10.0.00.01.0000;DINAS PEKERJAAN UMUM DAN PENATAAN RUANG;1.03.10.2.01.0051;Pemeliharaan Rutin Jalan;1.03.2.10.0.00.01.0000;DINAS PEKERJAAN UMUM DAN PENATAAN RUANG;5.1.02.04.001.00003;Belanja Perjalanan Dinas Dalam Kota;6476686;14700000
2026;1.03.2.10.0.00.01.0000;DINAS PEKERJAAN UMUM DAN PENATAAN RUANG;1.03.10.2.01.0051;Pemeliharaan Rutin Jalan;1.03.2.10.0.00.01.0000;DINAS PEKERJAAN UMUM DAN PENATAAN RUANG;5.2.04.01.001.00003;Belanja Modal Jalan Kabupaten;0;0
2026;1.03.2.10.0.00.01.0000;DINAS PEKERJAAN UMUM DAN PENATAAN RUANG;1.03.10.2.01.0055;Rehabilitasi Jalan;1.03.2.10.0.00.01.0000;DINAS PEKERJAAN UMUM DAN PENATAAN RUANG;5.1.02.02.008.00009;Belanja Jasa Konsultansi Perencanaan Rekayasa-Jasa Desain Rekayasa untuk Pekerjaan Teknik Sipil Tran;224791000;300000000
2026;1.03.2.10.0.00.01.0000;DINAS PEKERJAAN UMUM DAN PENATAAN RUANG;1.03.10.2.01.0055;Rehabilitasi Jalan;1.03.2.10.0.00.01.0000;DINAS PEKERJAAN UMUM DAN PENATAAN RUANG;5.1.02.02.008.00018;Belanja Jasa Konsultansi Pengawasan Arsitektur;0;57360000
2026;1.03.2.10.0.00.01.0000;DINAS PEKERJAAN UMUM DAN PENATAAN RUANG;1.03.10.2.01.0055;Rehabilitasi Jalan;1.03.2.10.0.00.01.0000;DINAS PEKERJAAN UMUM DAN PENATAAN RUANG;5.1.02.02.008.00032;Belanja Jasa Konsultansi Lainnya-Jasa Konsultansi Lingkungan;0;130000000
2026;1.03.2.10.0.00.01.0000;DINAS PEKERJAAN UMUM DAN PENATAAN RUANG;1.03.10.2.01.0055;Rehabilitasi Jalan;1.03.2.10.0.00.01.0000;DINAS PEKERJAAN UMUM DAN PENATAAN RUANG;5.2.04.01.001.00003;Belanja Modal Jalan Kabupaten;0;22985366454
2026;1.03.2.10.0.00.01.0000;DINAS PEKERJAAN UMUM DAN PENATAAN RUANG;1.03.10.2.01.0057;Penggantian Jembatan;1.03.2.10.0.00.01.0000;DINAS PEKERJAAN UMUM DAN PENATAAN RUANG;5.1.02.02.008.00018;Belanja Jasa Konsultansi Pengawasan Arsitektur;0;86040000
2026;1.03.2.10.0.00.01.0000;DINAS PEKERJAAN UMUM DAN PENATAAN RUANG;1.03.10.2.01.0057;Penggantian Jembatan;1.03.2.10.0.00.01.0000;DINAS PEKERJAAN UMUM DAN PENATAAN RUANG;5.2.04.01.002.00003;Belanja Modal Jembatan pada Jalan Kabupaten;3315544653;1006337377326
2026;1.03.2.10.0.00.01.0000;DINAS PEKERJAAN UMUM DAN PENATAAN RUANG;1.03.10.2.01.0059;Rekonstruksi Jalan;1.03.2.10.0.00.01.0000;DINAS PEKERJAAN UMUM DAN PENATAAN RUANG;5.2.04.01.001.00003;Belanja Modal Jalan Kabupaten;0;2280976187
2026;1.03.2.10.0.00.01.0000;DINAS PEKERJAAN UMUM DAN PENATAAN RUANG;1.03.11.2.01.0016;Pelatihan Tenaga Kerja Konstruksi Kualifikasi Jabatan Operator, Teknisi atau Analis;1.03.2.10.0.00.01.0000;DINAS PEKERJAAN UMUM DAN PENATAAN RUANG;5.1.02.01.001.00024;Belanja Alat/Bahan untuk Kegiatan Kantor-Alat Tulis Kantor;628821;741550
2026;1.03.2.10.0.00.01.0000;DINAS PEKERJAAN UMUM DAN PENATAAN RUANG;1.03.11.2.01.0016;Pelatihan Tenaga Kerja Konstruksi Kualifikasi Jabatan Operator, Teknisi atau Analis;1.03.2.10.0.00.01.0000;DINAS PEKERJAAN UMUM DAN PENATAAN RUANG;5.1.02.01.001.00025;Belanja Alat/Bahan untuk Kegiatan Kantor- Kertas dan Cover;277223;333000
2026;1.03.2.10.0.00.01.0000;DINAS PEKERJAAN UMUM DAN PENATAAN RUANG;1.03.11.2.01.0016;Pelatihan Tenaga Kerja Konstruksi Kualifikasi Jabatan Operator, Teknisi atau Analis;1.03.2.10.0.00.01.0000;DINAS PEKERJAAN UMUM DAN PENATAAN RUANG;5.1.02.01.001.00029;Belanja Alat/Bahan untuk Kegiatan Kantor-Bahan Komputer;545343;634650
2026;1.03.2.10.0.00.01.0000;DINAS PEKERJAAN UMUM DAN PENATAAN RUANG;1.03.11.2.01.0016;Pelatihan Tenaga Kerja Konstruksi Kualifikasi Jabatan Operator, Teknisi atau Analis;1.03.2.10.0.00.01.0000;DINAS PEKERJAAN UMUM DAN PENATAAN RUANG;5.1.02.01.001.00052;Belanja Makanan dan Minuman Rapat;1704278;1899600
2026;1.03.2.10.0.00.01.0000;DINAS PEKERJAAN UMUM DAN PENATAAN RUANG;1.03.11.2.01.0016;Pelatihan Tenaga Kerja Konstruksi Kualifikasi Jabatan Operator, Teknisi atau Analis;1.03.2.10.0.00.01.0000;DINAS PEKERJAAN UMUM DAN PENATAAN RUANG;5.1.02.02.001.00003;Honorarium Narasumber atau Pembahas, Moderator, Pembawa Acara, dan Panitia;1800000;1800000
2026;1.03.2.10.0.00.01.0000;DINAS PEKERJAAN UMUM DAN PENATAAN RUANG;1.03.11.2.01.0016;Pelatihan Tenaga Kerja Konstruksi Kualifikasi Jabatan Operator, Teknisi atau Analis;1.03.2.10.0.00.01.0000;DINAS PEKERJAAN UMUM DAN PENATAAN RUANG;5.1.02.02.001.00048;Belanja Jasa Kontribusi Asosiasi;11000000;11000000
2026;1.03.2.10.0.00.01.0000;DINAS PEKERJAAN UMUM DAN PENATAAN RUANG;1.03.11.2.01.0016;Pelatihan Tenaga Kerja Konstruksi Kualifikasi Jabatan Operator, Teknisi atau Analis;1.03.2.10.0.00.01.0000;DINAS PEKERJAAN UMUM DAN PENATAAN RUANG;5.1.02.04.001.00001;Belanja Perjalanan Dinas Biasa;1608981;3465000
2026;1.03.2.10.0.00.01.0000;DINAS PEKERJAAN UMUM DAN PENATAAN RUANG;1.03.11.2.01.0016;Pelatihan Tenaga Kerja Konstruksi Kualifikasi Jabatan Operator, Teknisi atau Analis;1.03.2.10.0.00.01.0000;DINAS PEKERJAAN UMUM DAN PENATAAN RUANG;5.1.02.04.001.00003;Belanja Perjalanan Dinas Dalam Kota;1650000;1650000
2026;1.03.2.10.0.00.01.0000;DINAS PEKERJAAN UMUM DAN PENATAAN RUANG;1.03.12.2.01.0005;Pelaksanaan Persetujuan Substansi RTRW Kabupaten/Kota;1.03.2.10.0.00.01.0000;DINAS PEKERJAAN UMUM DAN PENATAAN RUANG;5.1.02.01.001.00024;Belanja Alat/Bahan untuk Kegiatan Kantor-Alat Tulis Kantor;1630923;6884200
2026;1.03.2.10.0.00.01.0000;DINAS PEKERJAAN UMUM DAN PENATAAN RUANG;1.03.12.2.01.0005;Pelaksanaan Persetujuan Substansi RTRW Kabupaten/Kota;1.03.2.10.0.00.01.0000;DINAS PEKERJAAN UMUM DAN PENATAAN RUANG;5.1.02.01.001.00025;Belanja Alat/Bahan untuk Kegiatan Kantor- Kertas dan Cover;1001775;1759500
2026;1.03.2.10.0.00.01.0000;DINAS PEKERJAAN UMUM DAN PENATAAN RUANG;1.03.12.2.01.0005;Pelaksanaan Persetujuan Substansi RTRW Kabupaten/Kota;1.03.2.10.0.00.01.0000;DINAS PEKERJAAN UMUM DAN PENATAAN RUANG;5.1.02.01.001.00029;Belanja Alat/Bahan untuk Kegiatan Kantor-Bahan Komputer;359640;1142800
2026;1.03.2.10.0.00.01.0000;DINAS PEKERJAAN UMUM DAN PENATAAN RUANG;1.03.12.2.01.0005;Pelaksanaan Persetujuan Substansi RTRW Kabupaten/Kota;1.03.2.10.0.00.01.0000;DINAS PEKERJAAN UMUM DAN PENATAAN RUANG;5.1.02.01.001.00052;Belanja Makanan dan Minuman Rapat;2475000;4610000
2026;1.03.2.10.0.00.01.0000;DINAS PEKERJAAN UMUM DAN PENATAAN RUANG;1.03.12.2.01.0005;Pelaksanaan Persetujuan Substansi RTRW Kabupaten/Kota;1.03.2.10.0.00.01.0000;DINAS PEKERJAAN UMUM DAN PENATAAN RUANG;5.1.02.02.008.00027;Belanja Jasa Konsultansi Spesialis-Jasa Pembuatan Peta;10000000;40000000
2026;1.03.2.10.0.00.01.0000;DINAS PEKERJAAN UMUM DAN PENATAAN RUANG;1.03.12.2.01.0005;Pelaksanaan Persetujuan Substansi RTRW Kabupaten/Kota;1.03.2.10.0.00.01.0000;DINAS PEKERJAAN UMUM DAN PENATAAN RUANG;5.1.02.04.001.00001;Belanja Perjalanan Dinas Biasa;25800750;45347500
2026;1.03.2.10.0.00.01.0000;DINAS PEKERJAAN UMUM DAN PENATAAN RUANG;1.03.12.2.01.0005;Pelaksanaan Persetujuan Substansi RTRW Kabupaten/Kota;1.03.2.10.0.00.01.0000;DINAS PEKERJAAN UMUM DAN PENATAAN RUANG;5.1.02.04.001.00003;Belanja Perjalanan Dinas Dalam Kota;0;256000
2026;1.03.2.10.0.00.01.0000;DINAS PEKERJAAN UMUM DAN PENATAAN RUANG;1.03.12.2.01.0006;Pelaksanaan Persetujuan Substansi RDTR Kabupaten/Kota;1.03.2.10.0.00.01.0000;DINAS PEKERJAAN UMUM DAN PENATAAN RUANG;5.1.02.01.001.00024;Belanja Alat/Bahan untuk Kegiatan Kantor-Alat Tulis Kantor;3000000;4561975
2026;1.03.2.10.0.00.01.0000;DINAS PEKERJAAN UMUM DAN PENATAAN RUANG;1.03.12.2.01.0006;Pelaksanaan Persetujuan Substansi RDTR Kabupaten/Kota;1.03.2.10.0.00.01.0000;DINAS PEKERJAAN UMUM DAN PENATAAN RUANG;5.1.02.01.001.00025;Belanja Alat/Bahan untuk Kegiatan Kantor- Kertas dan Cover;861360;1827400
2026;1.03.2.10.0.00.01.0000;DINAS PEKERJAAN UMUM DAN PENATAAN RUANG;1.03.12.2.01.0006;Pelaksanaan Persetujuan Substansi RDTR Kabupaten/Kota;1.03.2.10.0.00.01.0000;DINAS PEKERJAAN UMUM DAN PENATAAN RUANG;5.1.02.01.001.00029;Belanja Alat/Bahan untuk Kegiatan Kantor-Bahan Komputer;119880;571400
2026;1.03.2.10.0.00.01.0000;DINAS PEKERJAAN UMUM DAN PENATAAN RUANG;1.03.12.2.01.0006;Pelaksanaan Persetujuan Substansi RDTR Kabupaten/Kota;1.03.2.10.0.00.01.0000;DINAS PEKERJAAN UMUM DAN PENATAAN RUANG;5.1.02.01.001.00052;Belanja Makanan dan Minuman Rapat;0;8610000
2026;1.03.2.10.0.00.01.0000;DINAS PEKERJAAN UMUM DAN PENATAAN RUANG;1.03.12.2.01.0006;Pelaksanaan Persetujuan Substansi RDTR Kabupaten/Kota;1.03.2.10.0.00.01.0000;DINAS PEKERJAAN UMUM DAN PENATAAN RUANG;5.1.02.02.001.00003;Honorarium Narasumber atau Pembahas, Moderator, Pembawa Acara, dan Panitia;0;10450000
2026;1.03.2.10.0.00.01.0000;DINAS PEKERJAAN UMUM DAN PENATAAN RUANG;1.03.12.2.01.0006;Pelaksanaan Persetujuan Substansi RDTR Kabupaten/Kota;1.03.2.10.0.00.01.0000;DINAS PEKERJAAN UMUM DAN PENATAAN RUANG;5.1.02.02.008.00013;Belanja Jasa Konsultansi Perencanaan Rekayasa-Jasa Desain Rekayasa Lainnya;0;29440125
2026;1.03.2.10.0.00.01.0000;DINAS PEKERJAAN UMUM DAN PENATAAN RUANG;1.03.12.2.01.0006;Pelaksanaan Persetujuan Substansi RDTR Kabupaten/Kota;1.03.2.10.0.00.01.0000;DINAS PEKERJAAN UMUM DAN PENATAAN RUANG;5.1.02.02.008.00027;Belanja Jasa Konsultansi Spesialis-Jasa Pembuatan Peta;18437500;25000000
2026;1.03.2.10.0.00.01.0000;DINAS PEKERJAAN UMUM DAN PENATAAN RUANG;1.03.12.2.01.0006;Pelaksanaan Persetujuan Substansi RDTR Kabupaten/Kota;1.03.2.10.0.00.01.0000;DINAS PEKERJAAN UMUM DAN PENATAAN RUANG;5.1.02.04.001.00001;Belanja Perjalanan Dinas Biasa;2525000;18119100
2026;1.03.2.10.0.00.01.0000;DINAS PEKERJAAN UMUM DAN PENATAAN RUANG;1.03.12.2.01.0006;Pelaksanaan Persetujuan Substansi RDTR Kabupaten/Kota;1.03.2.10.0.00.01.0000;DINAS PEKERJAAN UMUM DAN PENATAAN RUANG;5.1.02.04.001.00003;Belanja Perjalanan Dinas Dalam Kota;0;1420000
2026;1.03.2.10.0.00.01.0000;DINAS PEKERJAAN UMUM DAN PENATAAN RUANG;2.10.04.2.01.0004;Mediasi Penyelesaian Kasus Pertanahan dalam 1 (satu) Daerah Kabupaten/Kota;1.03.2.10.0.00.01.0000;DINAS PEKERJAAN UMUM DAN PENATAAN RUANG;5.1.02.01.001.00001;Belanja Bahan-Bahan Bangunan dan Konstruksi;0;2160000
2026;1.03.2.10.0.00.01.0000;DINAS PEKERJAAN UMUM DAN PENATAAN RUANG;2.10.04.2.01.0004;Mediasi Penyelesaian Kasus Pertanahan dalam 1 (satu) Daerah Kabupaten/Kota;1.03.2.10.0.00.01.0000;DINAS PEKERJAAN UMUM DAN PENATAAN RUANG;5.1.02.01.001.00004;Belanja Bahan-Bahan Bakar dan Pelumas;0;0
2026;1.03.2.10.0.00.01.0000;DINAS PEKERJAAN UMUM DAN PENATAAN RUANG;2.10.04.2.01.0004;Mediasi Penyelesaian Kasus Pertanahan dalam 1 (satu) Daerah Kabupaten/Kota;1.03.2.10.0.00.01.0000;DINAS PEKERJAAN UMUM DAN PENATAAN RUANG;5.1.02.01.001.00024;Belanja Alat/Bahan untuk Kegiatan Kantor-Alat Tulis Kantor;2313462;4687300
2026;1.03.2.10.0.00.01.0000;DINAS PEKERJAAN UMUM DAN PENATAAN RUANG;2.10.04.2.01.0004;Mediasi Penyelesaian Kasus Pertanahan dalam 1 (satu) Daerah Kabupaten/Kota;1.03.2.10.0.00.01.0000;DINAS PEKERJAAN UMUM DAN PENATAAN RUANG;5.1.02.01.001.00025;Belanja Alat/Bahan untuk Kegiatan Kantor- Kertas dan Cover;2453100;7060600
2026;1.03.2.10.0.00.01.0000;DINAS PEKERJAAN UMUM DAN PENATAAN RUANG;2.10.04.2.01.0004;Mediasi Penyelesaian Kasus Pertanahan dalam 1 (satu) Daerah Kabupaten/Kota;1.03.2.10.0.00.01.0000;DINAS PEKERJAAN UMUM DAN PENATAAN RUANG;5.1.02.01.001.00029;Belanja Alat/Bahan untuk Kegiatan Kantor-Bahan Komputer;1187700;3092700
2026;1.03.2.10.0.00.01.0000;DINAS PEKERJAAN UMUM DAN PENATAAN RUANG;2.10.04.2.01.0004;Mediasi Penyelesaian Kasus Pertanahan dalam 1 (satu) Daerah Kabupaten/Kota;1.03.2.10.0.00.01.0000;DINAS PEKERJAAN UMUM DAN PENATAAN RUANG;5.1.02.01.001.00052;Belanja Makanan dan Minuman Rapat;1768800;12686800
2026;1.03.2.10.0.00.01.0000;DINAS PEKERJAAN UMUM DAN PENATAAN RUANG;2.10.04.2.01.0004;Mediasi Penyelesaian Kasus Pertanahan dalam 1 (satu) Daerah Kabupaten/Kota;1.03.2.10.0.00.01.0000;DINAS PEKERJAAN UMUM DAN PENATAAN RUANG;5.1.02.02.001.00003;Honorarium Narasumber atau Pembahas, Moderator, Pembawa Acara, dan Panitia;0;12000000
2026;1.03.2.10.0.00.01.0000;DINAS PEKERJAAN UMUM DAN PENATAAN RUANG;2.10.04.2.01.0004;Mediasi Penyelesaian Kasus Pertanahan dalam 1 (satu) Daerah Kabupaten/Kota;1.03.2.10.0.00.01.0000;DINAS PEKERJAAN UMUM DAN PENATAAN RUANG;5.1.02.02.001.00004;Honorarium Tim Pelaksana Kegiatan dan Sekretariat Tim Pelaksana Kegiatan;0;10950000
2026;1.03.2.10.0.00.01.0000;DINAS PEKERJAAN UMUM DAN PENATAAN RUANG;2.10.04.2.01.0004;Mediasi Penyelesaian Kasus Pertanahan dalam 1 (satu) Daerah Kabupaten/Kota;1.03.2.10.0.00.01.0000;DINAS PEKERJAAN UMUM DAN PENATAAN RUANG;5.1.02.02.001.00053;Belanja Jasa Pengukuran Tanah;0;0
2026;1.03.2.10.0.00.01.0000;DINAS PEKERJAAN UMUM DAN PENATAAN RUANG;2.10.04.2.01.0004;Mediasi Penyelesaian Kasus Pertanahan dalam 1 (satu) Daerah Kabupaten/Kota;1.03.2.10.0.00.01.0000;DINAS PEKERJAAN UMUM DAN PENATAAN RUANG;5.1.02.04.001.00001;Belanja Perjalanan Dinas Biasa;41685754;93594000
2026;1.03.2.10.0.00.01.0000;DINAS PEKERJAAN UMUM DAN PENATAAN RUANG;2.10.04.2.01.0004;Mediasi Penyelesaian Kasus Pertanahan dalam 1 (satu) Daerah Kabupaten/Kota;1.03.2.10.0.00.01.0000;DINAS PEKERJAAN UMUM DAN PENATAAN RUANG;5.1.02.04.001.00003;Belanja Perjalanan Dinas Dalam Kota;1483500;49940000
2026;1.03.2.10.0.00.01.0000;DINAS PEKERJAAN UMUM DAN PENATAAN RUANG;2.10.10.2.01.0003;Koordinasi dan Sinkronisasi Pelaksanaan Konsolidasi Tanah Kabupaten/Kota;1.03.2.10.0.00.01.0000;DINAS PEKERJAAN UMUM DAN PENATAAN RUANG;5.1.02.01.001.00001;Belanja Bahan-Bahan Bangunan dan Konstruksi;0;3600000
2026;1.03.2.10.0.00.01.0000;DINAS PEKERJAAN UMUM DAN PENATAAN RUANG;2.10.10.2.01.0003;Koordinasi dan Sinkronisasi Pelaksanaan Konsolidasi Tanah Kabupaten/Kota;1.03.2.10.0.00.01.0000;DINAS PEKERJAAN UMUM DAN PENATAAN RUANG;5.1.02.01.001.00004;Belanja Bahan-Bahan Bakar dan Pelumas;0;0
2026;1.03.2.10.0.00.01.0000;DINAS PEKERJAAN UMUM DAN PENATAAN RUANG;2.10.10.2.01.0003;Koordinasi dan Sinkronisasi Pelaksanaan Konsolidasi Tanah Kabupaten/Kota;1.03.2.10.0.00.01.0000;DINAS PEKERJAAN UMUM DAN PENATAAN RUANG;5.1.02.01.001.00024;Belanja Alat/Bahan untuk Kegiatan Kantor-Alat Tulis Kantor;915195;1377000
2026;1.03.2.10.0.00.01.0000;DINAS PEKERJAAN UMUM DAN PENATAAN RUANG;2.10.10.2.01.0003;Koordinasi dan Sinkronisasi Pelaksanaan Konsolidasi Tanah Kabupaten/Kota;1.03.2.10.0.00.01.0000;DINAS PEKERJAAN UMUM DAN PENATAAN RUANG;5.1.02.01.001.00025;Belanja Alat/Bahan untuk Kegiatan Kantor- Kertas dan Cover;1307580;2581000
2026;1.03.2.10.0.00.01.0000;DINAS PEKERJAAN UMUM DAN PENATAAN RUANG;2.10.10.2.01.0003;Koordinasi dan Sinkronisasi Pelaksanaan Konsolidasi Tanah Kabupaten/Kota;1.03.2.10.0.00.01.0000;DINAS PEKERJAAN UMUM DAN PENATAAN RUANG;5.1.02.01.001.00029;Belanja Alat/Bahan untuk Kegiatan Kantor-Bahan Komputer;719280;1257000
2026;1.03.2.10.0.00.01.0000;DINAS PEKERJAAN UMUM DAN PENATAAN RUANG;2.10.10.2.01.0003;Koordinasi dan Sinkronisasi Pelaksanaan Konsolidasi Tanah Kabupaten/Kota;1.03.2.10.0.00.01.0000;DINAS PEKERJAAN UMUM DAN PENATAAN RUANG;5.1.02.01.001.00052;Belanja Makanan dan Minuman Rapat;292600;10825000
2026;1.03.2.10.0.00.01.0000;DINAS PEKERJAAN UMUM DAN PENATAAN RUANG;2.10.10.2.01.0003;Koordinasi dan Sinkronisasi Pelaksanaan Konsolidasi Tanah Kabupaten/Kota;1.03.2.10.0.00.01.0000;DINAS PEKERJAAN UMUM DAN PENATAAN RUANG;5.1.02.02.001.00029;Belanja Jasa Tenaga Ahli;0;3500000
2026;1.03.2.10.0.00.01.0000;DINAS PEKERJAAN UMUM DAN PENATAAN RUANG;2.10.10.2.01.0003;Koordinasi dan Sinkronisasi Pelaksanaan Konsolidasi Tanah Kabupaten/Kota;1.03.2.10.0.00.01.0000;DINAS PEKERJAAN UMUM DAN PENATAAN RUANG;5.1.02.04.001.00003;Belanja Perjalanan Dinas Dalam Kota;1198000;40000000
